  Frequency            , V(ONOISE)            , RMS(V(ONOISE))       
  1.000000000000e-02  ,4.980772121090e-03  ,4.980772121090e-03  
  1.002305238078e-02  ,4.975041371882e-03  ,4.977907571167e-03  
  1.004615790278e-02  ,4.969317216976e-03  ,4.975041371884e-03  
  1.006931668852e-02  ,4.963599648786e-03  ,4.972175724716e-03  
  1.009252886077e-02  ,4.957888659733e-03  ,4.969310630611e-03  
  1.011579454260e-02  ,4.952184242247e-03  ,4.966446090518e-03  
  1.013911385737e-02  ,4.946486388767e-03  ,4.963582105386e-03  
  1.016248692871e-02  ,4.940795091741e-03  ,4.960718676164e-03  
  1.018591388054e-02  ,4.935110343626e-03  ,4.957855803798e-03  
  1.020939483708e-02  ,4.929432136885e-03  ,4.954993489237e-03  
  1.023292992281e-02  ,4.923760463994e-03  ,4.952131733428e-03  
  1.025651926251e-02  ,4.918095317434e-03  ,4.949270537319e-03  
  1.028016298126e-02  ,4.912436689696e-03  ,4.946409901855e-03  
  1.030386120442e-02  ,4.906784573280e-03  ,4.943549827983e-03  
  1.032761405761e-02  ,4.901138960695e-03  ,4.940690316648e-03  
  1.035142166679e-02  ,4.895499844457e-03  ,4.937831368797e-03  
  1.037528415818e-02  ,4.889867217092e-03  ,4.934972985374e-03  
  1.039920165829e-02  ,4.884241071134e-03  ,4.932115167325e-03  
  1.042317429393e-02  ,4.878621399125e-03  ,4.929257915593e-03  
  1.044720219221e-02  ,4.873008193618e-03  ,4.926401231124e-03  
  1.047128548051e-02  ,4.867401447171e-03  ,4.923545114860e-03  
  1.049542428652e-02  ,4.861801152354e-03  ,4.920689567744e-03  
  1.051961873823e-02  ,4.856207301743e-03  ,4.917834590721e-03  
  1.054386896391e-02  ,4.850619887924e-03  ,4.914980184733e-03  
  1.056817509214e-02  ,4.845038903490e-03  ,4.912126350721e-03  
  1.059253725177e-02  ,4.839464341046e-03  ,4.909273089628e-03  
  1.061695557199e-02  ,4.833896193201e-03  ,4.906420402395e-03  
  1.064143018224e-02  ,4.828334452575e-03  ,4.903568289964e-03  
  1.066596121230e-02  ,4.822779111796e-03  ,4.900716753275e-03  
  1.069054879223e-02  ,4.817230163501e-03  ,4.897865793269e-03  
  1.071519305238e-02  ,4.811687600336e-03  ,4.895015410885e-03  
  1.073989412341e-02  ,4.806151414952e-03  ,4.892165607063e-03  
  1.076465213630e-02  ,4.800621600013e-03  ,4.889316382742e-03  
  1.078946722230e-02  ,4.795098148189e-03  ,4.886467738862e-03  
  1.081433951298e-02  ,4.789581052159e-03  ,4.883619676360e-03  
  1.083926914021e-02  ,4.784070304610e-03  ,4.880772196175e-03  
  1.086425623617e-02  ,4.778565898237e-03  ,4.877925299244e-03  
  1.088930093333e-02  ,4.773067825745e-03  ,4.875078986505e-03  
  1.091440336449e-02  ,4.767576079846e-03  ,4.872233258895e-03  
  1.093956366272e-02  ,4.762090653261e-03  ,4.869388117349e-03  
  1.096478196143e-02  ,4.756611538720e-03  ,4.866543562804e-03  
  1.099005839433e-02  ,4.751138728959e-03  ,4.863699596195e-03  
  1.101539309541e-02  ,4.745672216726e-03  ,4.860856218459e-03  
  1.104078619902e-02  ,4.740211994774e-03  ,4.858013430529e-03  
  1.106623783978e-02  ,4.734758055865e-03  ,4.855171233340e-03  
  1.109174815262e-02  ,4.729310392772e-03  ,4.852329627826e-03  
  1.111731727282e-02  ,4.723868998273e-03  ,4.849488614921e-03  
  1.114294533592e-02  ,4.718433865155e-03  ,4.846648195557e-03  
  1.116863247781e-02  ,4.713004986216e-03  ,4.843808370669e-03  
  1.119437883467e-02  ,4.707582354258e-03  ,4.840969141187e-03  
  1.122018454302e-02  ,4.702165962095e-03  ,4.838130508043e-03  
  1.124604973967e-02  ,4.696755802547e-03  ,4.835292472170e-03  
  1.127197456176e-02  ,4.691351868443e-03  ,4.832455034499e-03  
  1.129795914673e-02  ,4.685954152620e-03  ,4.829618195959e-03  
  1.132400363236e-02  ,4.680562647925e-03  ,4.826781957481e-03  
  1.135010815672e-02  ,4.675177347210e-03  ,4.823946319996e-03  
  1.137627285823e-02  ,4.669798243338e-03  ,4.821111284431e-03  
  1.140249787561e-02  ,4.664425329179e-03  ,4.818276851717e-03  
  1.142878334790e-02  ,4.659058597611e-03  ,4.815443022781e-03  
  1.145512941446e-02  ,4.653698041521e-03  ,4.812609798552e-03  
  1.148153621497e-02  ,4.648343653804e-03  ,4.809777179958e-03  
  1.150800388944e-02  ,4.642995427362e-03  ,4.806945167924e-03  
  1.153453257821e-02  ,4.637653355106e-03  ,4.804113763378e-03  
  1.156112242192e-02  ,4.632317429957e-03  ,4.801282967247e-03  
  1.158777356155e-02  ,4.626987644841e-03  ,4.798452780456e-03  
  1.161448613840e-02  ,4.621663992694e-03  ,4.795623203930e-03  
  1.164126029410e-02  ,4.616346466459e-03  ,4.792794238594e-03  
  1.166809617061e-02  ,4.611035059089e-03  ,4.789965885373e-03  
  1.169499391020e-02  ,4.605729763543e-03  ,4.787138145190e-03  
  1.172195365548e-02  ,4.600430572790e-03  ,4.784311018970e-03  
  1.174897554940e-02  ,4.595137479805e-03  ,4.781484507635e-03  
  1.177605973521e-02  ,4.589850477572e-03  ,4.778658612107e-03  
  1.180320635652e-02  ,4.584569559084e-03  ,4.775833333310e-03  
  1.183041555725e-02  ,4.579294717342e-03  ,4.773008672164e-03  
  1.185768748167e-02  ,4.574025945353e-03  ,4.770184629590e-03  
  1.188502227437e-02  ,4.568763236134e-03  ,4.767361206510e-03  
  1.191242008027e-02  ,4.563506582709e-03  ,4.764538403844e-03  
  1.193988104464e-02  ,4.558255978111e-03  ,4.761716222511e-03  
  1.196740531307e-02  ,4.553011415381e-03  ,4.758894663431e-03  
  1.199499303149e-02  ,4.547772887567e-03  ,4.756073727522e-03  
  1.202264434617e-02  ,4.542540387725e-03  ,4.753253415703e-03  
  1.205035940372e-02  ,4.537313908921e-03  ,4.750433728891e-03  
  1.207813835107e-02  ,4.532093444225e-03  ,4.747614668005e-03  
  1.210598133550e-02  ,4.526878986720e-03  ,4.744796233961e-03  
  1.213388850465e-02  ,4.521670529493e-03  ,4.741978427674e-03  
  1.216186000646e-02  ,4.516468065641e-03  ,4.739161250062e-03  
  1.218989598925e-02  ,4.511271588267e-03  ,4.736344702040e-03  
  1.221799660165e-02  ,4.506081090485e-03  ,4.733528784522e-03  
  1.224616199265e-02  ,4.500896565415e-03  ,4.730713498422e-03  
  1.227439231158e-02  ,4.495718006184e-03  ,4.727898844656e-03  
  1.230268770812e-02  ,4.490545405929e-03  ,4.725084824136e-03  
  1.233104833229e-02  ,4.485378757793e-03  ,4.722271437774e-03  
  1.235947433445e-02  ,4.480218054928e-03  ,4.719458686485e-03  
  1.238796586530e-02  ,4.475063290494e-03  ,4.716646571178e-03  
  1.241652307592e-02  ,4.469914457659e-03  ,4.713835092767e-03  
  1.244514611771e-02  ,4.464771549598e-03  ,4.711024252161e-03  
  1.247383514243e-02  ,4.459634559494e-03  ,4.708214050271e-03  
  1.250259030218e-02  ,4.454503480538e-03  ,4.705404488008e-03  
  1.253141174941e-02  ,4.449378305929e-03  ,4.702595566279e-03  
  1.256029963695e-02  ,4.444259028874e-03  ,4.699787285995e-03  
  1.258925411794e-02  ,4.439145642588e-03  ,4.696979648062e-03  
  1.261827534591e-02  ,4.434038140292e-03  ,4.694172653390e-03  
  1.264736347471e-02  ,4.428936515218e-03  ,4.691366302886e-03  
  1.267651865858e-02  ,4.423840760603e-03  ,4.688560597456e-03  
  1.270574105209e-02  ,4.418750869693e-03  ,4.685755538006e-03  
  1.273503081017e-02  ,4.413666835741e-03  ,4.682951125442e-03  
  1.276438808811e-02  ,4.408588652009e-03  ,4.680147360670e-03  
  1.279381304158e-02  ,4.403516311765e-03  ,4.677344244593e-03  
  1.282330582656e-02  ,4.398449808287e-03  ,4.674541778116e-03  
  1.285286659944e-02  ,4.393389134859e-03  ,4.671739962143e-03  
  1.288249551693e-02  ,4.388334284774e-03  ,4.668938797577e-03  
  1.291219273614e-02  ,4.383285251330e-03  ,4.666138285319e-03  
  1.294195841450e-02  ,4.378242027837e-03  ,4.663338426273e-03  
  1.297179270984e-02  ,4.373204607609e-03  ,4.660539221339e-03  
  1.300169578033e-02  ,4.368172983970e-03  ,4.657740671418e-03  
  1.303166778452e-02  ,4.363147150250e-03  ,4.654942777411e-03  
  1.306170888132e-02  ,4.358127099788e-03  ,4.652145540217e-03  
  1.309181922999e-02  ,4.353112825929e-03  ,4.649348960735e-03  
  1.312199899019e-02  ,4.348104322028e-03  ,4.646553039865e-03  
  1.315224832192e-02  ,4.343101581446e-03  ,4.643757778503e-03  
  1.318256738556e-02  ,4.338104597552e-03  ,4.640963177549e-03  
  1.321295634187e-02  ,4.333113363722e-03  ,4.638169237898e-03  
  1.324341535195e-02  ,4.328127873342e-03  ,4.635375960448e-03  
  1.327394457730e-02  ,4.323148119803e-03  ,4.632583346094e-03  
  1.330454417978e-02  ,4.318174096504e-03  ,4.629791395731e-03  
  1.333521432163e-02  ,4.313205796852e-03  ,4.627000110254e-03  
  1.336595516546e-02  ,4.308243214263e-03  ,4.624209490558e-03  
  1.339676687426e-02  ,4.303286342159e-03  ,4.621419537535e-03  
  1.342764961138e-02  ,4.298335173969e-03  ,4.618630252079e-03  
  1.345860354056e-02  ,4.293389703130e-03  ,4.615841635083e-03  
  1.348962882592e-02  ,4.288449923089e-03  ,4.613053687438e-03  
  1.352072563194e-02  ,4.283515827297e-03  ,4.610266410036e-03  
  1.355189412351e-02  ,4.278587409214e-03  ,4.607479803766e-03  
  1.358313446587e-02  ,4.273664662308e-03  ,4.604693869521e-03  
  1.361444682466e-02  ,4.268747580054e-03  ,4.601908608188e-03  
  1.364583136589e-02  ,4.263836155934e-03  ,4.599124020657e-03  
  1.367728825596e-02  ,4.258930383440e-03  ,4.596340107817e-03  
  1.370881766165e-02  ,4.254030256067e-03  ,4.593556870555e-03  
  1.374041975013e-02  ,4.249135767322e-03  ,4.590774309758e-03  
  1.377209468894e-02  ,4.244246910717e-03  ,4.587992426313e-03  
  1.380384264603e-02  ,4.239363679771e-03  ,4.585211221107e-03  
  1.383566378972e-02  ,4.234486068013e-03  ,4.582430695024e-03  
  1.386755828872e-02  ,4.229614068978e-03  ,4.579650848949e-03  
  1.389952631213e-02  ,4.224747676206e-03  ,4.576871683767e-03  
  1.393156802945e-02  ,4.219886883250e-03  ,4.574093200362e-03  
  1.396368361056e-02  ,4.215031683664e-03  ,4.571315399615e-03  
  1.399587322573e-02  ,4.210182071016e-03  ,4.568538282411e-03  
  1.402813704562e-02  ,4.205338038875e-03  ,4.565761849630e-03  
  1.406047524130e-02  ,4.200499580822e-03  ,4.562986102154e-03  
  1.409288798422e-02  ,4.195666690443e-03  ,4.560211040864e-03  
  1.412537544623e-02  ,4.190839361333e-03  ,4.557436666639e-03  
  1.415793779957e-02  ,4.186017587093e-03  ,4.554662980359e-03  
  1.419057521689e-02  ,4.181201361333e-03  ,4.551889982902e-03  
  1.422328787123e-02  ,4.176390677668e-03  ,4.549117675148e-03  
  1.425607593602e-02  ,4.171585529722e-03  ,4.546346057973e-03  
  1.428893958511e-02  ,4.166785911126e-03  ,4.543575132254e-03  
  1.432187899274e-02  ,4.161991815518e-03  ,4.540804898868e-03  
  1.435489433354e-02  ,4.157203236544e-03  ,4.538035358690e-03  
  1.438798578256e-02  ,4.152420167857e-03  ,4.535266512596e-03  
  1.442115351525e-02  ,4.147642603117e-03  ,4.532498361460e-03  
  1.445439770746e-02  ,4.142870535992e-03  ,4.529730906155e-03  
  1.448771853545e-02  ,4.138103960156e-03  ,4.526964147556e-03  
  1.452111617588e-02  ,4.133342869292e-03  ,4.524198086533e-03  
  1.455459080582e-02  ,4.128587257088e-03  ,4.521432723960e-03  
  1.458814260275e-02  ,4.123837117242e-03  ,4.518668060708e-03  
  1.462177174457e-02  ,4.119092443458e-03  ,4.515904097647e-03  
  1.465547840956e-02  ,4.114353229446e-03  ,4.513140835647e-03  
  1.468926277644e-02  ,4.109619468925e-03  ,4.510378275578e-03  
  1.472312502433e-02  ,4.104891155620e-03  ,4.507616418308e-03  
  1.475706533276e-02  ,4.100168283264e-03  ,4.504855264705e-03  
  1.479108388168e-02  ,4.095450845598e-03  ,4.502094815638e-03  
  1.482518085146e-02  ,4.090738836369e-03  ,4.499335071972e-03  
  1.485935642287e-02  ,4.086032249330e-03  ,4.496576034574e-03  
  1.489361077711e-02  ,4.081331078244e-03  ,4.493817704309e-03  
  1.492794409579e-02  ,4.076635316879e-03  ,4.491060082042e-03  
  1.496235656094e-02  ,4.071944959011e-03  ,4.488303168637e-03  
  1.499684835502e-02  ,4.067259998424e-03  ,4.485546964958e-03  
  1.503141966090e-02  ,4.062580428908e-03  ,4.482791471868e-03  
  1.506607066187e-02  ,4.057906244259e-03  ,4.480036690229e-03  
  1.510080154164e-02  ,4.053237438284e-03  ,4.477282620902e-03  
  1.513561248436e-02  ,4.048574004792e-03  ,4.474529264748e-03  
  1.517050367459e-02  ,4.043915937604e-03  ,4.471776622627e-03  
  1.520547529732e-02  ,4.039263230545e-03  ,4.469024695400e-03  
  1.524052753797e-02  ,4.034615877448e-03  ,4.466273483925e-03  
  1.527566058238e-02  ,4.029973872153e-03  ,4.463522989059e-03  
  1.531087461682e-02  ,4.025337208508e-03  ,4.460773211661e-03  
  1.534616982799e-02  ,4.020705880366e-03  ,4.458024152588e-03  
  1.538154640303e-02  ,4.016079881590e-03  ,4.455275812696e-03  
  1.541700452950e-02  ,4.011459206047e-03  ,4.452528192839e-03  
  1.545254439538e-02  ,4.006843847613e-03  ,4.449781293874e-03  
  1.548816618912e-02  ,4.002233800170e-03  ,4.447035116653e-03  
  1.552387009958e-02  ,3.997629057609e-03  ,4.444289662031e-03  
  1.555965631605e-02  ,3.993029613826e-03  ,4.441544930861e-03  
  1.559552502827e-02  ,3.988435462724e-03  ,4.438800923994e-03  
  1.563147642641e-02  ,3.983846598213e-03  ,4.436057642282e-03  
  1.566751070108e-02  ,3.979263014213e-03  ,4.433315086576e-03  
  1.570362804334e-02  ,3.974684704647e-03  ,4.430573257725e-03  
  1.573982864466e-02  ,3.970111663446e-03  ,4.427832156579e-03  
  1.577611269699e-02  ,3.965543884551e-03  ,4.425091783987e-03  
  1.581248039270e-02  ,3.960981361905e-03  ,4.422352140796e-03  
  1.584893192461e-02  ,3.956424089463e-03  ,4.419613227854e-03  
  1.588546748598e-02  ,3.951872061182e-03  ,4.416875046007e-03  
  1.592208727051e-02  ,3.947325271030e-03  ,4.414137596102e-03  
  1.595879147237e-02  ,3.942783712981e-03  ,4.411400878983e-03  
  1.599558028615e-02  ,3.938247381014e-03  ,4.408664895495e-03  
  1.603245390690e-02  ,3.933716269117e-03  ,4.405929646481e-03  
  1.606941253013e-02  ,3.929190371284e-03  ,4.403195132785e-03  
  1.610645635178e-02  ,3.924669681516e-03  ,4.400461355249e-03  
  1.614358556826e-02  ,3.920154193821e-03  ,4.397728314714e-03  
  1.618080037643e-02  ,3.915643902214e-03  ,4.394996012022e-03  
  1.621810097359e-02  ,3.911138800717e-03  ,4.392264448012e-03  
  1.625548755750e-02  ,3.906638883359e-03  ,4.389533623524e-03  
  1.629296032640e-02  ,3.902144144175e-03  ,4.386803539397e-03  
  1.633051947894e-02  ,3.897654577207e-03  ,4.384074196469e-03  
  1.636816521428e-02  ,3.893170176505e-03  ,4.381345595576e-03  
  1.640589773200e-02  ,3.888690936125e-03  ,4.378617737557e-03  
  1.644371723215e-02  ,3.884216850130e-03  ,4.375890623246e-03  
  1.648162391525e-02  ,3.879747912590e-03  ,4.373164253479e-03  
  1.651961798229e-02  ,3.875284117581e-03  ,4.370438629090e-03  
  1.655769963470e-02  ,3.870825459186e-03  ,4.367713750913e-03  
  1.659586907438e-02  ,3.866371931497e-03  ,4.364989619780e-03  
  1.663412650370e-02  ,3.861923528610e-03  ,4.362266236524e-03  
  1.667247212551e-02  ,3.857480244628e-03  ,4.359543601977e-03  
  1.671090614311e-02  ,3.853042073663e-03  ,4.356821716969e-03  
  1.674942876026e-02  ,3.848609009832e-03  ,4.354100582331e-03  
  1.678804018123e-02  ,3.844181047259e-03  ,4.351380198890e-03  
  1.682674061070e-02  ,3.839758180075e-03  ,4.348660567477e-03  
  1.686553025389e-02  ,3.835340402418e-03  ,4.345941688919e-03  
  1.690440931643e-02  ,3.830927708432e-03  ,4.343223564042e-03  
  1.694337800447e-02  ,3.826520092268e-03  ,4.340506193674e-03  
  1.698243652462e-02  ,3.822117548084e-03  ,4.337789578639e-03  
  1.702158508395e-02  ,3.817720070045e-03  ,4.335073719763e-03  
  1.706082389003e-02  ,3.813327652322e-03  ,4.332358617869e-03  
  1.710015315090e-02  ,3.808940289094e-03  ,4.329644273781e-03  
  1.713957307508e-02  ,3.804557974544e-03  ,4.326930688322e-03  
  1.717908387158e-02  ,3.800180702865e-03  ,4.324217862313e-03  
  1.721868574986e-02  ,3.795808468254e-03  ,4.321505796575e-03  
  1.725837891990e-02  ,3.791441264917e-03  ,4.318794491929e-03  
  1.729816359215e-02  ,3.787079087064e-03  ,4.316083949194e-03  
  1.733803997754e-02  ,3.782721928914e-03  ,4.313374169189e-03  
  1.737800828749e-02  ,3.778369784692e-03  ,4.310665152731e-03  
  1.741806873392e-02  ,3.774022648629e-03  ,4.307956900639e-03  
  1.745822152920e-02  ,3.769680514964e-03  ,4.305249413728e-03  
  1.749846688625e-02  ,3.765343377940e-03  ,4.302542692814e-03  
  1.753880501842e-02  ,3.761011231809e-03  ,4.299836738713e-03  
  1.757923613959e-02  ,3.756684070830e-03  ,4.297131552238e-03  
  1.761976046412e-02  ,3.752361889266e-03  ,4.294427134203e-03  
  1.766037820686e-02  ,3.748044681389e-03  ,4.291723485420e-03  
  1.770108958317e-02  ,3.743732441477e-03  ,4.289020606701e-03  
  1.774189480890e-02  ,3.739425163814e-03  ,4.286318498858e-03  
  1.778279410039e-02  ,3.735122842690e-03  ,4.283617162700e-03  
  1.782378767448e-02  ,3.730825472404e-03  ,4.280916599038e-03  
  1.786487574852e-02  ,3.726533047259e-03  ,4.278216808679e-03  
  1.790605854035e-02  ,3.722245561566e-03  ,4.275517792432e-03  
  1.794733626833e-02  ,3.717963009643e-03  ,4.272819551103e-03  
  1.798870915129e-02  ,3.713685385812e-03  ,4.270122085500e-03  
  1.803017740860e-02  ,3.709412684403e-03  ,4.267425396428e-03  
  1.807174126011e-02  ,3.705144899755e-03  ,4.264729484692e-03  
  1.811340092620e-02  ,3.700882026210e-03  ,4.262034351095e-03  
  1.815515662773e-02  ,3.696624058117e-03  ,4.259339996441e-03  
  1.819700858610e-02  ,3.692370989833e-03  ,4.256646421533e-03  
  1.823895702320e-02  ,3.688122815721e-03  ,4.253953627171e-03  
  1.828100216143e-02  ,3.683879530151e-03  ,4.251261614157e-03  
  1.832314422371e-02  ,3.679641127496e-03  ,4.248570383291e-03  
  1.836538343348e-02  ,3.675407602141e-03  ,4.245879935372e-03  
  1.840772001469e-02  ,3.671178948473e-03  ,4.243190271199e-03  
  1.845015419179e-02  ,3.666955160888e-03  ,4.240501391568e-03  
  1.849268618978e-02  ,3.662736233788e-03  ,4.237813297278e-03  
  1.853531623415e-02  ,3.658522161579e-03  ,4.235125989123e-03  
  1.857804455092e-02  ,3.654312938678e-03  ,4.232439467900e-03  
  1.862087136663e-02  ,3.650108559504e-03  ,4.229753734402e-03  
  1.866379690835e-02  ,3.645909018485e-03  ,4.227068789423e-03  
  1.870682140366e-02  ,3.641714310055e-03  ,4.224384633756e-03  
  1.874994508067e-02  ,3.637524428653e-03  ,4.221701268193e-03  
  1.879316816803e-02  ,3.633339368727e-03  ,4.219018693525e-03  
  1.883649089490e-02  ,3.629159124729e-03  ,4.216336910542e-03  
  1.887991349096e-02  ,3.624983691118e-03  ,4.213655920035e-03  
  1.892343618645e-02  ,3.620813062361e-03  ,4.210975722790e-03  
  1.896705921211e-02  ,3.616647232928e-03  ,4.208296319598e-03  
  1.901078279923e-02  ,3.612486197300e-03  ,4.205617711243e-03  
  1.905460717963e-02  ,3.608329949960e-03  ,4.202939898514e-03  
  1.909853258566e-02  ,3.604178485399e-03  ,4.200262882195e-03  
  1.914255925021e-02  ,3.600031798115e-03  ,4.197586663070e-03  
  1.918668740670e-02  ,3.595889882612e-03  ,4.194911241924e-03  
  1.923091728910e-02  ,3.591752733399e-03  ,4.192236619539e-03  
  1.927524913191e-02  ,3.587620344994e-03  ,4.189562796698e-03  
  1.931968317017e-02  ,3.583492711919e-03  ,4.186889774182e-03  
  1.936421963947e-02  ,3.579369828702e-03  ,4.184217552770e-03  
  1.940885877593e-02  ,3.575251689880e-03  ,4.181546133244e-03  
  1.945360081623e-02  ,3.571138289994e-03  ,4.178875516381e-03  
  1.949844599758e-02  ,3.567029623591e-03  ,4.176205702959e-03  
  1.954339455775e-02  ,3.562925685227e-03  ,4.173536693757e-03  
  1.958844673506e-02  ,3.558826469461e-03  ,4.170868489548e-03  
  1.963360276836e-02  ,3.554731970860e-03  ,4.168201091110e-03  
  1.967886289707e-02  ,3.550642183997e-03  ,4.165534499217e-03  
  1.972422736115e-02  ,3.546557103451e-03  ,4.162868714642e-03  
  1.976969640112e-02  ,3.542476723809e-03  ,4.160203738159e-03  
  1.981527025805e-02  ,3.538401039660e-03  ,4.157539570538e-03  
  1.986094917357e-02  ,3.534330045604e-03  ,4.154876212553e-03  
  1.990673338987e-02  ,3.530263736244e-03  ,4.152213664972e-03  
  1.995262314969e-02  ,3.526202106190e-03  ,4.149551928565e-03  
  1.999861869633e-02  ,3.522145150060e-03  ,4.146891004101e-03  
  2.004472027365e-02  ,3.518092862476e-03  ,4.144230892347e-03  
  2.009092812609e-02  ,3.514045238067e-03  ,4.141571594071e-03  
  2.013724249862e-02  ,3.510002271467e-03  ,4.138913110039e-03  
  2.018366363682e-02  ,3.505963957319e-03  ,4.136255441015e-03  
  2.023019178678e-02  ,3.501930290269e-03  ,4.133598587764e-03  
  2.027682719521e-02  ,3.497901264972e-03  ,4.130942551050e-03  
  2.032357010936e-02  ,3.493876876087e-03  ,4.128287331635e-03  
  2.037042077706e-02  ,3.489857118279e-03  ,4.125632930280e-03  
  2.041737944669e-02  ,3.485841986221e-03  ,4.122979347748e-03  
  2.046444636725e-02  ,3.481831474591e-03  ,4.120326584796e-03  
  2.051162178826e-02  ,3.477825578074e-03  ,4.117674642186e-03  
  2.055890595984e-02  ,3.473824291359e-03  ,4.115023520674e-03  
  2.060629913270e-02  ,3.469827609143e-03  ,4.112373221019e-03  
  2.065380155810e-02  ,3.465835526129e-03  ,4.109723743977e-03  
  2.070141348791e-02  ,3.461848037026e-03  ,4.107075090304e-03  
  2.074913517455e-02  ,3.457865136548e-03  ,4.104427260753e-03  
  2.079696687104e-02  ,3.453886819416e-03  ,4.101780256080e-03  
  2.084490883097e-02  ,3.449913080357e-03  ,4.099134077037e-03  
  2.089296130854e-02  ,3.445943914105e-03  ,4.096488724376e-03  
  2.094112455851e-02  ,3.441979315397e-03  ,4.093844198849e-03  
  2.098939883623e-02  ,3.438019278981e-03  ,4.091200501206e-03  
  2.103778439766e-02  ,3.434063799606e-03  ,4.088557632196e-03  
  2.108628149933e-02  ,3.430112872029e-03  ,4.085915592568e-03  
  2.113489039837e-02  ,3.426166491015e-03  ,4.083274383070e-03  
  2.118361135248e-02  ,3.422224651332e-03  ,4.080634004448e-03  
  2.123244462000e-02  ,3.418287347756e-03  ,4.077994457448e-03  
  2.128139045983e-02  ,3.414354575068e-03  ,4.075355742816e-03  
  2.133044913147e-02  ,3.410426328055e-03  ,4.072717861296e-03  
  2.137962089502e-02  ,3.406502601511e-03  ,4.070080813631e-03  
  2.142890601120e-02  ,3.402583390235e-03  ,4.067444600562e-03  
  2.147830474130e-02  ,3.398668689032e-03  ,4.064809222833e-03  
  2.152781734724e-02  ,3.394758492714e-03  ,4.062174681183e-03  
  2.157744409153e-02  ,3.390852796098e-03  ,4.059540976351e-03  
  2.162718523727e-02  ,3.386951594007e-03  ,4.056908109077e-03  
  2.167704104820e-02  ,3.383054881270e-03  ,4.054276080099e-03  
  2.172701178864e-02  ,3.379162652722e-03  ,4.051644890154e-03  
  2.177709772353e-02  ,3.375274903205e-03  ,4.049014539977e-03  
  2.182729911843e-02  ,3.371391627566e-03  ,4.046385030303e-03  
  2.187761623950e-02  ,3.367512820657e-03  ,4.043756361868e-03  
  2.192804935350e-02  ,3.363638477337e-03  ,4.041128535404e-03  
  2.197859872785e-02  ,3.359768592471e-03  ,4.038501551644e-03  
  2.202926463053e-02  ,3.355903160930e-03  ,4.035875411319e-03  
  2.208004733019e-02  ,3.352042177590e-03  ,4.033250115160e-03  
  2.213094709606e-02  ,3.348185637334e-03  ,4.030625663897e-03  
  2.218196419800e-02  ,3.344333535051e-03  ,4.028002058258e-03  
  2.223309890651e-02  ,3.340485865634e-03  ,4.025379298971e-03  
  2.228435149270e-02  ,3.336642623983e-03  ,4.022757386764e-03  
  2.233572222830e-02  ,3.332803805005e-03  ,4.020136322361e-03  
  2.238721138568e-02  ,3.328969403612e-03  ,4.017516106490e-03  
  2.243881923783e-02  ,3.325139414721e-03  ,4.014896739873e-03  
  2.249054605836e-02  ,3.321313833256e-03  ,4.012278223234e-03  
  2.254239212152e-02  ,3.317492654146e-03  ,4.009660557295e-03  
  2.259435770221e-02  ,3.313675872326e-03  ,4.007043742777e-03  
  2.264644307593e-02  ,3.309863482738e-03  ,4.004427780403e-03  
  2.269864851884e-02  ,3.306055480329e-03  ,4.001812670889e-03  
  2.275097430772e-02  ,3.302251860051e-03  ,3.999198414957e-03  
  2.280342072000e-02  ,3.298452616862e-03  ,3.996585013322e-03  
  2.285598803375e-02  ,3.294657745728e-03  ,3.993972466703e-03  
  2.290867652768e-02  ,3.290867241617e-03  ,3.991360775814e-03  
  2.296148648112e-02  ,3.287081099507e-03  ,3.988749941371e-03  
  2.301441817408e-02  ,3.283299314379e-03  ,3.986139964088e-03  
  2.306747188720e-02  ,3.279521881220e-03  ,3.983530844678e-03  
  2.312064790176e-02  ,3.275748795024e-03  ,3.980922583853e-03  
  2.317394649968e-02  ,3.271980050789e-03  ,3.978315182324e-03  
  2.322736796357e-02  ,3.268215643520e-03  ,3.975708640801e-03  
  2.328091257665e-02  ,3.264455568229e-03  ,3.973102959995e-03  
  2.333458062281e-02  ,3.260699819930e-03  ,3.970498140612e-03  
  2.338837238659e-02  ,3.256948393647e-03  ,3.967894183361e-03  
  2.344228815320e-02  ,3.253201284406e-03  ,3.965291088948e-03  
  2.349632820848e-02  ,3.249458487241e-03  ,3.962688858079e-03  
  2.355049283896e-02  ,3.245719997192e-03  ,3.960087491459e-03  
  2.360478233181e-02  ,3.241985809303e-03  ,3.957486989790e-03  
  2.365919697486e-02  ,3.238255918625e-03  ,3.954887353775e-03  
  2.371373705662e-02  ,3.234530320214e-03  ,3.952288584118e-03  
  2.376840286625e-02  ,3.230809009132e-03  ,3.949690681517e-03  
  2.382319469359e-02  ,3.227091980447e-03  ,3.947093646674e-03  
  2.387811282913e-02  ,3.223379229232e-03  ,3.944497480286e-03  
  2.393315756405e-02  ,3.219670750566e-03  ,3.941902183053e-03  
  2.398832919019e-02  ,3.215966539533e-03  ,3.939307755670e-03  
  2.404362800007e-02  ,3.212266591224e-03  ,3.936714198834e-03  
  2.409905428687e-02  ,3.208570900735e-03  ,3.934121513241e-03  
  2.415460834445e-02  ,3.204879463168e-03  ,3.931529699584e-03  
  2.421029046736e-02  ,3.201192273630e-03  ,3.928938758556e-03  
  2.426610095082e-02  ,3.197509327233e-03  ,3.926348690850e-03  
  2.432204009074e-02  ,3.193830619096e-03  ,3.923759497157e-03  
  2.437810818369e-02  ,3.190156144343e-03  ,3.921171178167e-03  
  2.443430552694e-02  ,3.186485898105e-03  ,3.918583734569e-03  
  2.449063241845e-02  ,3.182819875515e-03  ,3.915997167053e-03  
  2.454708915685e-02  ,3.179158071716e-03  ,3.913411476305e-03  
  2.460367604148e-02  ,3.175500481854e-03  ,3.910826663011e-03  
  2.466039337234e-02  ,3.171847101080e-03  ,3.908242727858e-03  
  2.471724145016e-02  ,3.168197924553e-03  ,3.905659671529e-03  
  2.477422057633e-02  ,3.164552947436e-03  ,3.903077494708e-03  
  2.483133105296e-02  ,3.160912164897e-03  ,3.900496198079e-03  
  2.488857318282e-02  ,3.157275572111e-03  ,3.897915782321e-03  
  2.494594726943e-02  ,3.153643164259e-03  ,3.895336248117e-03  
  2.500345361696e-02  ,3.150014936524e-03  ,3.892757596145e-03  
  2.506109253032e-02  ,3.146390884099e-03  ,3.890179827084e-03  
  2.511886431510e-02  ,3.142771002181e-03  ,3.887602941612e-03  
  2.517676927759e-02  ,3.139155285970e-03  ,3.885026940406e-03  
  2.523480772481e-02  ,3.135543730675e-03  ,3.882451824141e-03  
  2.529297996446e-02  ,3.131936331509e-03  ,3.879877593493e-03  
  2.535128630498e-02  ,3.128333083690e-03  ,3.877304249134e-03  
  2.540972705549e-02  ,3.124733982443e-03  ,3.874731791738e-03  
  2.546830252585e-02  ,3.121139022998e-03  ,3.872160221976e-03  
  2.552701302661e-02  ,3.117548200588e-03  ,3.869589540519e-03  
  2.558585886906e-02  ,3.113961510456e-03  ,3.867019748038e-03  
  2.564484036518e-02  ,3.110378947847e-03  ,3.864450845201e-03  
  2.570395782769e-02  ,3.106800508013e-03  ,3.861882832675e-03  
  2.576321157003e-02  ,3.103226186210e-03  ,3.859315711128e-03  
  2.582260190635e-02  ,3.099655977702e-03  ,3.856749481226e-03  
  2.588212915153e-02  ,3.096089877755e-03  ,3.854184143633e-03  
  2.594179362119e-02  ,3.092527881645e-03  ,3.851619699013e-03  
  2.600159563165e-02  ,3.088969984648e-03  ,3.849056148030e-03  
  2.606153549999e-02  ,3.085416182050e-03  ,3.846493491344e-03  
  2.612161354399e-02  ,3.081866469141e-03  ,3.843931729618e-03  
  2.618183008219e-02  ,3.078320841215e-03  ,3.841370863511e-03  
  2.624218543384e-02  ,3.074779293573e-03  ,3.838810893682e-03  
  2.630267991895e-02  ,3.071241821521e-03  ,3.836251820789e-03  
  2.636331385825e-02  ,3.067708420370e-03  ,3.833693645488e-03  
  2.642408757322e-02  ,3.064179085437e-03  ,3.831136368436e-03  
  2.648500138607e-02  ,3.060653812044e-03  ,3.828579990288e-03  
  2.654605561975e-02  ,3.057132595518e-03  ,3.826024511697e-03  
  2.660725059799e-02  ,3.053615431193e-03  ,3.823469933317e-03  
  2.666858664521e-02  ,3.050102314407e-03  ,3.820916255800e-03  
  2.673006408663e-02  ,3.046593240504e-03  ,3.818363479795e-03  
  2.679168324819e-02  ,3.043088204831e-03  ,3.815811605954e-03  
  2.685344445658e-02  ,3.039587202744e-03  ,3.813260634926e-03  
  2.691534803927e-02  ,3.036090229603e-03  ,3.810710567357e-03  
  2.697739432445e-02  ,3.032597280772e-03  ,3.808161403895e-03  
  2.703958364109e-02  ,3.029108351621e-03  ,3.805613145186e-03  
  2.710191631891e-02  ,3.025623437528e-03  ,3.803065791875e-03  
  2.716439268839e-02  ,3.022142533871e-03  ,3.800519344606e-03  
  2.722701308078e-02  ,3.018665636038e-03  ,3.797973804020e-03  
  2.728977782808e-02  ,3.015192739421e-03  ,3.795429170762e-03  
  2.735268726307e-02  ,3.011723839416e-03  ,3.792885445470e-03  
  2.741574171928e-02  ,3.008258931426e-03  ,3.790342628785e-03  
  2.747894153102e-02  ,3.004798010857e-03  ,3.787800721346e-03  
  2.754228703338e-02  ,3.001341073124e-03  ,3.785259723791e-03  
  2.760577856220e-02  ,2.997888113643e-03  ,3.782719636756e-03  
  2.766941645411e-02  ,2.994439127839e-03  ,3.780180460876e-03  
  2.773320104652e-02  ,2.990994111140e-03  ,3.777642196788e-03  
  2.779713267759e-02  ,2.987553058980e-03  ,3.775104845124e-03  
  2.786121168630e-02  ,2.984115966798e-03  ,3.772568406517e-03  
  2.792543841237e-02  ,2.980682830039e-03  ,3.770032881599e-03  
  2.798981319634e-02  ,2.977253644151e-03  ,3.767498271000e-03  
  2.805433637952e-02  ,2.973828404591e-03  ,3.764964575350e-03  
  2.811900830399e-02  ,2.970407106817e-03  ,3.762431795278e-03  
  2.818382931264e-02  ,2.966989746296e-03  ,3.759899931411e-03  
  2.824879974916e-02  ,2.963576318498e-03  ,3.757368984375e-03  
  2.831391995799e-02  ,2.960166818899e-03  ,3.754838954797e-03  
  2.837919028441e-02  ,2.956761242980e-03  ,3.752309843300e-03  
  2.844461107448e-02  ,2.953359586227e-03  ,3.749781650509e-03  
  2.851018267504e-02  ,2.949961844131e-03  ,3.747254377045e-03  
  2.857590543375e-02  ,2.946568012188e-03  ,3.744728023530e-03  
  2.864177969907e-02  ,2.943178085902e-03  ,3.742202590584e-03  
  2.870780582025e-02  ,2.939792060778e-03  ,3.739678078827e-03  
  2.877398414736e-02  ,2.936409932329e-03  ,3.737154488877e-03  
  2.884031503127e-02  ,2.933031696071e-03  ,3.734631821351e-03  
  2.890679882365e-02  ,2.929657347528e-03  ,3.732110076865e-03  
  2.897343587701e-02  ,2.926286882227e-03  ,3.729589256034e-03  
  2.904022654464e-02  ,2.922920295701e-03  ,3.727069359474e-03  
  2.910717118067e-02  ,2.919557583487e-03  ,3.724550387796e-03  
  2.917427014001e-02  ,2.916198741129e-03  ,3.722032341613e-03  
  2.924152377843e-02  ,2.912843764174e-03  ,3.719515221536e-03  
  2.930893245250e-02  ,2.909492648176e-03  ,3.716999028174e-03  
  2.937649651961e-02  ,2.906145388694e-03  ,3.714483762138e-03  
  2.944421633799e-02  ,2.902801981290e-03  ,3.711969424034e-03  
  2.951209226666e-02  ,2.899462421534e-03  ,3.709456014469e-03  
  2.958012466551e-02  ,2.896126704999e-03  ,3.706943534050e-03  
  2.964831389524e-02  ,2.892794827264e-03  ,3.704431983382e-03  
  2.971666031738e-02  ,2.889466783913e-03  ,3.701921363067e-03  
  2.978516429429e-02  ,2.886142570534e-03  ,3.699411673708e-03  
  2.985382618918e-02  ,2.882822182722e-03  ,3.696902915908e-03  
  2.992264636608e-02  ,2.879505616076e-03  ,3.694395090266e-03  
  2.999162518988e-02  ,2.876192866200e-03  ,3.691888197383e-03  
  3.006076302628e-02  ,2.872883928703e-03  ,3.689382237856e-03  
  3.013006024186e-02  ,2.869578799200e-03  ,3.686877212284e-03  
  3.019951720402e-02  ,2.866277473310e-03  ,3.684373121262e-03  
  3.026913428101e-02  ,2.862979946657e-03  ,3.681869965386e-03  
  3.033891184194e-02  ,2.859686214871e-03  ,3.679367745251e-03  
  3.040885025676e-02  ,2.856396273586e-03  ,3.676866461448e-03  
  3.047894989628e-02  ,2.853110118441e-03  ,3.674366114572e-03  
  3.054921113215e-02  ,2.849827745082e-03  ,3.671866705212e-03  
  3.061963433691e-02  ,2.846549149157e-03  ,3.669368233958e-03  
  3.069021988391e-02  ,2.843274326322e-03  ,3.666870701401e-03  
  3.076096814741e-02  ,2.840003272235e-03  ,3.664374108127e-03  
  3.083187950249e-02  ,2.836735982562e-03  ,3.661878454724e-03  
  3.090295432514e-02  ,2.833472452971e-03  ,3.659383741777e-03  
  3.097419299216e-02  ,2.830212679137e-03  ,3.656889969872e-03  
  3.104559588128e-02  ,2.826956656740e-03  ,3.654397139591e-03  
  3.111716337106e-02  ,2.823704381464e-03  ,3.651905251518e-03  
  3.118889584094e-02  ,2.820455848999e-03  ,3.649414306234e-03  
  3.126079367124e-02  ,2.817211055038e-03  ,3.646924304319e-03  
  3.133285724316e-02  ,2.813969995282e-03  ,3.644435246354e-03  
  3.140508693876e-02  ,2.810732665434e-03  ,3.641947132916e-03  
  3.147748314101e-02  ,2.807499061203e-03  ,3.639459964584e-03  
  3.155004623375e-02  ,2.804269178305e-03  ,3.636973741932e-03  
  3.162277660168e-02  ,2.801043012457e-03  ,3.634488465536e-03  
  3.169567463043e-02  ,2.797820559385e-03  ,3.632004135971e-03  
  3.176874070650e-02  ,2.794601814816e-03  ,3.629520753810e-03  
  3.184197521726e-02  ,2.791386774485e-03  ,3.627038319624e-03  
  3.191537855101e-02  ,2.788175434130e-03  ,3.624556833984e-03  
  3.198895109691e-02  ,2.784967789496e-03  ,3.622076297461e-03  
  3.206269324505e-02  ,2.781763836331e-03  ,3.619596710622e-03  
  3.213660538640e-02  ,2.778563570387e-03  ,3.617118074037e-03  
  3.221068791283e-02  ,2.775366987424e-03  ,3.614640388271e-03  
  3.228494121713e-02  ,2.772174083205e-03  ,3.612163653890e-03  
  3.235936569296e-02  ,2.768984853498e-03  ,3.609687871458e-03  
  3.243396173493e-02  ,2.765799294076e-03  ,3.607213041540e-03  
  3.250872973854e-02  ,2.762617400717e-03  ,3.604739164696e-03  
  3.258367010020e-02  ,2.759439169203e-03  ,3.602266241489e-03  
  3.265878321723e-02  ,2.756264595322e-03  ,3.599794272479e-03  
  3.273406948788e-02  ,2.753093674867e-03  ,3.597323258225e-03  
  3.280952931131e-02  ,2.749926403634e-03  ,3.594853199285e-03  
  3.288516308760e-02  ,2.746762777426e-03  ,3.592384096216e-03  
  3.296097121774e-02  ,2.743602792050e-03  ,3.589915949573e-03  
  3.303695410368e-02  ,2.740446443317e-03  ,3.587448759912e-03  
  3.311311214826e-02  ,2.737293727045e-03  ,3.584982527787e-03  
  3.318944575526e-02  ,2.734144639054e-03  ,3.582517253749e-03  
  3.326595532940e-02  ,2.730999175170e-03  ,3.580052938351e-03  
  3.334264127632e-02  ,2.727857331225e-03  ,3.577589582143e-03  
  3.341950400261e-02  ,2.724719103055e-03  ,3.575127185674e-03  
  3.349654391578e-02  ,2.721584486499e-03  ,3.572665749493e-03  
  3.357376142429e-02  ,2.718453477405e-03  ,3.570205274147e-03  
  3.365115693755e-02  ,2.715326071620e-03  ,3.567745760183e-03  
  3.372873086589e-02  ,2.712202265002e-03  ,3.565287208144e-03  
  3.380648362060e-02  ,2.709082053408e-03  ,3.562829618576e-03  
  3.388441561392e-02  ,2.705965432704e-03  ,3.560372992021e-03  
  3.396252725904e-02  ,2.702852398760e-03  ,3.557917329021e-03  
  3.404081897010e-02  ,2.699742947448e-03  ,3.555462630116e-03  
  3.411929116219e-02  ,2.696637074648e-03  ,3.553008895847e-03  
  3.419794425137e-02  ,2.693534776243e-03  ,3.550556126752e-03  
  3.427677865464e-02  ,2.690436048122e-03  ,3.548104323368e-03  
  3.435579478999e-02  ,2.687340886177e-03  ,3.545653486231e-03  
  3.443499307633e-02  ,2.684249286306e-03  ,3.543203615878e-03  
  3.451437393358e-02  ,2.681161244412e-03  ,3.540754712841e-03  
  3.459393778261e-02  ,2.678076756402e-03  ,3.538306777655e-03  
  3.467368504525e-02  ,2.674995818187e-03  ,3.535859810852e-03  
  3.475361614432e-02  ,2.671918425684e-03  ,3.533413812961e-03  
  3.483373150360e-02  ,2.668844574814e-03  ,3.530968784513e-03  
  3.491403154786e-02  ,2.665774261504e-03  ,3.528524726038e-03  
  3.499451670283e-02  ,2.662707481683e-03  ,3.526081638061e-03  
  3.507518739526e-02  ,2.659644231288e-03  ,3.523639521110e-03  
  3.515604405283e-02  ,2.656584506257e-03  ,3.521198375711e-03  
  3.523708710425e-02  ,2.653528302537e-03  ,3.518758202388e-03  
  3.531831697919e-02  ,2.650475616076e-03  ,3.516319001663e-03  
  3.539973410834e-02  ,2.647426442828e-03  ,3.513880774059e-03  
  3.548133892336e-02  ,2.644380778752e-03  ,3.511443520098e-03  
  3.556313185690e-02  ,2.641338619811e-03  ,3.509007240299e-03  
  3.564511334262e-02  ,2.638299961974e-03  ,3.506571935181e-03  
  3.572728381519e-02  ,2.635264801212e-03  ,3.504137605261e-03  
  3.580964371026e-02  ,2.632233133503e-03  ,3.501704251057e-03  
  3.589219346450e-02  ,2.629204954828e-03  ,3.499271873084e-03  
  3.597493351557e-02  ,2.626180261176e-03  ,3.496840471856e-03  
  3.605786430216e-02  ,2.623159048535e-03  ,3.494410047888e-03  
  3.614098626396e-02  ,2.620141312903e-03  ,3.491980601690e-03  
  3.622429984167e-02  ,2.617127050279e-03  ,3.489552133775e-03  
  3.630780547701e-02  ,2.614116256669e-03  ,3.487124644651e-03  
  3.639150361272e-02  ,2.611108928082e-03  ,3.484698134829e-03  
  3.647539469256e-02  ,2.608105060532e-03  ,3.482272604817e-03  
  3.655947916131e-02  ,2.605104650037e-03  ,3.479848055120e-03  
  3.664375746478e-02  ,2.602107692622e-03  ,3.477424486244e-03  
  3.672823004981e-02  ,2.599114184314e-03  ,3.475001898695e-03  
  3.681289736425e-02  ,2.596124121146e-03  ,3.472580292975e-03  
  3.689775985701e-02  ,2.593137499153e-03  ,3.470159669587e-03  
  3.698281797803e-02  ,2.590154314380e-03  ,3.467740029032e-03  
  3.706807217826e-02  ,2.587174562870e-03  ,3.465321371810e-03  
  3.715352290972e-02  ,2.584198240675e-03  ,3.462903698420e-03  
  3.723917062546e-02  ,2.581225343851e-03  ,3.460487009361e-03  
  3.732501577957e-02  ,2.578255868456e-03  ,3.458071305128e-03  
  3.741105882720e-02  ,2.575289810556e-03  ,3.455656586218e-03  
  3.749730022455e-02  ,2.572327166219e-03  ,3.453242853125e-03  
  3.758374042884e-02  ,2.569367931518e-03  ,3.450830106342e-03  
  3.767037989839e-02  ,2.566412102532e-03  ,3.448418346362e-03  
  3.775721909254e-02  ,2.563459675342e-03  ,3.446007573677e-03  
  3.784425847171e-02  ,2.560510646037e-03  ,3.443597788776e-03  
  3.793149849737e-02  ,2.557565010706e-03  ,3.441188992148e-03  
  3.801893963205e-02  ,2.554622765447e-03  ,3.438781184281e-03  
  3.810658233938e-02  ,2.551683906359e-03  ,3.436374365663e-03  
  3.819442708400e-02  ,2.548748429548e-03  ,3.433968536778e-03  
  3.828247433168e-02  ,2.545816331122e-03  ,3.431563698112e-03  
  3.837072454923e-02  ,2.542887607196e-03  ,3.429159850147e-03  
  3.845917820453e-02  ,2.539962253888e-03  ,3.426756993367e-03  
  3.854783576658e-02  ,2.537040267321e-03  ,3.424355128252e-03  
  3.863669770541e-02  ,2.534121643623e-03  ,3.421954255282e-03  
  3.872576449216e-02  ,2.531206378924e-03  ,3.419554374937e-03  
  3.881503659906e-02  ,2.528294469361e-03  ,3.417155487694e-03  
  3.890451449943e-02  ,2.525385911074e-03  ,3.414757594031e-03  
  3.899419866765e-02  ,2.522480700210e-03  ,3.412360694422e-03  
  3.908408957924e-02  ,2.519578832917e-03  ,3.409964789343e-03  
  3.917418771078e-02  ,2.516680305349e-03  ,3.407569879266e-03  
  3.926449353996e-02  ,2.513785113665e-03  ,3.405175964665e-03  
  3.935500754558e-02  ,2.510893254027e-03  ,3.402783046010e-03  
  3.944573020753e-02  ,2.508004722603e-03  ,3.400391123771e-03  
  3.953666200681e-02  ,2.505119515564e-03  ,3.398000198418e-03  
  3.962780342554e-02  ,2.502237629086e-03  ,3.395610270418e-03  
  3.971915494694e-02  ,2.499359059351e-03  ,3.393221340238e-03  
  3.981071705535e-02  ,2.496483802541e-03  ,3.390833408343e-03  
  3.990249023621e-02  ,2.493611854848e-03  ,3.388446475198e-03  
  3.999447497611e-02  ,2.490743212464e-03  ,3.386060541267e-03  
  4.008667176273e-02  ,2.487877871588e-03  ,3.383675607011e-03  
  4.017908108489e-02  ,2.485015828421e-03  ,3.381291672892e-03  
  4.027170343254e-02  ,2.482157079172e-03  ,3.378908739370e-03  
  4.036453929676e-02  ,2.479301620049e-03  ,3.376526806903e-03  
  4.045758916974e-02  ,2.476449447270e-03  ,3.374145875950e-03  
  4.055085354484e-02  ,2.473600557054e-03  ,3.371765946966e-03  
  4.064433291652e-02  ,2.470754945626e-03  ,3.369387020408e-03  
  4.073802778041e-02  ,2.467912609213e-03  ,3.367009096731e-03  
  4.083193863327e-02  ,2.465073544048e-03  ,3.364632176386e-03  
  4.092606597300e-02  ,2.462237746370e-03  ,3.362256259826e-03  
  4.102041029866e-02  ,2.459405212419e-03  ,3.359881347503e-03  
  4.111497211045e-02  ,2.456575938441e-03  ,3.357507439866e-03  
  4.120975190973e-02  ,2.453749920687e-03  ,3.355134537365e-03  
  4.130475019901e-02  ,2.450927155410e-03  ,3.352762640445e-03  
  4.139996748197e-02  ,2.448107638871e-03  ,3.350391749555e-03  
  4.149540426343e-02  ,2.445291367331e-03  ,3.348021865140e-03  
  4.159106104940e-02  ,2.442478337059e-03  ,3.345652987644e-03  
  4.168693834703e-02  ,2.439668544326e-03  ,3.343285117509e-03  
  4.178303666466e-02  ,2.436861985408e-03  ,3.340918255179e-03  
  4.187935651179e-02  ,2.434058656586e-03  ,3.338552401093e-03  
  4.197589839910e-02  ,2.431258554144e-03  ,3.336187555693e-03  
  4.207266283844e-02  ,2.428461674370e-03  ,3.333823719415e-03  
  4.216965034286e-02  ,2.425668013559e-03  ,3.331460892699e-03  
  4.226686142656e-02  ,2.422877568007e-03  ,3.329099075980e-03  
  4.236429660495e-02  ,2.420090334017e-03  ,3.326738269693e-03  
  4.246195639463e-02  ,2.417306307893e-03  ,3.324378474274e-03  
  4.255984131337e-02  ,2.414525485947e-03  ,3.322019690154e-03  
  4.265795188016e-02  ,2.411747864492e-03  ,3.319661917765e-03  
  4.275628861516e-02  ,2.408973439848e-03  ,3.317305157539e-03  
  4.285485203974e-02  ,2.406202208338e-03  ,3.314949409905e-03  
  4.295364267649e-02  ,2.403434166287e-03  ,3.312594675291e-03  
  4.305266104917e-02  ,2.400669310029e-03  ,3.310240954125e-03  
  4.315190768278e-02  ,2.397907635898e-03  ,3.307888246834e-03  
  4.325138310350e-02  ,2.395149140235e-03  ,3.305536553841e-03  
  4.335108783875e-02  ,2.392393819382e-03  ,3.303185875572e-03  
  4.345102241716e-02  ,2.389641669690e-03  ,3.300836212449e-03  
  4.355118736856e-02  ,2.386892687509e-03  ,3.298487564894e-03  
  4.365158322402e-02  ,2.384146869197e-03  ,3.296139933327e-03  
  4.375221051582e-02  ,2.381404211115e-03  ,3.293793318168e-03  
  4.385306977750e-02  ,2.378664709627e-03  ,3.291447719835e-03  
  4.395416154378e-02  ,2.375928361103e-03  ,3.289103138745e-03  
  4.405548635065e-02  ,2.373195161916e-03  ,3.286759575315e-03  
  4.415704473533e-02  ,2.370465108444e-03  ,3.284417029959e-03  
  4.425883723626e-02  ,2.367738197069e-03  ,3.282075503092e-03  
  4.436086439314e-02  ,2.365014424176e-03  ,3.279734995125e-03  
  4.446312674691e-02  ,2.362293786156e-03  ,3.277395506471e-03  
  4.456562483975e-02  ,2.359576279402e-03  ,3.275057037540e-03  
  4.466835921509e-02  ,2.356861900313e-03  ,3.272719588740e-03  
  4.477133041763e-02  ,2.354150645292e-03  ,3.270383160482e-03  
  4.487453899331e-02  ,2.351442510746e-03  ,3.268047753170e-03  
  4.497798548933e-02  ,2.348737493084e-03  ,3.265713367212e-03  
  4.508167045414e-02  ,2.346035588723e-03  ,3.263380003011e-03  
  4.518559443749e-02  ,2.343336794081e-03  ,3.261047660972e-03  
  4.528975799036e-02  ,2.340641105581e-03  ,3.258716341497e-03  
  4.539416166502e-02  ,2.337948519651e-03  ,3.256386044988e-03  
  4.549880601500e-02  ,2.335259032722e-03  ,3.254056771844e-03  
  4.560369159513e-02  ,2.332572641230e-03  ,3.251728522465e-03  
  4.570881896149e-02  ,2.329889341614e-03  ,3.249401297249e-03  
  4.581418867145e-02  ,2.327209130318e-03  ,3.247075096592e-03  
  4.591980128369e-02  ,2.324532003790e-03  ,3.244749920891e-03  
  4.602565735813e-02  ,2.321857958482e-03  ,3.242425770539e-03  
  4.613175745604e-02  ,2.319186990850e-03  ,3.240102645930e-03  
  4.623810213992e-02  ,2.316519097353e-03  ,3.237780547457e-03  
  4.634469197363e-02  ,2.313854274457e-03  ,3.235459475510e-03  
  4.645152752227e-02  ,2.311192518628e-03  ,3.233139430480e-03  
  4.655860935229e-02  ,2.308533826341e-03  ,3.230820412756e-03  
  4.666593803143e-02  ,2.305878194070e-03  ,3.228502422725e-03  
  4.677351412872e-02  ,2.303225618297e-03  ,3.226185460774e-03  
  4.688133821452e-02  ,2.300576095506e-03  ,3.223869527288e-03  
  4.698941086052e-02  ,2.297929622185e-03  ,3.221554622652e-03  
  4.709773263969e-02  ,2.295286194827e-03  ,3.219240747249e-03  
  4.720630412636e-02  ,2.292645809929e-03  ,3.216927901461e-03  
  4.731512589615e-02  ,2.290008463991e-03  ,3.214616085669e-03  
  4.742419852602e-02  ,2.287374153518e-03  ,3.212305300252e-03  
  4.753352259428e-02  ,2.284742875018e-03  ,3.209995545591e-03  
  4.764309868054e-02  ,2.282114625005e-03  ,3.207686822061e-03  
  4.775292736577e-02  ,2.279489399994e-03  ,3.205379130039e-03  
  4.786300923226e-02  ,2.276867196508e-03  ,3.203072469901e-03  
  4.797334486367e-02  ,2.274248011070e-03  ,3.200766842021e-03  
  4.808393484497e-02  ,2.271631840210e-03  ,3.198462246772e-03  
  4.819477976251e-02  ,2.269018680459e-03  ,3.196158684526e-03  
  4.830588020398e-02  ,2.266408528355e-03  ,3.193856155653e-03  
  4.841723675841e-02  ,2.263801380439e-03  ,3.191554660522e-03  
  4.852885001621e-02  ,2.261197233255e-03  ,3.189254199504e-03  
  4.864072056914e-02  ,2.258596083352e-03  ,3.186954772964e-03  
  4.875284901034e-02  ,2.255997927282e-03  ,3.184656381269e-03  
  4.886523593428e-02  ,2.253402761603e-03  ,3.182359024784e-03  
  4.897788193684e-02  ,2.250810582875e-03  ,3.180062703873e-03  
  4.909078761526e-02  ,2.248221387661e-03  ,3.177767418898e-03  
  4.920395356814e-02  ,2.245635172532e-03  ,3.175473170222e-03  
  4.931738039549e-02  ,2.243051934060e-03  ,3.173179958205e-03  
  4.943106869868e-02  ,2.240471668819e-03  ,3.170887783206e-03  
  4.954501908048e-02  ,2.237894373393e-03  ,3.168596645583e-03  
  4.965923214503e-02  ,2.235320044363e-03  ,3.166306545694e-03  
  4.977370849789e-02  ,2.232748678319e-03  ,3.164017483894e-03  
  4.988844874600e-02  ,2.230180271854e-03  ,3.161729460539e-03  
  5.000345349770e-02  ,2.227614821562e-03  ,3.159442475982e-03  
  5.011872336273e-02  ,2.225052324043e-03  ,3.157156530575e-03  
  5.023425895224e-02  ,2.222492775903e-03  ,3.154871624670e-03  
  5.035006087879e-02  ,2.219936173749e-03  ,3.152587758618e-03  
  5.046612975635e-02  ,2.217382514192e-03  ,3.150304932767e-03  
  5.058246620031e-02  ,2.214831793847e-03  ,3.148023147466e-03  
  5.069907082747e-02  ,2.212284009336e-03  ,3.145742403060e-03  
  5.081594425605e-02  ,2.209739157280e-03  ,3.143462699897e-03  
  5.093308710572e-02  ,2.207197234308e-03  ,3.141184038321e-03  
  5.105049999754e-02  ,2.204658237051e-03  ,3.138906418675e-03  
  5.116818355403e-02  ,2.202122162143e-03  ,3.136629841301e-03  
  5.128613839913e-02  ,2.199589006223e-03  ,3.134354306541e-03  
  5.140436515824e-02  ,2.197058765935e-03  ,3.132079814734e-03  
  5.152286445817e-02  ,2.194531437925e-03  ,3.129806366221e-03  
  5.164163692721e-02  ,2.192007018844e-03  ,3.127533961337e-03  
  5.176068319505e-02  ,2.189485505345e-03  ,3.125262600421e-03  
  5.188000389289e-02  ,2.186966894088e-03  ,3.122992283808e-03  
  5.199959965335e-02  ,2.184451181735e-03  ,3.120723011832e-03  
  5.211947111051e-02  ,2.181938364951e-03  ,3.118454784825e-03  
  5.223961889991e-02  ,2.179428440406e-03  ,3.116187603122e-03  
  5.236004365857e-02  ,2.176921404774e-03  ,3.113921467051e-03  
  5.248074602498e-02  ,2.174417254732e-03  ,3.111656376944e-03  
  5.260172663907e-02  ,2.171915986961e-03  ,3.109392333129e-03  
  5.272298614228e-02  ,2.169417598148e-03  ,3.107129335934e-03  
  5.284452517752e-02  ,2.166922084980e-03  ,3.104867385684e-03  
  5.296634438916e-02  ,2.164429444150e-03  ,3.102606482706e-03  
  5.308844442310e-02  ,2.161939672355e-03  ,3.100346627323e-03  
  5.321082592668e-02  ,2.159452766296e-03  ,3.098087819859e-03  
  5.333348954876e-02  ,2.156968722676e-03  ,3.095830060635e-03  
  5.345643593970e-02  ,2.154487538203e-03  ,3.093573349973e-03  
  5.357966575133e-02  ,2.152009209590e-03  ,3.091317688191e-03  
  5.370317963702e-02  ,2.149533733551e-03  ,3.089063075608e-03  
  5.382697825163e-02  ,2.147061106806e-03  ,3.086809512542e-03  
  5.395106225151e-02  ,2.144591326078e-03  ,3.084556999310e-03  
  5.407543229456e-02  ,2.142124388094e-03  ,3.082305536225e-03  
  5.420008904016e-02  ,2.139660289584e-03  ,3.080055123602e-03  
  5.432503314924e-02  ,2.137199027284e-03  ,3.077805761754e-03  
  5.445026528424e-02  ,2.134740597930e-03  ,3.075557450993e-03  
  5.457578610912e-02  ,2.132284998266e-03  ,3.073310191628e-03  
  5.470159628939e-02  ,2.129832225036e-03  ,3.071063983971e-03  
  5.482769649208e-02  ,2.127382274991e-03  ,3.068818828328e-03  
  5.495408738576e-02  ,2.124935144883e-03  ,3.066574725007e-03  
  5.508076964054e-02  ,2.122490831469e-03  ,3.064331674314e-03  
  5.520774392807e-02  ,2.120049331510e-03  ,3.062089676555e-03  
  5.533501092157e-02  ,2.117610641770e-03  ,3.059848732032e-03  
  5.546257129579e-02  ,2.115174759017e-03  ,3.057608841048e-03  
  5.559042572704e-02  ,2.112741680023e-03  ,3.055370003905e-03  
  5.571857489319e-02  ,2.110311401564e-03  ,3.053132220904e-03  
  5.584701947368e-02  ,2.107883920419e-03  ,3.050895492343e-03  
  5.597576014951e-02  ,2.105459233371e-03  ,3.048659818521e-03  
  5.610479760324e-02  ,2.103037337207e-03  ,3.046425199734e-03  
  5.623413251903e-02  ,2.100618228716e-03  ,3.044191636279e-03  
  5.636376558259e-02  ,2.098201904693e-03  ,3.041959128451e-03  
  5.649369748123e-02  ,2.095788361936e-03  ,3.039727676541e-03  
  5.662392890382e-02  ,2.093377597246e-03  ,3.037497280845e-03  
  5.675446054085e-02  ,2.090969607428e-03  ,3.035267941652e-03  
  5.688529308438e-02  ,2.088564389292e-03  ,3.033039659252e-03  
  5.701642722807e-02  ,2.086161939649e-03  ,3.030812433936e-03  
  5.714786366718e-02  ,2.083762255316e-03  ,3.028586265990e-03  
  5.727960309858e-02  ,2.081365333112e-03  ,3.026361155702e-03  
  5.741164622073e-02  ,2.078971169861e-03  ,3.024137103357e-03  
  5.754399373371e-02  ,2.076579762391e-03  ,3.021914109240e-03  
  5.767664633922e-02  ,2.074191107532e-03  ,3.019692173634e-03  
  5.780960474057e-02  ,2.071805202118e-03  ,3.017471296822e-03  
  5.794286964269e-02  ,2.069422042987e-03  ,3.015251479085e-03  
  5.807644175213e-02  ,2.067041626982e-03  ,3.013032720702e-03  
  5.821032177708e-02  ,2.064663950947e-03  ,3.010815021953e-03  
  5.834451042737e-02  ,2.062289011733e-03  ,3.008598383116e-03  
  5.847900841445e-02  ,2.059916806190e-03  ,3.006382804466e-03  
  5.861381645140e-02  ,2.057547331176e-03  ,3.004168286281e-03  
  5.874893525298e-02  ,2.055180583550e-03  ,3.001954828833e-03  
  5.888436553556e-02  ,2.052816560177e-03  ,2.999742432397e-03  
  5.902010801718e-02  ,2.050455257922e-03  ,2.997531097244e-03  
  5.915616341754e-02  ,2.048096673658e-03  ,2.995320823645e-03  
  5.929253245800e-02  ,2.045740804257e-03  ,2.993111611871e-03  
  5.942921586155e-02  ,2.043387646598e-03  ,2.990903462190e-03  
  5.956621435290e-02  ,2.041037197563e-03  ,2.988696374870e-03  
  5.970352865838e-02  ,2.038689454037e-03  ,2.986490350177e-03  
  5.984115950603e-02  ,2.036344412908e-03  ,2.984285388377e-03  
  5.997910762555e-02  ,2.034002071069e-03  ,2.982081489734e-03  
  6.011737374833e-02  ,2.031662425415e-03  ,2.979878654511e-03  
  6.025595860743e-02  ,2.029325472847e-03  ,2.977676882969e-03  
  6.039486293764e-02  ,2.026991210266e-03  ,2.975476175371e-03  
  6.053408747539e-02  ,2.024659634580e-03  ,2.973276531976e-03  
  6.067363295885e-02  ,2.022330742699e-03  ,2.971077953042e-03  
  6.081350012787e-02  ,2.020004531537e-03  ,2.968880438827e-03  
  6.095368972401e-02  ,2.017680998010e-03  ,2.966683989587e-03  
  6.109420249055e-02  ,2.015360139039e-03  ,2.964488605578e-03  
  6.123503917247e-02  ,2.013041951550e-03  ,2.962294287054e-03  
  6.137620051648e-02  ,2.010726432469e-03  ,2.960101034268e-03  
  6.151768727098e-02  ,2.008413578729e-03  ,2.957908847471e-03  
  6.165950018615e-02  ,2.006103387264e-03  ,2.955717726914e-03  
  6.180164001384e-02  ,2.003795855012e-03  ,2.953527672848e-03  
  6.194410750768e-02  ,2.001490978917e-03  ,2.951338685520e-03  
  6.208690342300e-02  ,1.999188755923e-03  ,2.949150765179e-03  
  6.223002851691e-02  ,1.996889182979e-03  ,2.946963912070e-03  
  6.237348354824e-02  ,1.994592257038e-03  ,2.944778126438e-03  
  6.251726927757e-02  ,1.992297975057e-03  ,2.942593408528e-03  
  6.266138646723e-02  ,1.990006333994e-03  ,2.940409758583e-03  
  6.280583588133e-02  ,1.987717330813e-03  ,2.938227176844e-03  
  6.295061828572e-02  ,1.985430962481e-03  ,2.936045663553e-03  
  6.309573444802e-02  ,1.983147225967e-03  ,2.933865218948e-03  
  6.324118513762e-02  ,1.980866118245e-03  ,2.931685843268e-03  
  6.338697112569e-02  ,1.978587636293e-03  ,2.929507536751e-03  
  6.353309318517e-02  ,1.976311777090e-03  ,2.927330299632e-03  
  6.367955209079e-02  ,1.974038537621e-03  ,2.925154132148e-03  
  6.382634861905e-02  ,1.971767914874e-03  ,2.922979034531e-03  
  6.397348354826e-02  ,1.969499905839e-03  ,2.920805007015e-03  
  6.412095765851e-02  ,1.967234507511e-03  ,2.918632049831e-03  
  6.426877173170e-02  ,1.964971716888e-03  ,2.916460163211e-03  
  6.441692655151e-02  ,1.962711530971e-03  ,2.914289347384e-03  
  6.456542290346e-02  ,1.960453946765e-03  ,2.912119602577e-03  
  6.471426157486e-02  ,1.958198961278e-03  ,2.909950929019e-03  
  6.486344335482e-02  ,1.955946571522e-03  ,2.907783326936e-03  
  6.501296903431e-02  ,1.953696774513e-03  ,2.905616796553e-03  
  6.516283940608e-02  ,1.951449567268e-03  ,2.903451338093e-03  
  6.531305526474e-02  ,1.949204946810e-03  ,2.901286951779e-03  
  6.546361740672e-02  ,1.946962910164e-03  ,2.899123637834e-03  
  6.561452663029e-02  ,1.944723454360e-03  ,2.896961396478e-03  
  6.576578373554e-02  ,1.942486576429e-03  ,2.894800227930e-03  
  6.591738952443e-02  ,1.940252273407e-03  ,2.892640132409e-03  
  6.606934480076e-02  ,1.938020542334e-03  ,2.890481110133e-03  
  6.622165037017e-02  ,1.935791380252e-03  ,2.888323161316e-03  
  6.637430704019e-02  ,1.933564784207e-03  ,2.886166286175e-03  
  6.652731562017e-02  ,1.931340751249e-03  ,2.884010484923e-03  
  6.668067692136e-02  ,1.929119278429e-03  ,2.881855757773e-03  
  6.683439175686e-02  ,1.926900362805e-03  ,2.879702104938e-03  
  6.698846094165e-02  ,1.924684001436e-03  ,2.877549526626e-03  
  6.714288529259e-02  ,1.922470191385e-03  ,2.875398023049e-03  
  6.729766562843e-02  ,1.920258929719e-03  ,2.873247594414e-03  
  6.745280276979e-02  ,1.918050213506e-03  ,2.871098240929e-03  
  6.760829753920e-02  ,1.915844039820e-03  ,2.868949962801e-03  
  6.776415076106e-02  ,1.913640405738e-03  ,2.866802760233e-03  
  6.792036326172e-02  ,1.911439308340e-03  ,2.864656633430e-03  
  6.807693586937e-02  ,1.909240744708e-03  ,2.862511582595e-03  
  6.823386941416e-02  ,1.907044711929e-03  ,2.860367607930e-03  
  6.839116472814e-02  ,1.904851207094e-03  ,2.858224709635e-03  
  6.854882264526e-02  ,1.902660227294e-03  ,2.856082887911e-03  
  6.870684400142e-02  ,1.900471769628e-03  ,2.853942142954e-03  
  6.886522963442e-02  ,1.898285831195e-03  ,2.851802474964e-03  
  6.902398038402e-02  ,1.896102409099e-03  ,2.849663884135e-03  
  6.918309709189e-02  ,1.893921500445e-03  ,2.847526370664e-03  
  6.934258060165e-02  ,1.891743102344e-03  ,2.845389934744e-03  
  6.950243175888e-02  ,1.889567211910e-03  ,2.843254576568e-03  
  6.966265141107e-02  ,1.887393826259e-03  ,2.841120296328e-03  
  6.982324040771e-02  ,1.885222942510e-03  ,2.838987094215e-03  
  6.998419960022e-02  ,1.883054557788e-03  ,2.836854970418e-03  
  7.014552984199e-02  ,1.880888669219e-03  ,2.834723925126e-03  
  7.030723198838e-02  ,1.878725273932e-03  ,2.832593958527e-03  
  7.046930689671e-02  ,1.876564369062e-03  ,2.830465070806e-03  
  7.063175542629e-02  ,1.874405951744e-03  ,2.828337262149e-03  
  7.079457843841e-02  ,1.872250019118e-03  ,2.826210532741e-03  
  7.095777679634e-02  ,1.870096568328e-03  ,2.824084882763e-03  
  7.112135136533e-02  ,1.867945596519e-03  ,2.821960312399e-03  
  7.128530301265e-02  ,1.865797100842e-03  ,2.819836821829e-03  
  7.144963260755e-02  ,1.863651078450e-03  ,2.817714411232e-03  
  7.161434102129e-02  ,1.861507526499e-03  ,2.815593080788e-03  
  7.177942912713e-02  ,1.859366442147e-03  ,2.813472830674e-03  
  7.194489780037e-02  ,1.857227822560e-03  ,2.811353661067e-03  
  7.211074791829e-02  ,1.855091664901e-03  ,2.809235572141e-03  
  7.227698036021e-02  ,1.852957966341e-03  ,2.807118564071e-03  
  7.244359600750e-02  ,1.850826724052e-03  ,2.805002637030e-03  
  7.261059574351e-02  ,1.848697935210e-03  ,2.802887791191e-03  
  7.277798045368e-02  ,1.846571596995e-03  ,2.800774026725e-03  
  7.294575102545e-02  ,1.844447706588e-03  ,2.798661343800e-03  
  7.311390834834e-02  ,1.842326261176e-03  ,2.796549742587e-03  
  7.328245331389e-02  ,1.840207257946e-03  ,2.794439223253e-03  
  7.345138681571e-02  ,1.838090694092e-03  ,2.792329785964e-03  
  7.362070974947e-02  ,1.835976566809e-03  ,2.790221430886e-03  
  7.379042301291e-02  ,1.833864873294e-03  ,2.788114158183e-03  
  7.396052750582e-02  ,1.831755610751e-03  ,2.786007968020e-03  
  7.413102413009e-02  ,1.829648776384e-03  ,2.783902860558e-03  
  7.430191378967e-02  ,1.827544367401e-03  ,2.781798835958e-03  
  7.447319739060e-02  ,1.825442381013e-03  ,2.779695894380e-03  
  7.464487584100e-02  ,1.823342814436e-03  ,2.777594035984e-03  
  7.481695005111e-02  ,1.821245664888e-03  ,2.775493260927e-03  
  7.498942093324e-02  ,1.819150929589e-03  ,2.773393569367e-03  
  7.516228940182e-02  ,1.817058605764e-03  ,2.771294961459e-03  
  7.533555637337e-02  ,1.814968690640e-03  ,2.769197437357e-03  
  7.550922276654e-02  ,1.812881181447e-03  ,2.767100997216e-03  
  7.568328950209e-02  ,1.810796075421e-03  ,2.765005641187e-03  
  7.585775750291e-02  ,1.808713369798e-03  ,2.762911369423e-03  
  7.603262769401e-02  ,1.806633061818e-03  ,2.760818182073e-03  
  7.620790100254e-02  ,1.804555148725e-03  ,2.758726079287e-03  
  7.638357835777e-02  ,1.802479627764e-03  ,2.756635061214e-03  
  7.655966069112e-02  ,1.800406496187e-03  ,2.754545127999e-03  
  7.673614893618e-02  ,1.798335751246e-03  ,2.752456279789e-03  
  7.691304402866e-02  ,1.796267390198e-03  ,2.750368516730e-03  
  7.709034690644e-02  ,1.794201410300e-03  ,2.748281838965e-03  
  7.726805850957e-02  ,1.792137808817e-03  ,2.746196246636e-03  
  7.744617978025e-02  ,1.790076583013e-03  ,2.744111739886e-03  
  7.762471166287e-02  ,1.788017730158e-03  ,2.742028318855e-03  
  7.780365510398e-02  ,1.785961247522e-03  ,2.739945983682e-03  
  7.798301105232e-02  ,1.783907132383e-03  ,2.737864734507e-03  
  7.816278045883e-02  ,1.781855382016e-03  ,2.735784571466e-03  
  7.834296427662e-02  ,1.779805993705e-03  ,2.733705494696e-03  
  7.852356346100e-02  ,1.777758964732e-03  ,2.731627504332e-03  
  7.870457896951e-02  ,1.775714292387e-03  ,2.729550600509e-03  
  7.888601176185e-02  ,1.773671973959e-03  ,2.727474783358e-03  
  7.906786279998e-02  ,1.771632006743e-03  ,2.725400053014e-03  
  7.925013304804e-02  ,1.769594388035e-03  ,2.723326409605e-03  
  7.943282347242e-02  ,1.767559115136e-03  ,2.721253853263e-03  
  7.961593504173e-02  ,1.765526185349e-03  ,2.719182384116e-03  
  7.979946872679e-02  ,1.763495595979e-03  ,2.717112002292e-03  
  7.998342550070e-02  ,1.761467344338e-03  ,2.715042707917e-03  
  8.016780633876e-02  ,1.759441427736e-03  ,2.712974501118e-03  
  8.035261221856e-02  ,1.757417843489e-03  ,2.710907382018e-03  
  8.053784411990e-02  ,1.755396588917e-03  ,2.708841350741e-03  
  8.072350302488e-02  ,1.753377661342e-03  ,2.706776407410e-03  
  8.090958991783e-02  ,1.751361058087e-03  ,2.704712552145e-03  
  8.109610578538e-02  ,1.749346776481e-03  ,2.702649785068e-03  
  8.128305161641e-02  ,1.747334813855e-03  ,2.700588106298e-03  
  8.147042840208e-02  ,1.745325167544e-03  ,2.698527515951e-03  
  8.165823713586e-02  ,1.743317834884e-03  ,2.696468014147e-03  
  8.184647881348e-02  ,1.741312813215e-03  ,2.694409601000e-03  
  8.203515443298e-02  ,1.739310099881e-03  ,2.692352276625e-03  
  8.222426499470e-02  ,1.737309692229e-03  ,2.690296041137e-03  
  8.241381150130e-02  ,1.735311587608e-03  ,2.688240894648e-03  
  8.260379495771e-02  ,1.733315783370e-03  ,2.686186837271e-03  
  8.279421637123e-02  ,1.731322276871e-03  ,2.684133869115e-03  
  8.298507675144e-02  ,1.729331065470e-03  ,2.682081990291e-03  
  8.317637711026e-02  ,1.727342146528e-03  ,2.680031200906e-03  
  8.336811846196e-02  ,1.725355517409e-03  ,2.677981501069e-03  
  8.356030182312e-02  ,1.723371175483e-03  ,2.675932890887e-03  
  8.375292821268e-02  ,1.721389118119e-03  ,2.673885370463e-03  
  8.394599865194e-02  ,1.719409342691e-03  ,2.671838939904e-03  
  8.413951416452e-02  ,1.717431846576e-03  ,2.669793599311e-03  
  8.433347577642e-02  ,1.715456627155e-03  ,2.667749348788e-03  
  8.452788451602e-02  ,1.713483681809e-03  ,2.665706188436e-03  
  8.472274141406e-02  ,1.711513007925e-03  ,2.663664118354e-03  
  8.491804750363e-02  ,1.709544602892e-03  ,2.661623138642e-03  
  8.511380382023e-02  ,1.707578464101e-03  ,2.659583249398e-03  
  8.531001140175e-02  ,1.705614588948e-03  ,2.657544450719e-03  
  8.550667128846e-02  ,1.703652974831e-03  ,2.655506742700e-03  
  8.570378452303e-02  ,1.701693619150e-03  ,2.653470125438e-03  
  8.590135215054e-02  ,1.699736519309e-03  ,2.651434599024e-03  
  8.609937521846e-02  ,1.697781672716e-03  ,2.649400163553e-03  
  8.629785477669e-02  ,1.695829076780e-03  ,2.647366819117e-03  
  8.649679187757e-02  ,1.693878728914e-03  ,2.645334565804e-03  
  8.669618757582e-02  ,1.691930626534e-03  ,2.643303403707e-03  
  8.689604292863e-02  ,1.689984767060e-03  ,2.641273332912e-03  
  8.709635899560e-02  ,1.688041147912e-03  ,2.639244353507e-03  
  8.729713683881e-02  ,1.686099766515e-03  ,2.637216465580e-03  
  8.749837752274e-02  ,1.684160620298e-03  ,2.635189669216e-03  
  8.770008211436e-02  ,1.682223706691e-03  ,2.633163964498e-03  
  8.790225168308e-02  ,1.680289023129e-03  ,2.631139351510e-03  
  8.810488730080e-02  ,1.678356567046e-03  ,2.629115830336e-03  
  8.830799004185e-02  ,1.676426335884e-03  ,2.627093401055e-03  
  8.851156098308e-02  ,1.674498327085e-03  ,2.625072063748e-03  
  8.871560120379e-02  ,1.672572538094e-03  ,2.623051818495e-03  
  8.892011178579e-02  ,1.670648966360e-03  ,2.621032665374e-03  
  8.912509381337e-02  ,1.668727609334e-03  ,2.619014604461e-03  
  8.933054837333e-02  ,1.666808464471e-03  ,2.616997635833e-03  
  8.953647655495e-02  ,1.664891529228e-03  ,2.614981759565e-03  
  8.974287945007e-02  ,1.662976801065e-03  ,2.612966975731e-03  
  8.994975815300e-02  ,1.661064277445e-03  ,2.610953284404e-03  
  9.015711376059e-02  ,1.659153955835e-03  ,2.608940685656e-03  
  9.036494737223e-02  ,1.657245833703e-03  ,2.606929179558e-03  
  9.057326008982e-02  ,1.655339908522e-03  ,2.604918766179e-03  
  9.078205301781e-02  ,1.653436177766e-03  ,2.602909445590e-03  
  9.099132726322e-02  ,1.651534638912e-03  ,2.600901217856e-03  
  9.120108393559e-02  ,1.649635289443e-03  ,2.598894083046e-03  
  9.141132414702e-02  ,1.647738126841e-03  ,2.596888041225e-03  
  9.162204901220e-02  ,1.645843148593e-03  ,2.594883092457e-03  
  9.183325964835e-02  ,1.643950352187e-03  ,2.592879236808e-03  
  9.204495717531e-02  ,1.642059735117e-03  ,2.590876474338e-03  
  9.225714271547e-02  ,1.640171294878e-03  ,2.588874805110e-03  
  9.246981739382e-02  ,1.638285028968e-03  ,2.586874229184e-03  
  9.268298233793e-02  ,1.636400934887e-03  ,2.584874746621e-03  
  9.289663867799e-02  ,1.634519010139e-03  ,2.582876357478e-03  
  9.311078754678e-02  ,1.632639252232e-03  ,2.580879061813e-03  
  9.332543007969e-02  ,1.630761658674e-03  ,2.578882859683e-03  
  9.354056741475e-02  ,1.628886226978e-03  ,2.576887751144e-03  
  9.375620069258e-02  ,1.627012954660e-03  ,2.574893736248e-03  
  9.397233105646e-02  ,1.625141839238e-03  ,2.572900815052e-03  
  9.418895965228e-02  ,1.623272878232e-03  ,2.570908987605e-03  
  9.440608762859e-02  ,1.621406069167e-03  ,2.568918253961e-03  
  9.462371613657e-02  ,1.619541409570e-03  ,2.566928614169e-03  
  9.484184633008e-02  ,1.617678896969e-03  ,2.564940068279e-03  
  9.506047936562e-02  ,1.615818528898e-03  ,2.562952616340e-03  
  9.527961640236e-02  ,1.613960302892e-03  ,2.560966258398e-03  
  9.549925860214e-02  ,1.612104216489e-03  ,2.558980994499e-03  
  9.571940712948e-02  ,1.610250267230e-03  ,2.556996824690e-03  
  9.594006315159e-02  ,1.608398452659e-03  ,2.555013749015e-03  
  9.616122783836e-02  ,1.606548770323e-03  ,2.553031767516e-03  
  9.638290236239e-02  ,1.604701217770e-03  ,2.551050880237e-03  
  9.660508789898e-02  ,1.602855792554e-03  ,2.549071087218e-03  
  9.682778562612e-02  ,1.601012492230e-03  ,2.547092388500e-03  
  9.705099672454e-02  ,1.599171314355e-03  ,2.545114784121e-03  
  9.727472237769e-02  ,1.597332256490e-03  ,2.543138274121e-03  
  9.749896377173e-02  ,1.595495316199e-03  ,2.541162858536e-03  
  9.772372209558e-02  ,1.593660491049e-03  ,2.539188537403e-03  
  9.794899854086e-02  ,1.591827778609e-03  ,2.537215310756e-03  
  9.817479430199e-02  ,1.589997176449e-03  ,2.535243178631e-03  
  9.840111057611e-02  ,1.588168682147e-03  ,2.533272141060e-03  
  9.862794856312e-02  ,1.586342293279e-03  ,2.531302198076e-03  
  9.885530946569e-02  ,1.584518007425e-03  ,2.529333349709e-03  
  9.908319448927e-02  ,1.582695822169e-03  ,2.527365595990e-03  
  9.931160484209e-02  ,1.580875735096e-03  ,2.525398936948e-03  
  9.954054173515e-02  ,1.579057743797e-03  ,2.523433372611e-03  
  9.977000638225e-02  ,1.577241845861e-03  ,2.521468903007e-03  
  9.999999999999e-02  ,1.575428038884e-03  ,2.519505528162e-03  
  1.002305238078e-01  ,1.573616320463e-03  ,2.517543248100e-03  
  1.004615790278e-01  ,1.571806688197e-03  ,2.515582062847e-03  
  1.006931668852e-01  ,1.569999139690e-03  ,2.513621972424e-03  
  1.009252886077e-01  ,1.568193672546e-03  ,2.511662976855e-03  
  1.011579454260e-01  ,1.566390284374e-03  ,2.509705076161e-03  
  1.013911385737e-01  ,1.564588972786e-03  ,2.507748270362e-03  
  1.016248692871e-01  ,1.562789735393e-03  ,2.505792559477e-03  
  1.018591388054e-01  ,1.560992569814e-03  ,2.503837943524e-03  
  1.020939483708e-01  ,1.559197473667e-03  ,2.501884422521e-03  
  1.023292992281e-01  ,1.557404444575e-03  ,2.499931996483e-03  
  1.025651926251e-01  ,1.555613480161e-03  ,2.497980665427e-03  
  1.028016298126e-01  ,1.553824578054e-03  ,2.496030429366e-03  
  1.030386120442e-01  ,1.552037735884e-03  ,2.494081288314e-03  
  1.032761405761e-01  ,1.550252951283e-03  ,2.492133242282e-03  
  1.035142166679e-01  ,1.548470221888e-03  ,2.490186291283e-03  
  1.037528415818e-01  ,1.546689545336e-03  ,2.488240435326e-03  
  1.039920165829e-01  ,1.544910919269e-03  ,2.486295674421e-03  
  1.042317429393e-01  ,1.543134341331e-03  ,2.484352008577e-03  
  1.044720219221e-01  ,1.541359809169e-03  ,2.482409437800e-03  
  1.047128548051e-01  ,1.539587320430e-03  ,2.480467962096e-03  
  1.049542428652e-01  ,1.537816872769e-03  ,2.478527581473e-03  
  1.051961873823e-01  ,1.536048463838e-03  ,2.476588295933e-03  
  1.054386896391e-01  ,1.534282091297e-03  ,2.474650105480e-03  
  1.056817509214e-01  ,1.532517752804e-03  ,2.472713010116e-03  
  1.059253725177e-01  ,1.530755446022e-03  ,2.470777009844e-03  
  1.061695557199e-01  ,1.528995168618e-03  ,2.468842104664e-03  
  1.064143018224e-01  ,1.527236918259e-03  ,2.466908294574e-03  
  1.066596121230e-01  ,1.525480692617e-03  ,2.464975579575e-03  
  1.069054879223e-01  ,1.523726489364e-03  ,2.463043959662e-03  
  1.071519305238e-01  ,1.521974306177e-03  ,2.461113434834e-03  
  1.073989412341e-01  ,1.520224140736e-03  ,2.459184005085e-03  
  1.076465213630e-01  ,1.518475990721e-03  ,2.457255670410e-03  
  1.078946722230e-01  ,1.516729853818e-03  ,2.455328430803e-03  
  1.081433951298e-01  ,1.514985727712e-03  ,2.453402286256e-03  
  1.083926914021e-01  ,1.513243610094e-03  ,2.451477236762e-03  
  1.086425623617e-01  ,1.511503498657e-03  ,2.449553282311e-03  
  1.088930093333e-01  ,1.509765391094e-03  ,2.447630422893e-03  
  1.091440336449e-01  ,1.508029285104e-03  ,2.445708658496e-03  
  1.093956366272e-01  ,1.506295178387e-03  ,2.443787989109e-03  
  1.096478196143e-01  ,1.504563068646e-03  ,2.441868414718e-03  
  1.099005839432e-01  ,1.502832953587e-03  ,2.439949935310e-03  
  1.101539309541e-01  ,1.501104830918e-03  ,2.438032550870e-03  
  1.104078619902e-01  ,1.499378698349e-03  ,2.436116261380e-03  
  1.106623783978e-01  ,1.497654553595e-03  ,2.434201066826e-03  
  1.109174815262e-01  ,1.495932394372e-03  ,2.432286967187e-03  
  1.111731727282e-01  ,1.494212218398e-03  ,2.430373962447e-03  
  1.114294533592e-01  ,1.492494023394e-03  ,2.428462052584e-03  
  1.116863247781e-01  ,1.490777807086e-03  ,2.426551237578e-03  
  1.119437883467e-01  ,1.489063567200e-03  ,2.424641517408e-03  
  1.122018454302e-01  ,1.487351301465e-03  ,2.422732892051e-03  
  1.124604973967e-01  ,1.485641007613e-03  ,2.420825361482e-03  
  1.127197456175e-01  ,1.483932683378e-03  ,2.418918925678e-03  
  1.129795914673e-01  ,1.482226326499e-03  ,2.417013584613e-03  
  1.132400363235e-01  ,1.480521934714e-03  ,2.415109338260e-03  
  1.135010815672e-01  ,1.478819505766e-03  ,2.413206186592e-03  
  1.137627285823e-01  ,1.477119037401e-03  ,2.411304129580e-03  
  1.140249787561e-01  ,1.475420527365e-03  ,2.409403167195e-03  
  1.142878334790e-01  ,1.473723973410e-03  ,2.407503299408e-03  
  1.145512941445e-01  ,1.472029373288e-03  ,2.405604526185e-03  
  1.148153621497e-01  ,1.470336724754e-03  ,2.403706847496e-03  
  1.150800388944e-01  ,1.468646025566e-03  ,2.401810263308e-03  
  1.153453257821e-01  ,1.466957273486e-03  ,2.399914773585e-03  
  1.156112242192e-01  ,1.465270466276e-03  ,2.398020378293e-03  
  1.158777356155e-01  ,1.463585601702e-03  ,2.396127077396e-03  
  1.161448613840e-01  ,1.461902677533e-03  ,2.394234870858e-03  
  1.164126029410e-01  ,1.460221691539e-03  ,2.392343758640e-03  
  1.166809617061e-01  ,1.458542641494e-03  ,2.390453740703e-03  
  1.169499391020e-01  ,1.456865525175e-03  ,2.388564817007e-03  
  1.172195365548e-01  ,1.455190340359e-03  ,2.386676987513e-03  
  1.174897554939e-01  ,1.453517084828e-03  ,2.384790252178e-03  
  1.177605973521e-01  ,1.451845756366e-03  ,2.382904610960e-03  
  1.180320635652e-01  ,1.450176352759e-03  ,2.381020063815e-03  
  1.183041555725e-01  ,1.448508871797e-03  ,2.379136610699e-03  
  1.185768748167e-01  ,1.446843311269e-03  ,2.377254251567e-03  
  1.188502227437e-01  ,1.445179668972e-03  ,2.375372986372e-03  
  1.191242008027e-01  ,1.443517942701e-03  ,2.373492815066e-03  
  1.193988104464e-01  ,1.441858130255e-03  ,2.371613737603e-03  
  1.196740531307e-01  ,1.440200229436e-03  ,2.369735753932e-03  
  1.199499303149e-01  ,1.438544238048e-03  ,2.367858864004e-03  
  1.202264434617e-01  ,1.436890153899e-03  ,2.365983067768e-03  
  1.205035940372e-01  ,1.435237974796e-03  ,2.364108365171e-03  
  1.207813835107e-01  ,1.433587698553e-03  ,2.362234756162e-03  
  1.210598133550e-01  ,1.431939322983e-03  ,2.360362240686e-03  
  1.213388850465e-01  ,1.430292845903e-03  ,2.358490818688e-03  
  1.216186000646e-01  ,1.428648265133e-03  ,2.356620490114e-03  
  1.218989598925e-01  ,1.427005578494e-03  ,2.354751254906e-03  
  1.221799660165e-01  ,1.425364783811e-03  ,2.352883113007e-03  
  1.224616199265e-01  ,1.423725878911e-03  ,2.351016064359e-03  
  1.227439231158e-01  ,1.422088861624e-03  ,2.349150108903e-03  
  1.230268770812e-01  ,1.420453729780e-03  ,2.347285246578e-03  
  1.233104833229e-01  ,1.418820481216e-03  ,2.345421477324e-03  
  1.235947433444e-01  ,1.417189113767e-03  ,2.343558801077e-03  
  1.238796586530e-01  ,1.415559625274e-03  ,2.341697217776e-03  
  1.241652307592e-01  ,1.413932013577e-03  ,2.339836727357e-03  
  1.244514611771e-01  ,1.412306276522e-03  ,2.337977329754e-03  
  1.247383514243e-01  ,1.410682411956e-03  ,2.336119024903e-03  
  1.250259030218e-01  ,1.409060417728e-03  ,2.334261812735e-03  
  1.253141174941e-01  ,1.407440291689e-03  ,2.332405693185e-03  
  1.256029963695e-01  ,1.405822031695e-03  ,2.330550666183e-03  
  1.258925411794e-01  ,1.404205635602e-03  ,2.328696731661e-03  
  1.261827534591e-01  ,1.402591101270e-03  ,2.326843889548e-03  
  1.264736347471e-01  ,1.400978426560e-03  ,2.324992139772e-03  
  1.267651865858e-01  ,1.399367609336e-03  ,2.323141482263e-03  
  1.270574105208e-01  ,1.397758647467e-03  ,2.321291916946e-03  
  1.273503081017e-01  ,1.396151538819e-03  ,2.319443443749e-03  
  1.276438808811e-01  ,1.394546281267e-03  ,2.317596062596e-03  
  1.279381304157e-01  ,1.392942872682e-03  ,2.315749773412e-03  
  1.282330582656e-01  ,1.391341310944e-03  ,2.313904576119e-03  
  1.285286659944e-01  ,1.389741593929e-03  ,2.312060470642e-03  
  1.288249551693e-01  ,1.388143719520e-03  ,2.310217456901e-03  
  1.291219273613e-01  ,1.386547685601e-03  ,2.308375534817e-03  
  1.294195841450e-01  ,1.384953490058e-03  ,2.306534704310e-03  
  1.297179270984e-01  ,1.383361130780e-03  ,2.304694965299e-03  
  1.300169578033e-01  ,1.381770605659e-03  ,2.302856317702e-03  
  1.303166778452e-01  ,1.380181912588e-03  ,2.301018761437e-03  
  1.306170888132e-01  ,1.378595049463e-03  ,2.299182296418e-03  
  1.309181922999e-01  ,1.377010014183e-03  ,2.297346922563e-03  
  1.312199899019e-01  ,1.375426804649e-03  ,2.295512639785e-03  
  1.315224832192e-01  ,1.373845418765e-03  ,2.293679447998e-03  
  1.318256738556e-01  ,1.372265854436e-03  ,2.291847347115e-03  
  1.321295634186e-01  ,1.370688109571e-03  ,2.290016337047e-03  
  1.324341535195e-01  ,1.369112182080e-03  ,2.288186417706e-03  
  1.327394457730e-01  ,1.367538069876e-03  ,2.286357589001e-03  
  1.330454417978e-01  ,1.365965770876e-03  ,2.284529850842e-03  
  1.333521432163e-01  ,1.364395282997e-03  ,2.282703203137e-03  
  1.336595516546e-01  ,1.362826604160e-03  ,2.280877645794e-03  
  1.339676687426e-01  ,1.361259732286e-03  ,2.279053178718e-03  
  1.342764961138e-01  ,1.359694665303e-03  ,2.277229801816e-03  
  1.345860354056e-01  ,1.358131401136e-03  ,2.275407514992e-03  
  1.348962882592e-01  ,1.356569937717e-03  ,2.273586318151e-03  
  1.352072563194e-01  ,1.355010272977e-03  ,2.271766211194e-03  
  1.355189412351e-01  ,1.353452404851e-03  ,2.269947194026e-03  
  1.358313446587e-01  ,1.351896331277e-03  ,2.268129266545e-03  
  1.361444682466e-01  ,1.350342050193e-03  ,2.266312428654e-03  
  1.364583136589e-01  ,1.348789559543e-03  ,2.264496680252e-03  
  1.367728825596e-01  ,1.347238857270e-03  ,2.262682021236e-03  
  1.370881766165e-01  ,1.345689941321e-03  ,2.260868451505e-03  
  1.374041975012e-01  ,1.344142809645e-03  ,2.259055970957e-03  
  1.377209468894e-01  ,1.342597460193e-03  ,2.257244579486e-03  
  1.380384264603e-01  ,1.341053890919e-03  ,2.255434276988e-03  
  1.383566378972e-01  ,1.339512099780e-03  ,2.253625063357e-03  
  1.386755828872e-01  ,1.337972084734e-03  ,2.251816938487e-03  
  1.389952631213e-01  ,1.336433843742e-03  ,2.250009902271e-03  
  1.393156802945e-01  ,1.334897374767e-03  ,2.248203954599e-03  
  1.396368361056e-01  ,1.333362675775e-03  ,2.246399095363e-03  
  1.399587322573e-01  ,1.331829744733e-03  ,2.244595324453e-03  
  1.402813704562e-01  ,1.330298579613e-03  ,2.242792641758e-03  
  1.406047524130e-01  ,1.328769178386e-03  ,2.240991047166e-03  
  1.409288798422e-01  ,1.327241539029e-03  ,2.239190540564e-03  
  1.412537544623e-01  ,1.325715659517e-03  ,2.237391121839e-03  
  1.415793779957e-01  ,1.324191537831e-03  ,2.235592790877e-03  
  1.419057521689e-01  ,1.322669171954e-03  ,2.233795547563e-03  
  1.422328787123e-01  ,1.321148559868e-03  ,2.231999391780e-03  
  1.425607593602e-01  ,1.319629699562e-03  ,2.230204323411e-03  
  1.428893958511e-01  ,1.318112589023e-03  ,2.228410342340e-03  
  1.432187899273e-01  ,1.316597226244e-03  ,2.226617448446e-03  
  1.435489433354e-01  ,1.315083609218e-03  ,2.224825641612e-03  
  1.438798578256e-01  ,1.313571735941e-03  ,2.223034921716e-03  
  1.442115351525e-01  ,1.312061604412e-03  ,2.221245288637e-03  
  1.445439770746e-01  ,1.310553212631e-03  ,2.219456742253e-03  
  1.448771853545e-01  ,1.309046558601e-03  ,2.217669282442e-03  
  1.452111617588e-01  ,1.307541640328e-03  ,2.215882909080e-03  
  1.455459080582e-01  ,1.306038455818e-03  ,2.214097622042e-03  
  1.458814260275e-01  ,1.304537003082e-03  ,2.212313421203e-03  
  1.462177174457e-01  ,1.303037280133e-03  ,2.210530306437e-03  
  1.465547840956e-01  ,1.301539284983e-03  ,2.208748277616e-03  
  1.468926277644e-01  ,1.300043015652e-03  ,2.206967334613e-03  
  1.472312502433e-01  ,1.298548470157e-03  ,2.205187477299e-03  
  1.475706533276e-01  ,1.297055646519e-03  ,2.203408705544e-03  
  1.479108388168e-01  ,1.295564542763e-03  ,2.201631019218e-03  
  1.482518085146e-01  ,1.294075156915e-03  ,2.199854418190e-03  
  1.485935642287e-01  ,1.292587487003e-03  ,2.198078902328e-03  
  1.489361077711e-01  ,1.291101531057e-03  ,2.196304471498e-03  
  1.492794409579e-01  ,1.289617287110e-03  ,2.194531125568e-03  
  1.496235656094e-01  ,1.288134753197e-03  ,2.192758864402e-03  
  1.499684835502e-01  ,1.286653927356e-03  ,2.190987687864e-03  
  1.503141966090e-01  ,1.285174807626e-03  ,2.189217595820e-03  
  1.506607066187e-01  ,1.283697392049e-03  ,2.187448588131e-03  
  1.510080154164e-01  ,1.282221678670e-03  ,2.185680664660e-03  
  1.513561248436e-01  ,1.280747665534e-03  ,2.183913825268e-03  
  1.517050367459e-01  ,1.279275350691e-03  ,2.182148069815e-03  
  1.520547529732e-01  ,1.277804732192e-03  ,2.180383398162e-03  
  1.524052753797e-01  ,1.276335808089e-03  ,2.178619810166e-03  
  1.527566058238e-01  ,1.274868576439e-03  ,2.176857305686e-03  
  1.531087461682e-01  ,1.273403035298e-03  ,2.175095884580e-03  
  1.534616982799e-01  ,1.271939182727e-03  ,2.173335546702e-03  
  1.538154640303e-01  ,1.270477016789e-03  ,2.171576291910e-03  
  1.541700452949e-01  ,1.269016535547e-03  ,2.169818120057e-03  
  1.545254439538e-01  ,1.267557737069e-03  ,2.168061030998e-03  
  1.548816618912e-01  ,1.266100619423e-03  ,2.166305024585e-03  
  1.552387009958e-01  ,1.264645180680e-03  ,2.164550100671e-03  
  1.555965631605e-01  ,1.263191418914e-03  ,2.162796259108e-03  
  1.559552502827e-01  ,1.261739332201e-03  ,2.161043499745e-03  
  1.563147642641e-01  ,1.260288918619e-03  ,2.159291822432e-03  
  1.566751070108e-01  ,1.258840176247e-03  ,2.157541227020e-03  
  1.570362804333e-01  ,1.257393103169e-03  ,2.155791713355e-03  
  1.573982864466e-01  ,1.255947697467e-03  ,2.154043281286e-03  
  1.577611269699e-01  ,1.254503957231e-03  ,2.152295930659e-03  
  1.581248039270e-01  ,1.253061880547e-03  ,2.150549661319e-03  
  1.584893192461e-01  ,1.251621465508e-03  ,2.148804473112e-03  
  1.588546748598e-01  ,1.250182710208e-03  ,2.147060365881e-03  
  1.592208727051e-01  ,1.248745612741e-03  ,2.145317339471e-03  
  1.595879147237e-01  ,1.247310171205e-03  ,2.143575393723e-03  
  1.599558028615e-01  ,1.245876383701e-03  ,2.141834528480e-03  
  1.603245390690e-01  ,1.244444248331e-03  ,2.140094743582e-03  
  1.606941253013e-01  ,1.243013763199e-03  ,2.138356038870e-03  
  1.610645635178e-01  ,1.241584926412e-03  ,2.136618414183e-03  
  1.614358556826e-01  ,1.240157736079e-03  ,2.134881869359e-03  
  1.618080037643e-01  ,1.238732190311e-03  ,2.133146404237e-03  
  1.621810097359e-01  ,1.237308287221e-03  ,2.131412018653e-03  
  1.625548755750e-01  ,1.235886024924e-03  ,2.129678712443e-03  
  1.629296032640e-01  ,1.234465401538e-03  ,2.127946485443e-03  
  1.633051947894e-01  ,1.233046415184e-03  ,2.126215337488e-03  
  1.636816521428e-01  ,1.231629063982e-03  ,2.124485268411e-03  
  1.640589773199e-01  ,1.230213346057e-03  ,2.122756278045e-03  
  1.644371723215e-01  ,1.228799259536e-03  ,2.121028366223e-03  
  1.648162391525e-01  ,1.227386802546e-03  ,2.119301532776e-03  
  1.651961798229e-01  ,1.225975973219e-03  ,2.117575777535e-03  
  1.655769963469e-01  ,1.224566769687e-03  ,2.115851100329e-03  
  1.659586907437e-01  ,1.223159190085e-03  ,2.114127500988e-03  
  1.663412650370e-01  ,1.221753232551e-03  ,2.112404979340e-03  
  1.667247212551e-01  ,1.220348895224e-03  ,2.110683535212e-03  
  1.671090614311e-01  ,1.218946176245e-03  ,2.108963168432e-03  
  1.674942876026e-01  ,1.217545073758e-03  ,2.107243878825e-03  
  1.678804018122e-01  ,1.216145585908e-03  ,2.105525666216e-03  
  1.682674061070e-01  ,1.214747710845e-03  ,2.103808530431e-03  
  1.686553025389e-01  ,1.213351446716e-03  ,2.102092471292e-03  
  1.690440931643e-01  ,1.211956791676e-03  ,2.100377488622e-03  
  1.694337800447e-01  ,1.210563743879e-03  ,2.098663582244e-03  
  1.698243652462e-01  ,1.209172301480e-03  ,2.096950751979e-03  
  1.702158508395e-01  ,1.207782462638e-03  ,2.095238997647e-03  
  1.706082389003e-01  ,1.206394225515e-03  ,2.093528319069e-03  
  1.710015315090e-01  ,1.205007588273e-03  ,2.091818716063e-03  
  1.713957307508e-01  ,1.203622549077e-03  ,2.090110188447e-03  
  1.717908387157e-01  ,1.202239106095e-03  ,2.088402736039e-03  
  1.721868574986e-01  ,1.200857257496e-03  ,2.086696358656e-03  
  1.725837891990e-01  ,1.199477001451e-03  ,2.084991056114e-03  
  1.729816359215e-01  ,1.198098336133e-03  ,2.083286828228e-03  
  1.733803997754e-01  ,1.196721259719e-03  ,2.081583674812e-03  
  1.737800828749e-01  ,1.195345770386e-03  ,2.079881595680e-03  
  1.741806873392e-01  ,1.193971866315e-03  ,2.078180590645e-03  
  1.745822152920e-01  ,1.192599545687e-03  ,2.076480659519e-03  
  1.749846688625e-01  ,1.191228806686e-03  ,2.074781802114e-03  
  1.753880501842e-01  ,1.189859647498e-03  ,2.073084018239e-03  
  1.757923613959e-01  ,1.188492066313e-03  ,2.071387307706e-03  
  1.761976046412e-01  ,1.187126061320e-03  ,2.069691670323e-03  
  1.766037820686e-01  ,1.185761630712e-03  ,2.067997105898e-03  
  1.770108958317e-01  ,1.184398772683e-03  ,2.066303614240e-03  
  1.774189480890e-01  ,1.183037485431e-03  ,2.064611195154e-03  
  1.778279410039e-01  ,1.181677767154e-03  ,2.062919848448e-03  
  1.782378767448e-01  ,1.180319616053e-03  ,2.061229573926e-03  
  1.786487574852e-01  ,1.178963030331e-03  ,2.059540371394e-03  
  1.790605854035e-01  ,1.177608008194e-03  ,2.057852240654e-03  
  1.794733626832e-01  ,1.176254547848e-03  ,2.056165181511e-03  
  1.798870915129e-01  ,1.174902647502e-03  ,2.054479193767e-03  
  1.803017740859e-01  ,1.173552305369e-03  ,2.052794277222e-03  
  1.807174126011e-01  ,1.172203519661e-03  ,2.051110431679e-03  
  1.811340092619e-01  ,1.170856288594e-03  ,2.049427656937e-03  
  1.815515662773e-01  ,1.169510610386e-03  ,2.047745952796e-03  
  1.819700858610e-01  ,1.168166483256e-03  ,2.046065319054e-03  
  1.823895702320e-01  ,1.166823905426e-03  ,2.044385755510e-03  
  1.828100216143e-01  ,1.165482875120e-03  ,2.042707261961e-03  
  1.832314422371e-01  ,1.164143390564e-03  ,2.041029838202e-03  
  1.836538343348e-01  ,1.162805449985e-03  ,2.039353484031e-03  
  1.840772001469e-01  ,1.161469051613e-03  ,2.037678199241e-03  
  1.845015419179e-01  ,1.160134193681e-03  ,2.036003983627e-03  
  1.849268618978e-01  ,1.158800874422e-03  ,2.034330836984e-03  
  1.853531623415e-01  ,1.157469092073e-03  ,2.032658759103e-03  
  1.857804455092e-01  ,1.156138844873e-03  ,2.030987749776e-03  
  1.862087136663e-01  ,1.154810131060e-03  ,2.029317808796e-03  
  1.866379690835e-01  ,1.153482948877e-03  ,2.027648935952e-03  
  1.870682140366e-01  ,1.152157296570e-03  ,2.025981131035e-03  
  1.874994508067e-01  ,1.150833172383e-03  ,2.024314393833e-03  
  1.879316816803e-01  ,1.149510574566e-03  ,2.022648724136e-03  
  1.883649089490e-01  ,1.148189501369e-03  ,2.020984121731e-03  
  1.887991349096e-01  ,1.146869951044e-03  ,2.019320586405e-03  
  1.892343618645e-01  ,1.145551921846e-03  ,2.017658117944e-03  
  1.896705921211e-01  ,1.144235412032e-03  ,2.015996716134e-03  
  1.901078279923e-01  ,1.142920419859e-03  ,2.014336380761e-03  
  1.905460717963e-01  ,1.141606943589e-03  ,2.012677111607e-03  
  1.909853258566e-01  ,1.140294981484e-03  ,2.011018908456e-03  
  1.914255925021e-01  ,1.138984531809e-03  ,2.009361771092e-03  
  1.918668740670e-01  ,1.137675592830e-03  ,2.007705699296e-03  
  1.923091728910e-01  ,1.136368162816e-03  ,2.006050692849e-03  
  1.927524913191e-01  ,1.135062240038e-03  ,2.004396751533e-03  
  1.931968317017e-01  ,1.133757822769e-03  ,2.002743875126e-03  
  1.936421963946e-01  ,1.132454909282e-03  ,2.001092063409e-03  
  1.940885877593e-01  ,1.131153497856e-03  ,1.999441316159e-03  
  1.945360081623e-01  ,1.129853586767e-03  ,1.997791633155e-03  
  1.949844599758e-01  ,1.128555174298e-03  ,1.996143014173e-03  
  1.954339455775e-01  ,1.127258258731e-03  ,1.994495458990e-03  
  1.958844673506e-01  ,1.125962838351e-03  ,1.992848967382e-03  
  1.963360276836e-01  ,1.124668911443e-03  ,1.991203539122e-03  
  1.967886289707e-01  ,1.123376476298e-03  ,1.989559173987e-03  
  1.972422736115e-01  ,1.122085531206e-03  ,1.987915871749e-03  
  1.976969640112e-01  ,1.120796074458e-03  ,1.986273632181e-03  
  1.981527025805e-01  ,1.119508104351e-03  ,1.984632455056e-03  
  1.986094917357e-01  ,1.118221619180e-03  ,1.982992340144e-03  
  1.990673338987e-01  ,1.116936617245e-03  ,1.981353287216e-03  
  1.995262314969e-01  ,1.115653096845e-03  ,1.979715296044e-03  
  1.999861869633e-01  ,1.114371056284e-03  ,1.978078366395e-03  
  2.004472027365e-01  ,1.113090493866e-03  ,1.976442498039e-03  
  2.009092812609e-01  ,1.111811407898e-03  ,1.974807690743e-03  
  2.013724249862e-01  ,1.110533796687e-03  ,1.973173944276e-03  
  2.018366363681e-01  ,1.109257658545e-03  ,1.971541258403e-03  
  2.023019178678e-01  ,1.107982991784e-03  ,1.969909632891e-03  
  2.027682719521e-01  ,1.106709794718e-03  ,1.968279067505e-03  
  2.032357010936e-01  ,1.105438065664e-03  ,1.966649562010e-03  
  2.037042077706e-01  ,1.104167802940e-03  ,1.965021116168e-03  
  2.041737944669e-01  ,1.102899004867e-03  ,1.963393729744e-03  
  2.046444636725e-01  ,1.101631669766e-03  ,1.961767402500e-03  
  2.051162178825e-01  ,1.100365795961e-03  ,1.960142134199e-03  
  2.055890595984e-01  ,1.099101381780e-03  ,1.958517924600e-03  
  2.060629913270e-01  ,1.097838425550e-03  ,1.956894773465e-03  
  2.065380155810e-01  ,1.096576925600e-03  ,1.955272680553e-03  
  2.070141348791e-01  ,1.095316880264e-03  ,1.953651645624e-03  
  2.074913517455e-01  ,1.094058287875e-03  ,1.952031668436e-03  
  2.079696687104e-01  ,1.092801146768e-03  ,1.950412748746e-03  
  2.084490883097e-01  ,1.091545455283e-03  ,1.948794886313e-03  
  2.089296130854e-01  ,1.090291211757e-03  ,1.947178080892e-03  
  2.094112455851e-01  ,1.089038414534e-03  ,1.945562332239e-03  
  2.098939883623e-01  ,1.087787061957e-03  ,1.943947640110e-03  
  2.103778439766e-01  ,1.086537152371e-03  ,1.942334004258e-03  
  2.108628149933e-01  ,1.085288684123e-03  ,1.940721424438e-03  
  2.113489039837e-01  ,1.084041655564e-03  ,1.939109900402e-03  
  2.118361135248e-01  ,1.082796065044e-03  ,1.937499431904e-03  
  2.123244462000e-01  ,1.081551910917e-03  ,1.935890018695e-03  
  2.128139045983e-01  ,1.080309191538e-03  ,1.934281660525e-03  
  2.133044913146e-01  ,1.079067905264e-03  ,1.932674357147e-03  
  2.137962089502e-01  ,1.077828050454e-03  ,1.931068108308e-03  
  2.142890601120e-01  ,1.076589625469e-03  ,1.929462913759e-03  
  2.147830474130e-01  ,1.075352628671e-03  ,1.927858773248e-03  
  2.152781734724e-01  ,1.074117058426e-03  ,1.926255686523e-03  
  2.157744409153e-01  ,1.072882913100e-03  ,1.924653653331e-03  
  2.162718523727e-01  ,1.071650191062e-03  ,1.923052673419e-03  
  2.167704104820e-01  ,1.070418890682e-03  ,1.921452746532e-03  
  2.172701178864e-01  ,1.069189010332e-03  ,1.919853872415e-03  
  2.177709772353e-01  ,1.067960548387e-03  ,1.918256050814e-03  
  2.182729911843e-01  ,1.066733503223e-03  ,1.916659281472e-03  
  2.187761623949e-01  ,1.065507873218e-03  ,1.915063564133e-03  
  2.192804935350e-01  ,1.064283656751e-03  ,1.913468898539e-03  
  2.197859872785e-01  ,1.063060852205e-03  ,1.911875284432e-03  
  2.202926463053e-01  ,1.061839457964e-03  ,1.910282721553e-03  
  2.208004733019e-01  ,1.060619472412e-03  ,1.908691209644e-03  
  2.213094709605e-01  ,1.059400893938e-03  ,1.907100748444e-03  
  2.218196419800e-01  ,1.058183720931e-03  ,1.905511337693e-03  
  2.223309890651e-01  ,1.056967951782e-03  ,1.903922977129e-03  
  2.228435149270e-01  ,1.055753584884e-03  ,1.902335666491e-03  
  2.233572222830e-01  ,1.054540618632e-03  ,1.900749405516e-03  
  2.238721138568e-01  ,1.053329051423e-03  ,1.899164193941e-03  
  2.243881923783e-01  ,1.052118881656e-03  ,1.897580031502e-03  
  2.249054605836e-01  ,1.050910107731e-03  ,1.895996917935e-03  
  2.254239212152e-01  ,1.049702728051e-03  ,1.894414852975e-03  
  2.259435770221e-01  ,1.048496741021e-03  ,1.892833836357e-03  
  2.264644307593e-01  ,1.047292145045e-03  ,1.891253867813e-03  
  2.269864851884e-01  ,1.046088938534e-03  ,1.889674947077e-03  
  2.275097430772e-01  ,1.044887119895e-03  ,1.888097073881e-03  
  2.280342072000e-01  ,1.043686687542e-03  ,1.886520247958e-03  
  2.285598803375e-01  ,1.042487639888e-03  ,1.884944469039e-03  
  2.290867652768e-01  ,1.041289975348e-03  ,1.883369736853e-03  
  2.296148648112e-01  ,1.040093692340e-03  ,1.881796051131e-03  
  2.301441817408e-01  ,1.038898789283e-03  ,1.880223411603e-03  
  2.306747188720e-01  ,1.037705264597e-03  ,1.878651817997e-03  
  2.312064790175e-01  ,1.036513116707e-03  ,1.877081270041e-03  
  2.317394649968e-01  ,1.035322344036e-03  ,1.875511767463e-03  
  2.322736796357e-01  ,1.034132945011e-03  ,1.873943309989e-03  
  2.328091257665e-01  ,1.032944918061e-03  ,1.872375897346e-03  
  2.333458062281e-01  ,1.031758261615e-03  ,1.870809529259e-03  
  2.338837238659e-01  ,1.030572974106e-03  ,1.869244205453e-03  
  2.344228815320e-01  ,1.029389053969e-03  ,1.867679925654e-03  
  2.349632820848e-01  ,1.028206499637e-03  ,1.866116689583e-03  
  2.355049283896e-01  ,1.027025309550e-03  ,1.864554496966e-03  
  2.360478233180e-01  ,1.025845482146e-03  ,1.862993347524e-03  
  2.365919697486e-01  ,1.024667015867e-03  ,1.861433240979e-03  
  2.371373705661e-01  ,1.023489909156e-03  ,1.859874177053e-03  
  2.376840286625e-01  ,1.022314160458e-03  ,1.858316155466e-03  
  2.382319469359e-01  ,1.021139768219e-03  ,1.856759175938e-03  
  2.387811282913e-01  ,1.019966730888e-03  ,1.855203238189e-03  
  2.393315756405e-01  ,1.018795046915e-03  ,1.853648341939e-03  
  2.398832919019e-01  ,1.017624714752e-03  ,1.852094486904e-03  
  2.404362800007e-01  ,1.016455732854e-03  ,1.850541672804e-03  
  2.409905428686e-01  ,1.015288099676e-03  ,1.848989899355e-03  
  2.415460834445e-01  ,1.014121813675e-03  ,1.847439166273e-03  
  2.421029046736e-01  ,1.012956873311e-03  ,1.845889473275e-03  
  2.426610095082e-01  ,1.011793277046e-03  ,1.844340820076e-03  
  2.432204009074e-01  ,1.010631023341e-03  ,1.842793206390e-03  
  2.437810818369e-01  ,1.009470110663e-03  ,1.841246631932e-03  
  2.443430552694e-01  ,1.008310537477e-03  ,1.839701096416e-03  
  2.449063241845e-01  ,1.007152302252e-03  ,1.838156599554e-03  
  2.454708915685e-01  ,1.005995403458e-03  ,1.836613141059e-03  
  2.460367604147e-01  ,1.004839839567e-03  ,1.835070720642e-03  
  2.466039337234e-01  ,1.003685609053e-03  ,1.833529338015e-03  
  2.471724145016e-01  ,1.002532710391e-03  ,1.831988992888e-03  
  2.477422057633e-01  ,1.001381142058e-03  ,1.830449684971e-03  
  2.483133105295e-01  ,1.000230902535e-03  ,1.828911413974e-03  
  2.488857318282e-01  ,9.990819903005e-04  ,1.827374179606e-03  
  2.494594726943e-01  ,9.979344038385e-04  ,1.825837981575e-03  
  2.500345361696e-01  ,9.967881416333e-04  ,1.824302819588e-03  
  2.506109253032e-01  ,9.956432021708e-04  ,1.822768693353e-03  
  2.511886431509e-01  ,9.944995839393e-04  ,1.821235602576e-03  
  2.517676927759e-01  ,9.933572854284e-04  ,1.819703546964e-03  
  2.523480772480e-01  ,9.922163051297e-04  ,1.818172526221e-03  
  2.529297996446e-01  ,9.910766415365e-04  ,1.816642540052e-03  
  2.535128630498e-01  ,9.899382931438e-04  ,1.815113588162e-03  
  2.540972705549e-01  ,9.888012584485e-04  ,1.813585670255e-03  
  2.546830252585e-01  ,9.876655359492e-04  ,1.812058786033e-03  
  2.552701302661e-01  ,9.865311241462e-04  ,1.810532935198e-03  
  2.558585886905e-01  ,9.853980215416e-04  ,1.809008117454e-03  
  2.564484036518e-01  ,9.842662266394e-04  ,1.807484332500e-03  
  2.570395782769e-01  ,9.831357379451e-04  ,1.805961580039e-03  
  2.576321157002e-01  ,9.820065539662e-04  ,1.804439859770e-03  
  2.582260190634e-01  ,9.808786732117e-04  ,1.802919171393e-03  
  2.588212915153e-01  ,9.797520941926e-04  ,1.801399514607e-03  
  2.594179362119e-01  ,9.786268154215e-04  ,1.799880889111e-03  
  2.600159563165e-01  ,9.775028354127e-04  ,1.798363294602e-03  
  2.606153549999e-01  ,9.763801526824e-04  ,1.796846730779e-03  
  2.612161354399e-01  ,9.752587657484e-04  ,1.795331197337e-03  
  2.618183008219e-01  ,9.741386731303e-04  ,1.793816693974e-03  
  2.624218543384e-01  ,9.730198733496e-04  ,1.792303220384e-03  
  2.630267991895e-01  ,9.719023649292e-04  ,1.790790776264e-03  
  2.636331385825e-01  ,9.707861463939e-04  ,1.789279361308e-03  
  2.642408757322e-01  ,9.696712162703e-04  ,1.787768975209e-03  
  2.648500138607e-01  ,9.685575730867e-04  ,1.786259617663e-03  
  2.654605561975e-01  ,9.674452153731e-04  ,1.784751288360e-03  
  2.660725059799e-01  ,9.663341416612e-04  ,1.783243986995e-03  
  2.666858664521e-01  ,9.652243504845e-04  ,1.781737713258e-03  
  2.673006408663e-01  ,9.641158403781e-04  ,1.780232466842e-03  
  2.679168324819e-01  ,9.630086098789e-04  ,1.778728247436e-03  
  2.685344445658e-01  ,9.619026575256e-04  ,1.777225054732e-03  
  2.691534803927e-01  ,9.607979818584e-04  ,1.775722888419e-03  
  2.697739432445e-01  ,9.596945814195e-04  ,1.774221748185e-03  
  2.703958364109e-01  ,9.585924547526e-04  ,1.772721633721e-03  
  2.710191631891e-01  ,9.574916004032e-04  ,1.771222544713e-03  
  2.716439268839e-01  ,9.563920169184e-04  ,1.769724480850e-03  
  2.722701308078e-01  ,9.552937028473e-04  ,1.768227441818e-03  
  2.728977782808e-01  ,9.541966567402e-04  ,1.766731427304e-03  
  2.735268726307e-01  ,9.531008771497e-04  ,1.765236436993e-03  
  2.741574171928e-01  ,9.520063626297e-04  ,1.763742470572e-03  
  2.747894153102e-01  ,9.509131117358e-04  ,1.762249527724e-03  
  2.754228703338e-01  ,9.498211230256e-04  ,1.760757608135e-03  
  2.760577856220e-01  ,9.487303950581e-04  ,1.759266711488e-03  
  2.766941645411e-01  ,9.476409263941e-04  ,1.757776837466e-03  
  2.773320104652e-01  ,9.465527155961e-04  ,1.756287985753e-03  
  2.779713267759e-01  ,9.454657612284e-04  ,1.754800156030e-03  
  2.786121168630e-01  ,9.443800618567e-04  ,1.753313347978e-03  
  2.792543841237e-01  ,9.432956160487e-04  ,1.751827561280e-03  
  2.798981319634e-01  ,9.422124223736e-04  ,1.750342795616e-03  
  2.805433637952e-01  ,9.411304794024e-04  ,1.748859050666e-03  
  2.811900830399e-01  ,9.400497857077e-04  ,1.747376326109e-03  
  2.818382931264e-01  ,9.389703398638e-04  ,1.745894621624e-03  
  2.824879974915e-01  ,9.378921404467e-04  ,1.744413936890e-03  
  2.831391995799e-01  ,9.368151860340e-04  ,1.742934271586e-03  
  2.837919028441e-01  ,9.357394752051e-04  ,1.741455625388e-03  
  2.844461107448e-01  ,9.346650065410e-04  ,1.739977997974e-03  
  2.851018267504e-01  ,9.335917786244e-04  ,1.738501389020e-03  
  2.857590543375e-01  ,9.325197900396e-04  ,1.737025798201e-03  
  2.864177969906e-01  ,9.314490393727e-04  ,1.735551225194e-03  
  2.870780582024e-01  ,9.303795252113e-04  ,1.734077669674e-03  
  2.877398414735e-01  ,9.293112461449e-04  ,1.732605131314e-03  
  2.884031503126e-01  ,9.282442007644e-04  ,1.731133609788e-03  
  2.890679882365e-01  ,9.271783876625e-04  ,1.729663104771e-03  
  2.897343587701e-01  ,9.261138054336e-04  ,1.728193615935e-03  
  2.904022654464e-01  ,9.250504526736e-04  ,1.726725142952e-03  
  2.910717118066e-01  ,9.239883279803e-04  ,1.725257685494e-03  
  2.917427014001e-01  ,9.229274299529e-04  ,1.723791243233e-03  
  2.924152377843e-01  ,9.218677571924e-04  ,1.722325815839e-03  
  2.930893245250e-01  ,9.208093083015e-04  ,1.720861402983e-03  
  2.937649651961e-01  ,9.197520818843e-04  ,1.719398004335e-03  
  2.944421633799e-01  ,9.186960765468e-04  ,1.717935619563e-03  
  2.951209226666e-01  ,9.176412908966e-04  ,1.716474248338e-03  
  2.958012466551e-01  ,9.165877235429e-04  ,1.715013890326e-03  
  2.964831389524e-01  ,9.155353730965e-04  ,1.713554545197e-03  
  2.971666031738e-01  ,9.144842381699e-04  ,1.712096212617e-03  
  2.978516429429e-01  ,9.134343173772e-04  ,1.710638892254e-03  
  2.985382618918e-01  ,9.123856093342e-04  ,1.709182583773e-03  
  2.992264636608e-01  ,9.113381126583e-04  ,1.707727286841e-03  
  2.999162518987e-01  ,9.102918259686e-04  ,1.706273001123e-03  
  3.006076302628e-01  ,9.092467478856e-04  ,1.704819726284e-03  
  3.013006024186e-01  ,9.082028770318e-04  ,1.703367461988e-03  
  3.019951720402e-01  ,9.071602120310e-04  ,1.701916207900e-03  
  3.026913428101e-01  ,9.061187515087e-04  ,1.700465963682e-03  
  3.033891184194e-01  ,9.050784940922e-04  ,1.699016728998e-03  
  3.040885025676e-01  ,9.040394384103e-04  ,1.697568503511e-03  
  3.047894989628e-01  ,9.030015830934e-04  ,1.696121286881e-03  
  3.054921113215e-01  ,9.019649267735e-04  ,1.694675078771e-03  
  3.061963433690e-01  ,9.009294680843e-04  ,1.693229878842e-03  
  3.069021988391e-01  ,8.998952056610e-04  ,1.691785686754e-03  
  3.076096814740e-01  ,8.988621381407e-04  ,1.690342502168e-03  
  3.083187950249e-01  ,8.978302641617e-04  ,1.688900324742e-03  
  3.090295432513e-01  ,8.967995823642e-04  ,1.687459154136e-03  
  3.097419299216e-01  ,8.957700913899e-04  ,1.686018990010e-03  
  3.104559588128e-01  ,8.947417898822e-04  ,1.684579832020e-03  
  3.111716337106e-01  ,8.937146764861e-04  ,1.683141679824e-03  
  3.118889584094e-01  ,8.926887498480e-04  ,1.681704533081e-03  
  3.126079367124e-01  ,8.916640086161e-04  ,1.680268391446e-03  
  3.133285724315e-01  ,8.906404514402e-04  ,1.678833254575e-03  
  3.140508693876e-01  ,8.896180769717e-04  ,1.677399122126e-03  
  3.147748314101e-01  ,8.885968838634e-04  ,1.675965993752e-03  
  3.155004623374e-01  ,8.875768707700e-04  ,1.674533869110e-03  
  3.162277660168e-01  ,8.865580363476e-04  ,1.673102747852e-03  
  3.169567463043e-01  ,8.855403792539e-04  ,1.671672629634e-03  
  3.176874070650e-01  ,8.845238981483e-04  ,1.670243514109e-03  
  3.184197521726e-01  ,8.835085916916e-04  ,1.668815400929e-03  
  3.191537855101e-01  ,8.824944585465e-04  ,1.667388289748e-03  
  3.198895109691e-01  ,8.814814973770e-04  ,1.665962180217e-03  
  3.206269324505e-01  ,8.804697068487e-04  ,1.664537071988e-03  
  3.213660538640e-01  ,8.794590856290e-04  ,1.663112964713e-03  
  3.221068791283e-01  ,8.784496323867e-04  ,1.661689858041e-03  
  3.228494121712e-01  ,8.774413457923e-04  ,1.660267751624e-03  
  3.235936569296e-01  ,8.764342245176e-04  ,1.658846645111e-03  
  3.243396173493e-01  ,8.754282672364e-04  ,1.657426538151e-03  
  3.250872973854e-01  ,8.744234726238e-04  ,1.656007430394e-03  
  3.258367010020e-01  ,8.734198393564e-04  ,1.654589321487e-03  
  3.265878321723e-01  ,8.724173661127e-04  ,1.653172211080e-03  
  3.273406948788e-01  ,8.714160515725e-04  ,1.651756098818e-03  
  3.280952931131e-01  ,8.704158944172e-04  ,1.650340984351e-03  
  3.288516308760e-01  ,8.694168933299e-04  ,1.648926867324e-03  
  3.296097121774e-01  ,8.684190469951e-04  ,1.647513747383e-03  
  3.303695410368e-01  ,8.674223540990e-04  ,1.646101624174e-03  
  3.311311214826e-01  ,8.664268133293e-04  ,1.644690497343e-03  
  3.318944575526e-01  ,8.654324233752e-04  ,1.643280366535e-03  
  3.326595532940e-01  ,8.644391829276e-04  ,1.641871231393e-03  
  3.334264127632e-01  ,8.634470906789e-04  ,1.640463091562e-03  
  3.341950400261e-01  ,8.624561453229e-04  ,1.639055946686e-03  
  3.349654391578e-01  ,8.614663455553e-04  ,1.637649796408e-03  
  3.357376142429e-01  ,8.604776900730e-04  ,1.636244640370e-03  
  3.365115693755e-01  ,8.594901775746e-04  ,1.634840478215e-03  
  3.372873086588e-01  ,8.585038067602e-04  ,1.633437309584e-03  
  3.380648362060e-01  ,8.575185763317e-04  ,1.632035134120e-03  
  3.388441561392e-01  ,8.565344849922e-04  ,1.630633951462e-03  
  3.396252725904e-01  ,8.555515314464e-04  ,1.629233761251e-03  
  3.404081897010e-01  ,8.545697144009e-04  ,1.627834563128e-03  
  3.411929116219e-01  ,8.535890325633e-04  ,1.626436356733e-03  
  3.419794425137e-01  ,8.526094846431e-04  ,1.625039141704e-03  
  3.427677865464e-01  ,8.516310693513e-04  ,1.623642917680e-03  
  3.435579478998e-01  ,8.506537854004e-04  ,1.622247684300e-03  
  3.443499307633e-01  ,8.496776315043e-04  ,1.620853441201e-03  
  3.451437393358e-01  ,8.487026063787e-04  ,1.619460188022e-03  
  3.459393778261e-01  ,8.477287087406e-04  ,1.618067924400e-03  
  3.467368504525e-01  ,8.467559373087e-04  ,1.616676649970e-03  
  3.475361614432e-01  ,8.457842908031e-04  ,1.615286364370e-03  
  3.483373150360e-01  ,8.448137679454e-04  ,1.613897067235e-03  
  3.491403154786e-01  ,8.438443674589e-04  ,1.612508758201e-03  
  3.499451670283e-01  ,8.428760880684e-04  ,1.611121436902e-03  
  3.507518739525e-01  ,8.419089285000e-04  ,1.609735102974e-03  
  3.515604405283e-01  ,8.409428874815e-04  ,1.608349756051e-03  
  3.523708710425e-01  ,8.399779637423e-04  ,1.606965395766e-03  
  3.531831697919e-01  ,8.390141560131e-04  ,1.605582021753e-03  
  3.539973410834e-01  ,8.380514630263e-04  ,1.604199633644e-03  
  3.548133892335e-01  ,8.370898835157e-04  ,1.602818231073e-03  
  3.556313185690e-01  ,8.361294162167e-04  ,1.601437813672e-03  
  3.564511334262e-01  ,8.351700598662e-04  ,1.600058381071e-03  
  3.572728381519e-01  ,8.342118132024e-04  ,1.598679932903e-03  
  3.580964371026e-01  ,8.332546749654e-04  ,1.597302468799e-03  
  3.589219346450e-01  ,8.322986438965e-04  ,1.595925988389e-03  
  3.597493351557e-01  ,8.313437187387e-04  ,1.594550491303e-03  
  3.605786430216e-01  ,8.303898982363e-04  ,1.593175977170e-03  
  3.614098626396e-01  ,8.294371811352e-04  ,1.591802445621e-03  
  3.622429984167e-01  ,8.284855661829e-04  ,1.590429896285e-03  
  3.630780547701e-01  ,8.275350521283e-04  ,1.589058328788e-03  
  3.639150361272e-01  ,8.265856377217e-04  ,1.587687742761e-03  
  3.647539469256e-01  ,8.256373217152e-04  ,1.586318137830e-03  
  3.655947916131e-01  ,8.246901028621e-04  ,1.584949513623e-03  
  3.664375746478e-01  ,8.237439799174e-04  ,1.583581869766e-03  
  3.672823004981e-01  ,8.227989516373e-04  ,1.582215205887e-03  
  3.681289736425e-01  ,8.218550167798e-04  ,1.580849521612e-03  
  3.689775985701e-01  ,8.209121741044e-04  ,1.579484816566e-03  
  3.698281797802e-01  ,8.199704223717e-04  ,1.578121090374e-03  
  3.706807217825e-01  ,8.190297603443e-04  ,1.576758342662e-03  
  3.715352290971e-01  ,8.180901867859e-04  ,1.575396573054e-03  
  3.723917062545e-01  ,8.171517004618e-04  ,1.574035781174e-03  
  3.732501577957e-01  ,8.162143001389e-04  ,1.572675966647e-03  
  3.741105882720e-01  ,8.152779845855e-04  ,1.571317129095e-03  
  3.749730022455e-01  ,8.143427525712e-04  ,1.569959268142e-03  
  3.758374042884e-01  ,8.134086028674e-04  ,1.568602383410e-03  
  3.767037989839e-01  ,8.124755342468e-04  ,1.567246474522e-03  
  3.775721909254e-01  ,8.115435454835e-04  ,1.565891541099e-03  
  3.784425847171e-01  ,8.106126353533e-04  ,1.564537582764e-03  
  3.793149849737e-01  ,8.096828026332e-04  ,1.563184599136e-03  
  3.801893963205e-01  ,8.087540461020e-04  ,1.561832589838e-03  
  3.810658233937e-01  ,8.078263645396e-04  ,1.560481554489e-03  
  3.819442708400e-01  ,8.068997567276e-04  ,1.559131492709e-03  
  3.828247433168e-01  ,8.059742214490e-04  ,1.557782404119e-03  
  3.837072454922e-01  ,8.050497574883e-04  ,1.556434288336e-03  
  3.845917820453e-01  ,8.041263636315e-04  ,1.555087144981e-03  
  3.854783576657e-01  ,8.032040386659e-04  ,1.553740973672e-03  
  3.863669770540e-01  ,8.022827813805e-04  ,1.552395774026e-03  
  3.872576449216e-01  ,8.013625905655e-04  ,1.551051545662e-03  
  3.881503659906e-01  ,8.004434650128e-04  ,1.549708288197e-03  
  3.890451449942e-01  ,7.995254035155e-04  ,1.548366001248e-03  
  3.899419866765e-01  ,7.986084048684e-04  ,1.547024684432e-03  
  3.908408957924e-01  ,7.976924678676e-04  ,1.545684337365e-03  
  3.917418771078e-01  ,7.967775913108e-04  ,1.544344959663e-03  
  3.926449353996e-01  ,7.958637739969e-04  ,1.543006550942e-03  
  3.935500754557e-01  ,7.949510147265e-04  ,1.541669110817e-03  
  3.944573020752e-01  ,7.940393123016e-04  ,1.540332638903e-03  
  3.953666200681e-01  ,7.931286655254e-04  ,1.538997134813e-03  
  3.962780342554e-01  ,7.922190732029e-04  ,1.537662598164e-03  
  3.971915494694e-01  ,7.913105341404e-04  ,1.536329028567e-03  
  3.981071705535e-01  ,7.904030471456e-04  ,1.534996425637e-03  
  3.990249023621e-01  ,7.894966110276e-04  ,1.533664788987e-03  
  3.999447497611e-01  ,7.885912245970e-04  ,1.532334118230e-03  
  4.008667176273e-01  ,7.876868866660e-04  ,1.531004412977e-03  
  4.017908108489e-01  ,7.867835960480e-04  ,1.529675672842e-03  
  4.027170343254e-01  ,7.858813515578e-04  ,1.528347897435e-03  
  4.036453929676e-01  ,7.849801520120e-04  ,1.527021086368e-03  
  4.045758916974e-01  ,7.840799962282e-04  ,1.525695239251e-03  
  4.055085354483e-01  ,7.831808830256e-04  ,1.524370355697e-03  
  4.064433291652e-01  ,7.822828112250e-04  ,1.523046435314e-03  
  4.073802778041e-01  ,7.813857796484e-04  ,1.521723477713e-03  
  4.083193863327e-01  ,7.804897871192e-04  ,1.520401482503e-03  
  4.092606597300e-01  ,7.795948324625e-04  ,1.519080449294e-03  
  4.102041029866e-01  ,7.787009145046e-04  ,1.517760377694e-03  
  4.111497211045e-01  ,7.778080320732e-04  ,1.516441267313e-03  
  4.120975190973e-01  ,7.769161839976e-04  ,1.515123117758e-03  
  4.130475019901e-01  ,7.760253691084e-04  ,1.513805928637e-03  
  4.139996748197e-01  ,7.751355862375e-04  ,1.512489699558e-03  
  4.149540426343e-01  ,7.742468342186e-04  ,1.511174430127e-03  
  4.159106104940e-01  ,7.733591118864e-04  ,1.509860119953e-03  
  4.168693834703e-01  ,7.724724180772e-04  ,1.508546768641e-03  
  4.178303666466e-01  ,7.715867516288e-04  ,1.507234375798e-03  
  4.187935651179e-01  ,7.707021113802e-04  ,1.505922941029e-03  
  4.197589839910e-01  ,7.698184961720e-04  ,1.504612463940e-03  
  4.207266283844e-01  ,7.689359048461e-04  ,1.503302944136e-03  
  4.216965034285e-01  ,7.680543362459e-04  ,1.501994381223e-03  
  4.226686142656e-01  ,7.671737892161e-04  ,1.500686774804e-03  
  4.236429660495e-01  ,7.662942626028e-04  ,1.499380124484e-03  
  4.246195639463e-01  ,7.654157552537e-04  ,1.498074429867e-03  
  4.255984131337e-01  ,7.645382660176e-04  ,1.496769690557e-03  
  4.265795188016e-01  ,7.636617937450e-04  ,1.495465906156e-03  
  4.275628861515e-01  ,7.627863372877e-04  ,1.494163076267e-03  
  4.285485203974e-01  ,7.619118954987e-04  ,1.492861200494e-03  
  4.295364267649e-01  ,7.610384672327e-04  ,1.491560278438e-03  
  4.305266104917e-01  ,7.601660513456e-04  ,1.490260309702e-03  
  4.315190768277e-01  ,7.592946466948e-04  ,1.488961293886e-03  
  4.325138310350e-01  ,7.584242521389e-04  ,1.487663230593e-03  
  4.335108783875e-01  ,7.575548665383e-04  ,1.486366119424e-03  
  4.345102241715e-01  ,7.566864887544e-04  ,1.485069959978e-03  
  4.355118736855e-01  ,7.558191176500e-04  ,1.483774751857e-03  
  4.365158322401e-01  ,7.549527520896e-04  ,1.482480494661e-03  
  4.375221051582e-01  ,7.540873909389e-04  ,1.481187187988e-03  
  4.385306977749e-01  ,7.532230330649e-04  ,1.479894831440e-03  
  4.395416154378e-01  ,7.523596773360e-04  ,1.478603424614e-03  
  4.405548635065e-01  ,7.514973226223e-04  ,1.477312967110e-03  
  4.415704473533e-01  ,7.506359677948e-04  ,1.476023458526e-03  
  4.425883723626e-01  ,7.497756117262e-04  ,1.474734898461e-03  
  4.436086439314e-01  ,7.489162532906e-04  ,1.473447286512e-03  
  4.446312674691e-01  ,7.480578913632e-04  ,1.472160622277e-03  
  4.456562483975e-01  ,7.472005248209e-04  ,1.470874905353e-03  
  4.466835921509e-01  ,7.463441525418e-04  ,1.469590135337e-03  
  4.477133041763e-01  ,7.454887734053e-04  ,1.468306311825e-03  
  4.487453899331e-01  ,7.446343862924e-04  ,1.467023434415e-03  
  4.497798548932e-01  ,7.437809900854e-04  ,1.465741502703e-03  
  4.508167045414e-01  ,7.429285836677e-04  ,1.464460516283e-03  
  4.518559443749e-01  ,7.420771659246e-04  ,1.463180474752e-03  
  4.528975799036e-01  ,7.412267357422e-04  ,1.461901377704e-03  
  4.539416166502e-01  ,7.403772920083e-04  ,1.460623224735e-03  
  4.549880601500e-01  ,7.395288336121e-04  ,1.459346015439e-03  
  4.560369159513e-01  ,7.386813594440e-04  ,1.458069749411e-03  
  4.570881896148e-01  ,7.378348683958e-04  ,1.456794426244e-03  
  4.581418867145e-01  ,7.369893593607e-04  ,1.455520045532e-03  
  4.591980128368e-01  ,7.361448312332e-04  ,1.454246606869e-03  
  4.602565735813e-01  ,7.353012829094e-04  ,1.452974109848e-03  
  4.613175745603e-01  ,7.344587132863e-04  ,1.451702554061e-03  
  4.623810213992e-01  ,7.336171212627e-04  ,1.450431939101e-03  
  4.634469197362e-01  ,7.327765057386e-04  ,1.449162264560e-03  
  4.645152752227e-01  ,7.319368656152e-04  ,1.447893530031e-03  
  4.655860935229e-01  ,7.310981997953e-04  ,1.446625735105e-03  
  4.666593803142e-01  ,7.302605071829e-04  ,1.445358879373e-03  
  4.677351412872e-01  ,7.294237866835e-04  ,1.444092962427e-03  
  4.688133821452e-01  ,7.285880372036e-04  ,1.442827983857e-03  
  4.698941086052e-01  ,7.277532576516e-04  ,1.441563943254e-03  
  4.709773263969e-01  ,7.269194469367e-04  ,1.440300840208e-03  
  4.720630412635e-01  ,7.260866039699e-04  ,1.439038674310e-03  
  4.731512589614e-01  ,7.252547276631e-04  ,1.437777445148e-03  
  4.742419852602e-01  ,7.244238169300e-04  ,1.436517152313e-03  
  4.753352259428e-01  ,7.235938706853e-04  ,1.435257795393e-03  
  4.764309868054e-01  ,7.227648878452e-04  ,1.433999373978e-03  
  4.775292736576e-01  ,7.219368673272e-04  ,1.432741887656e-03  
  4.786300923226e-01  ,7.211098080502e-04  ,1.431485336015e-03  
  4.797334486366e-01  ,7.202837089343e-04  ,1.430229718644e-03  
  4.808393484497e-01  ,7.194585689010e-04  ,1.428975035130e-03  
  4.819477976251e-01  ,7.186343868733e-04  ,1.427721285060e-03  
  4.830588020397e-01  ,7.178111617753e-04  ,1.426468468023e-03  
  4.841723675841e-01  ,7.169888925325e-04  ,1.425216583605e-03  
  4.852885001621e-01  ,7.161675780719e-04  ,1.423965631393e-03  
  4.864072056914e-01  ,7.153472173215e-04  ,1.422715610972e-03  
  4.875284901033e-01  ,7.145278092110e-04  ,1.421466521931e-03  
  4.886523593428e-01  ,7.137093526712e-04  ,1.420218363854e-03  
  4.897788193684e-01  ,7.128918466342e-04  ,1.418971136326e-03  
  4.909078761526e-01  ,7.120752900336e-04  ,1.417724838935e-03  
  4.920395356814e-01  ,7.112596818041e-04  ,1.416479471263e-03  
  4.931738039549e-01  ,7.104450208821e-04  ,1.415235032898e-03  
  4.943106869868e-01  ,7.096313062049e-04  ,1.413991523422e-03  
  4.954501908047e-01  ,7.088185367113e-04  ,1.412748942421e-03  
  4.965923214503e-01  ,7.080067113415e-04  ,1.411507289479e-03  
  4.977370849789e-01  ,7.071958290369e-04  ,1.410266564179e-03  
  4.988844874600e-01  ,7.063858887404e-04  ,1.409026766105e-03  
  5.000345349769e-01  ,7.055768893959e-04  ,1.407787894840e-03  
  5.011872336272e-01  ,7.047688299488e-04  ,1.406549949968e-03  
  5.023425895223e-01  ,7.039617093460e-04  ,1.405312931071e-03  
  5.035006087879e-01  ,7.031555265354e-04  ,1.404076837733e-03  
  5.046612975635e-01  ,7.023502804664e-04  ,1.402841669534e-03  
  5.058246620031e-01  ,7.015459700896e-04  ,1.401607426058e-03  
  5.069907082747e-01  ,7.007425943570e-04  ,1.400374106886e-03  
  5.081594425605e-01  ,6.999401522218e-04  ,1.399141711600e-03  
  5.093308710571e-01  ,6.991386426388e-04  ,1.397910239781e-03  
  5.105049999754e-01  ,6.983380645637e-04  ,1.396679691010e-03  
  5.116818355403e-01  ,6.975384169538e-04  ,1.395450064869e-03  
  5.128613839913e-01  ,6.967396987675e-04  ,1.394221360937e-03  
  5.140436515824e-01  ,6.959419089648e-04  ,1.392993578795e-03  
  5.152286445817e-01  ,6.951450465066e-04  ,1.391766718024e-03  
  5.164163692720e-01  ,6.943491103556e-04  ,1.390540778203e-03  
  5.176068319505e-01  ,6.935540994752e-04  ,1.389315758911e-03  
  5.188000389289e-01  ,6.927600128307e-04  ,1.388091659729e-03  
  5.199959965335e-01  ,6.919668493883e-04  ,1.386868480235e-03  
  5.211947111050e-01  ,6.911746081156e-04  ,1.385646220009e-03  
  5.223961889991e-01  ,6.903832879815e-04  ,1.384424878628e-03  
  5.236004365857e-01  ,6.895928879563e-04  ,1.383204455673e-03  
  5.248074602497e-01  ,6.888034070116e-04  ,1.381984950720e-03  
  5.260172663907e-01  ,6.880148441199e-04  ,1.380766363347e-03  
  5.272298614228e-01  ,6.872271982556e-04  ,1.379548693134e-03  
  5.284452517751e-01  ,6.864404683940e-04  ,1.378331939656e-03  
  5.296634438916e-01  ,6.856546535117e-04  ,1.377116102492e-03  
  5.308844442309e-01  ,6.848697525867e-04  ,1.375901181219e-03  
  5.321082592667e-01  ,6.840857645984e-04  ,1.374687175413e-03  
  5.333348954876e-01  ,6.833026885272e-04  ,1.373474084651e-03  
  5.345643593969e-01  ,6.825205233549e-04  ,1.372261908509e-03  
  5.357966575133e-01  ,6.817392680648e-04  ,1.371050646564e-03  
  5.370317963702e-01  ,6.809589216412e-04  ,1.369840298392e-03  
  5.382697825162e-01  ,6.801794830698e-04  ,1.368630863567e-03  
  5.395106225151e-01  ,6.794009513375e-04  ,1.367422341667e-03  
  5.407543229455e-01  ,6.786233254327e-04  ,1.366214732266e-03  
  5.420008904016e-01  ,6.778466043449e-04  ,1.365008034939e-03  
  5.432503314924e-01  ,6.770707870649e-04  ,1.363802249262e-03  
  5.445026528424e-01  ,6.762958725847e-04  ,1.362597374808e-03  
  5.457578610912e-01  ,6.755218598978e-04  ,1.361393411152e-03  
  5.470159628939e-01  ,6.747487479988e-04  ,1.360190357869e-03  
  5.482769649208e-01  ,6.739765358837e-04  ,1.358988214532e-03  
  5.495408738576e-01  ,6.732052225496e-04  ,1.357786980715e-03  
  5.508076964054e-01  ,6.724348069950e-04  ,1.356586655992e-03  
  5.520774392807e-01  ,6.716652882196e-04  ,1.355387239936e-03  
  5.533501092157e-01  ,6.708966652246e-04  ,1.354188732120e-03  
  5.546257129579e-01  ,6.701289370121e-04  ,1.352991132118e-03  
  5.559042572704e-01  ,6.693621025858e-04  ,1.351794439501e-03  
  5.571857489319e-01  ,6.685961609504e-04  ,1.350598653843e-03  
  5.584701947368e-01  ,6.678311111121e-04  ,1.349403774715e-03  
  5.597576014951e-01  ,6.670669520782e-04  ,1.348209801691e-03  
  5.610479760324e-01  ,6.663036828574e-04  ,1.347016734341e-03  
  5.623413251903e-01  ,6.655413024596e-04  ,1.345824572237e-03  
  5.636376558259e-01  ,6.647798098959e-04  ,1.344633314952e-03  
  5.649369748122e-01  ,6.640192041787e-04  ,1.343442962056e-03  
  5.662392890382e-01  ,6.632594843218e-04  ,1.342253513120e-03  
  5.675446054085e-01  ,6.625006493400e-04  ,1.341064967715e-03  
  5.688529308438e-01  ,6.617426982497e-04  ,1.339877325412e-03  
  5.701642722807e-01  ,6.609856300682e-04  ,1.338690585782e-03  
  5.714786366718e-01  ,6.602294438143e-04  ,1.337504748394e-03  
  5.727960309858e-01  ,6.594741385080e-04  ,1.336319812820e-03  
  5.741164622073e-01  ,6.587197131704e-04  ,1.335135778627e-03  
  5.754399373371e-01  ,6.579661668242e-04  ,1.333952645388e-03  
  5.767664633922e-01  ,6.572134984931e-04  ,1.332770412670e-03  
  5.780960474057e-01  ,6.564617072020e-04  ,1.331589080044e-03  
  5.794286964268e-01  ,6.557107919772e-04  ,1.330408647077e-03  
  5.807644175213e-01  ,6.549607518463e-04  ,1.329229113341e-03  
  5.821032177708e-01  ,6.542115858380e-04  ,1.328050478402e-03  
  5.834451042737e-01  ,6.534632929823e-04  ,1.326872741830e-03  
  5.847900841444e-01  ,6.527158723104e-04  ,1.325695903193e-03  
  5.861381645140e-01  ,6.519693228550e-04  ,1.324519962059e-03  
  5.874893525297e-01  ,6.512236436497e-04  ,1.323344917997e-03  
  5.888436553555e-01  ,6.504788337295e-04  ,1.322170770573e-03  
  5.902010801718e-01  ,6.497348921307e-04  ,1.320997519357e-03  
  5.915616341754e-01  ,6.489918178908e-04  ,1.319825163914e-03  
  5.929253245799e-01  ,6.482496100486e-04  ,1.318653703813e-03  
  5.942921586155e-01  ,6.475082676439e-04  ,1.317483138620e-03  
  5.956621435290e-01  ,6.467677897181e-04  ,1.316313467902e-03  
  5.970352865838e-01  ,6.460281753136e-04  ,1.315144691227e-03  
  5.984115950603e-01  ,6.452894234740e-04  ,1.313976808160e-03  
  5.997910762555e-01  ,6.445515332445e-04  ,1.312809818269e-03  
  6.011737374832e-01  ,6.438145036710e-04  ,1.311643721118e-03  
  6.025595860743e-01  ,6.430783338011e-04  ,1.310478516275e-03  
  6.039486293763e-01  ,6.423430226835e-04  ,1.309314203305e-03  
  6.053408747539e-01  ,6.416085693679e-04  ,1.308150781774e-03  
  6.067363295884e-01  ,6.408749729056e-04  ,1.306988251247e-03  
  6.081350012787e-01  ,6.401422323489e-04  ,1.305826611289e-03  
  6.095368972401e-01  ,6.394103467514e-04  ,1.304665861467e-03  
  6.109420249055e-01  ,6.386793151679e-04  ,1.303506001343e-03  
  6.123503917247e-01  ,6.379491366546e-04  ,1.302347030485e-03  
  6.137620051647e-01  ,6.372198102686e-04  ,1.301188948456e-03  
  6.151768727098e-01  ,6.364913350686e-04  ,1.300031754820e-03  
  6.165950018614e-01  ,6.357637101142e-04  ,1.298875449142e-03  
  6.180164001384e-01  ,6.350369344665e-04  ,1.297720030987e-03  
  6.194410750767e-01  ,6.343110071877e-04  ,1.296565499917e-03  
  6.208690342300e-01  ,6.335859273411e-04  ,1.295411855498e-03  
  6.223002851691e-01  ,6.328616939916e-04  ,1.294259097292e-03  
  6.237348354824e-01  ,6.321383062049e-04  ,1.293107224863e-03  
  6.251726927756e-01  ,6.314157630481e-04  ,1.291956237775e-03  
  6.266138646723e-01  ,6.306940635897e-04  ,1.290806135590e-03  
  6.280583588133e-01  ,6.299732068992e-04  ,1.289656917872e-03  
  6.295061828571e-01  ,6.292531920473e-04  ,1.288508584183e-03  
  6.309573444801e-01  ,6.285340181061e-04  ,1.287361134087e-03  
  6.324118513762e-01  ,6.278156841487e-04  ,1.286214567145e-03  
  6.338697112569e-01  ,6.270981892497e-04  ,1.285068882920e-03  
  6.353309318517e-01  ,6.263815324847e-04  ,1.283924080975e-03  
  6.367955209079e-01  ,6.256657129306e-04  ,1.282780160871e-03  
  6.382634861905e-01  ,6.249507296654e-04  ,1.281637122170e-03  
  6.397348354826e-01  ,6.242365817685e-04  ,1.280494964435e-03  
  6.412095765851e-01  ,6.235232683205e-04  ,1.279353687226e-03  
  6.426877173170e-01  ,6.228107884030e-04  ,1.278213290106e-03  
  6.441692655151e-01  ,6.220991410990e-04  ,1.277073772635e-03  
  6.456542290346e-01  ,6.213883254928e-04  ,1.275935134375e-03  
  6.471426157485e-01  ,6.206783406696e-04  ,1.274797374887e-03  
  6.486344335482e-01  ,6.199691857162e-04  ,1.273660493732e-03  
  6.501296903430e-01  ,6.192608597202e-04  ,1.272524490470e-03  
  6.516283940608e-01  ,6.185533617708e-04  ,1.271389364662e-03  
  6.531305526474e-01  ,6.178466909581e-04  ,1.270255115869e-03  
  6.546361740672e-01  ,6.171408463736e-04  ,1.269121743650e-03  
  6.561452663028e-01  ,6.164358271100e-04  ,1.267989247566e-03  
  6.576578373554e-01  ,6.157316322611e-04  ,1.266857627178e-03  
  6.591738952443e-01  ,6.150282609220e-04  ,1.265726882044e-03  
  6.606934480075e-01  ,6.143257121889e-04  ,1.264597011725e-03  
  6.622165037017e-01  ,6.136239851593e-04  ,1.263468015781e-03  
  6.637430704018e-01  ,6.129230789319e-04  ,1.262339893770e-03  
  6.652731562017e-01  ,6.122229926066e-04  ,1.261212645252e-03  
  6.668067692136e-01  ,6.115237252845e-04  ,1.260086269787e-03  
  6.683439175685e-01  ,6.108252760678e-04  ,1.258960766933e-03  
  6.698846094165e-01  ,6.101276440601e-04  ,1.257836136249e-03  
  6.714288529259e-01  ,6.094308283661e-04  ,1.256712377295e-03  
  6.729766562843e-01  ,6.087348280915e-04  ,1.255589489629e-03  
  6.745280276979e-01  ,6.080396423437e-04  ,1.254467472808e-03  
  6.760829753919e-01  ,6.073452702307e-04  ,1.253346326393e-03  
  6.776415076106e-01  ,6.066517108622e-04  ,1.252226049941e-03  
  6.792036326171e-01  ,6.059589633488e-04  ,1.251106643010e-03  
  6.807693586937e-01  ,6.052670268024e-04  ,1.249988105159e-03  
  6.823386941416e-01  ,6.045759003361e-04  ,1.248870435944e-03  
  6.839116472814e-01  ,6.038855830641e-04  ,1.247753634925e-03  
  6.854882264526e-01  ,6.031960741020e-04  ,1.246637701658e-03  
  6.870684400142e-01  ,6.025073725664e-04  ,1.245522635702e-03  
  6.886522963442e-01  ,6.018194775752e-04  ,1.244408436613e-03  
  6.902398038402e-01  ,6.011323882474e-04  ,1.243295103949e-03  
  6.918309709189e-01  ,6.004461037032e-04  ,1.242182637268e-03  
  6.934258060165e-01  ,5.997606230642e-04  ,1.241071036125e-03  
  6.950243175887e-01  ,5.990759454530e-04  ,1.239960300079e-03  
  6.966265141107e-01  ,5.983920699933e-04  ,1.238850428685e-03  
  6.982324040771e-01  ,5.977089958102e-04  ,1.237741421501e-03  
  6.998419960022e-01  ,5.970267220299e-04  ,1.236633278083e-03  
  7.014552984199e-01  ,5.963452477798e-04  ,1.235525997988e-03  
  7.030723198838e-01  ,5.956645721884e-04  ,1.234419580772e-03  
  7.046930689671e-01  ,5.949846943856e-04  ,1.233314025992e-03  
  7.063175542629e-01  ,5.943056135022e-04  ,1.232209333202e-03  
  7.079457843841e-01  ,5.936273286705e-04  ,1.231105501960e-03  
  7.095777679633e-01  ,5.929498390237e-04  ,1.230002531822e-03  
  7.112135136533e-01  ,5.922731436964e-04  ,1.228900422342e-03  
  7.128530301264e-01  ,5.915972418242e-04  ,1.227799173077e-03  
  7.144963260754e-01  ,5.909221325440e-04  ,1.226698783583e-03  
  7.161434102128e-01  ,5.902478149939e-04  ,1.225599253415e-03  
  7.177942912713e-01  ,5.895742883132e-04  ,1.224500582128e-03  
  7.194489780036e-01  ,5.889015516422e-04  ,1.223402769277e-03  
  7.211074791828e-01  ,5.882296041226e-04  ,1.222305814418e-03  
  7.227698036021e-01  ,5.875584448972e-04  ,1.221209717105e-03  
  7.244359600749e-01  ,5.868880731098e-04  ,1.220114476895e-03  
  7.261059574351e-01  ,5.862184879058e-04  ,1.219020093341e-03  
  7.277798045368e-01  ,5.855496884314e-04  ,1.217926565998e-03  
  7.294575102545e-01  ,5.848816738340e-04  ,1.216833894421e-03  
  7.311390834833e-01  ,5.842144432625e-04  ,1.215742078164e-03  
  7.328245331388e-01  ,5.835479958667e-04  ,1.214651116783e-03  
  7.345138681570e-01  ,5.828823307975e-04  ,1.213561009830e-03  
  7.362070974947e-01  ,5.822174472073e-04  ,1.212471756861e-03  
  7.379042301290e-01  ,5.815533442493e-04  ,1.211383357430e-03  
  7.396052750582e-01  ,5.808900210783e-04  ,1.210295811091e-03  
  7.413102413008e-01  ,5.802274768499e-04  ,1.209209117397e-03  
  7.430191378966e-01  ,5.795657107210e-04  ,1.208123275903e-03  
  7.447319739059e-01  ,5.789047218497e-04  ,1.207038286162e-03  
  7.464487584100e-01  ,5.782445093954e-04  ,1.205954147729e-03  
  7.481695005111e-01  ,5.775850725184e-04  ,1.204870860156e-03  
  7.498942093324e-01  ,5.769264103803e-04  ,1.203788422997e-03  
  7.516228940181e-01  ,5.762685221439e-04  ,1.202706835806e-03  
  7.533555637336e-01  ,5.756114069732e-04  ,1.201626098136e-03  
  7.550922276654e-01  ,5.749550640333e-04  ,1.200546209540e-03  
  7.568328950209e-01  ,5.742994924905e-04  ,1.199467169571e-03  
  7.585775750291e-01  ,5.736446915123e-04  ,1.198388977783e-03  
  7.603262769401e-01  ,5.729906602672e-04  ,1.197311633729e-03  
  7.620790100253e-01  ,5.723373979252e-04  ,1.196235136961e-03  
  7.638357835776e-01  ,5.716849036571e-04  ,1.195159487032e-03  
  7.655966069112e-01  ,5.710331766351e-04  ,1.194084683495e-03  
  7.673614893617e-01  ,5.703822160325e-04  ,1.193010725902e-03  
  7.691304402865e-01  ,5.697320210237e-04  ,1.191937613807e-03  
  7.709034690644e-01  ,5.690825907845e-04  ,1.190865346762e-03  
  7.726805850956e-01  ,5.684339244916e-04  ,1.189793924319e-03  
  7.744617978024e-01  ,5.677860213229e-04  ,1.188723346030e-03  
  7.762471166286e-01  ,5.671388804577e-04  ,1.187653611449e-03  
  7.780365510397e-01  ,5.664925010762e-04  ,1.186584720126e-03  
  7.798301105232e-01  ,5.658468823599e-04  ,1.185516671614e-03  
  7.816278045883e-01  ,5.652020234914e-04  ,1.184449465466e-03  
  7.834296427661e-01  ,5.645579236545e-04  ,1.183383101232e-03  
  7.852356346100e-01  ,5.639145820341e-04  ,1.182317578466e-03  
  7.870457896950e-01  ,5.632719978165e-04  ,1.181252896719e-03  
  7.888601176185e-01  ,5.626301701887e-04  ,1.180189055542e-03  
  7.906786279997e-01  ,5.619890983394e-04  ,1.179126054488e-03  
  7.925013304804e-01  ,5.613487814580e-04  ,1.178063893108e-03  
  7.943282347242e-01  ,5.607092187354e-04  ,1.177002570954e-03  
  7.961593504172e-01  ,5.600704093635e-04  ,1.175942087576e-03  
  7.979946872679e-01  ,5.594323525353e-04  ,1.174882442527e-03  
  7.998342550069e-01  ,5.587950474451e-04  ,1.173823635358e-03  
  8.016780633876e-01  ,5.581584932883e-04  ,1.172765665620e-03  
  8.035261221855e-01  ,5.575226892615e-04  ,1.171708532865e-03  
  8.053784411990e-01  ,5.568876345623e-04  ,1.170652236643e-03  
  8.072350302488e-01  ,5.562533283897e-04  ,1.169596776505e-03  
  8.090958991783e-01  ,5.556197699437e-04  ,1.168542152004e-03  
  8.109610578538e-01  ,5.549869584254e-04  ,1.167488362689e-03  
  8.128305161640e-01  ,5.543548930373e-04  ,1.166435408112e-03  
  8.147042840208e-01  ,5.537235729828e-04  ,1.165383287824e-03  
  8.165823713585e-01  ,5.530929974666e-04  ,1.164332001374e-03  
  8.184647881347e-01  ,5.524631656945e-04  ,1.163281548315e-03  
  8.203515443297e-01  ,5.518340768735e-04  ,1.162231928197e-03  
  8.222426499470e-01  ,5.512057302117e-04  ,1.161183140570e-03  
  8.241381150129e-01  ,5.505781249184e-04  ,1.160135184986e-03  
  8.260379495771e-01  ,5.499512602040e-04  ,1.159088060994e-03  
  8.279421637122e-01  ,5.493251352802e-04  ,1.158041768144e-03  
  8.298507675143e-01  ,5.486997493596e-04  ,1.156996305989e-03  
  8.317637711026e-01  ,5.480751016562e-04  ,1.155951674077e-03  
  8.336811846195e-01  ,5.474511913850e-04  ,1.154907871960e-03  
  8.356030182312e-01  ,5.468280177622e-04  ,1.153864899187e-03  
  8.375292821268e-01  ,5.462055800052e-04  ,1.152822755309e-03  
  8.394599865193e-01  ,5.455838773325e-04  ,1.151781439876e-03  
  8.413951416451e-01  ,5.449629089637e-04  ,1.150740952438e-03  
  8.433347577642e-01  ,5.443426741197e-04  ,1.149701292545e-03  
  8.452788451602e-01  ,5.437231720225e-04  ,1.148662459748e-03  
  8.472274141405e-01  ,5.431044018951e-04  ,1.147624453596e-03  
  8.491804750362e-01  ,5.424863629618e-04  ,1.146587273639e-03  
  8.511380382023e-01  ,5.418690544480e-04  ,1.145550919427e-03  
  8.531001140175e-01  ,5.412524755804e-04  ,1.144515390510e-03  
  8.550667128846e-01  ,5.406366255866e-04  ,1.143480686438e-03  
  8.570378452303e-01  ,5.400215036954e-04  ,1.142446806761e-03  
  8.590135215053e-01  ,5.394071091370e-04  ,1.141413751029e-03  
  8.609937521845e-01  ,5.387934411424e-04  ,1.140381518790e-03  
  8.629785477669e-01  ,5.381804989441e-04  ,1.139350109596e-03  
  8.649679187756e-01  ,5.375682817754e-04  ,1.138319522995e-03  
  8.669618757581e-01  ,5.369567888710e-04  ,1.137289758537e-03  
  8.689604292862e-01  ,5.363460194666e-04  ,1.136260815772e-03  
  8.709635899560e-01  ,5.357359727991e-04  ,1.135232694249e-03  
  8.729713683880e-01  ,5.351266481067e-04  ,1.134205393518e-03  
  8.749837752273e-01  ,5.345180446284e-04  ,1.133178913128e-03  
  8.770008211435e-01  ,5.339101616047e-04  ,1.132153252629e-03  
  8.790225168308e-01  ,5.333029982771e-04  ,1.131128411571e-03  
  8.810488730079e-01  ,5.326965538882e-04  ,1.130104389501e-03  
  8.830799004185e-01  ,5.320908276818e-04  ,1.129081185971e-03  
  8.851156098307e-01  ,5.314858189029e-04  ,1.128058800529e-03  
  8.871560120379e-01  ,5.308815267974e-04  ,1.127037232725e-03  
  8.892011178579e-01  ,5.302779506128e-04  ,1.126016482107e-03  
  8.912509381337e-01  ,5.296750895973e-04  ,1.124996548226e-03  
  8.933054837332e-01  ,5.290729430004e-04  ,1.123977430630e-03  
  8.953647655495e-01  ,5.284715100729e-04  ,1.122959128868e-03  
  8.974287945007e-01  ,5.278707900666e-04  ,1.121941642491e-03  
  8.994975815299e-01  ,5.272707822344e-04  ,1.120924971046e-03  
  9.015711376059e-01  ,5.266714858304e-04  ,1.119909114083e-03  
  9.036494737222e-01  ,5.260729001099e-04  ,1.118894071152e-03  
  9.057326008981e-01  ,5.254750243293e-04  ,1.117879841800e-03  
  9.078205301781e-01  ,5.248778577461e-04  ,1.116866425579e-03  
  9.099132726322e-01  ,5.242813996191e-04  ,1.115853822035e-03  
  9.120108393558e-01  ,5.236856492080e-04  ,1.114842030719e-03  
  9.141132414702e-01  ,5.230906057738e-04  ,1.113831051180e-03  
  9.162204901219e-01  ,5.224962685786e-04  ,1.112820882966e-03  
  9.183325964835e-01  ,5.219026368858e-04  ,1.111811525627e-03  
  9.204495717531e-01  ,5.213097099597e-04  ,1.110802978711e-03  
  9.225714271547e-01  ,5.207174870658e-04  ,1.109795241768e-03  
  9.246981739381e-01  ,5.201259674709e-04  ,1.108788314346e-03  
  9.268298233793e-01  ,5.195351504429e-04  ,1.107782195995e-03  
  9.289663867798e-01  ,5.189450352506e-04  ,1.106776886263e-03  
  9.311078754677e-01  ,5.183556211642e-04  ,1.105772384700e-03  
  9.332543007969e-01  ,5.177669074551e-04  ,1.104768690853e-03  
  9.354056741475e-01  ,5.171788933955e-04  ,1.103765804273e-03  
  9.375620069258e-01  ,5.165915782591e-04  ,1.102763724508e-03  
  9.397233105645e-01  ,5.160049613206e-04  ,1.101762451107e-03  
  9.418895965227e-01  ,5.154190418558e-04  ,1.100761983619e-03  
  9.440608762858e-01  ,5.148338191418e-04  ,1.099762321592e-03  
  9.462371613657e-01  ,5.142492924565e-04  ,1.098763464577e-03  
  9.484184633008e-01  ,5.136654610794e-04  ,1.097765412121e-03  
  9.506047936562e-01  ,5.130823242907e-04  ,1.096768163773e-03  
  9.527961640236e-01  ,5.124998813722e-04  ,1.095771719082e-03  
  9.549925860213e-01  ,5.119181316065e-04  ,1.094776077598e-03  
  9.571940712947e-01  ,5.113370742774e-04  ,1.093781238869e-03  
  9.594006315158e-01  ,5.107567086699e-04  ,1.092787202444e-03  
  9.616122783836e-01  ,5.101770340702e-04  ,1.091793967871e-03  
  9.638290236239e-01  ,5.095980497655e-04  ,1.090801534701e-03  
  9.660508789897e-01  ,5.090197550443e-04  ,1.089809902481e-03  
  9.682778562611e-01  ,5.084421491961e-04  ,1.088819070760e-03  
  9.705099672454e-01  ,5.078652315116e-04  ,1.087829039088e-03  
  9.727472237769e-01  ,5.072890012826e-04  ,1.086839807014e-03  
  9.749896377173e-01  ,5.067134578023e-04  ,1.085851374085e-03  
  9.772372209557e-01  ,5.061386003646e-04  ,1.084863739852e-03  
  9.794899854086e-01  ,5.055644282648e-04  ,1.083876903863e-03  
  9.817479430199e-01  ,5.049909407995e-04  ,1.082890865667e-03  
  9.840111057610e-01  ,5.044181372661e-04  ,1.081905624813e-03  
  9.862794856311e-01  ,5.038460169633e-04  ,1.080921180850e-03  
  9.885530946568e-01  ,5.032745791911e-04  ,1.079937533327e-03  
  9.908319448927e-01  ,5.027038232503e-04  ,1.078954681793e-03  
  9.931160484208e-01  ,5.021337484432e-04  ,1.077972625797e-03  
  9.954054173514e-01  ,5.015643540729e-04  ,1.076991364887e-03  
  9.977000638224e-01  ,5.009956394440e-04  ,1.076010898614e-03  
  9.999999999999e-01  ,5.004276038619e-04  ,1.075031226526e-03  
  1.002305238078e+00  ,4.998602466335e-04  ,1.074052348172e-03  
  1.004615790278e+00  ,4.992935670665e-04  ,1.073074263101e-03  
  1.006931668852e+00  ,4.987275644699e-04  ,1.072096970862e-03  
  1.009252886077e+00  ,4.981622381539e-04  ,1.071120471005e-03  
  1.011579454260e+00  ,4.975975874298e-04  ,1.070144763078e-03  
  1.013911385737e+00  ,4.970336116099e-04  ,1.069169846631e-03  
  1.016248692871e+00  ,4.964703100079e-04  ,1.068195721212e-03  
  1.018591388054e+00  ,4.959076819385e-04  ,1.067222386372e-03  
  1.020939483708e+00  ,4.953457267176e-04  ,1.066249841659e-03  
  1.023292992281e+00  ,4.947844436620e-04  ,1.065278086623e-03  
  1.025651926251e+00  ,4.942238320901e-04  ,1.064307120812e-03  
  1.028016298126e+00  ,4.936638913210e-04  ,1.063336943776e-03  
  1.030386120442e+00  ,4.931046206753e-04  ,1.062367555065e-03  
  1.032761405761e+00  ,4.925460194744e-04  ,1.061398954228e-03  
  1.035142166679e+00  ,4.919880870412e-04  ,1.060431140814e-03  
  1.037528415818e+00  ,4.914308226995e-04  ,1.059464114372e-03  
  1.039920165829e+00  ,4.908742257743e-04  ,1.058497874452e-03  
  1.042317429393e+00  ,4.903182955918e-04  ,1.057532420604e-03  
  1.044720219221e+00  ,4.897630314793e-04  ,1.056567752377e-03  
  1.047128548051e+00  ,4.892084327653e-04  ,1.055603869321e-03  
  1.049542428652e+00  ,4.886544987793e-04  ,1.054640770984e-03  
  1.051961873823e+00  ,4.881012288522e-04  ,1.053678456917e-03  
  1.054386896391e+00  ,4.875486223157e-04  ,1.052716926670e-03  
  1.056817509214e+00  ,4.869966785030e-04  ,1.051756179791e-03  
  1.059253725177e+00  ,4.864453967483e-04  ,1.050796215831e-03  
  1.061695557199e+00  ,4.858947763868e-04  ,1.049837034340e-03  
  1.064143018224e+00  ,4.853448167551e-04  ,1.048878634867e-03  
  1.066596121230e+00  ,4.847955171908e-04  ,1.047921016962e-03  
  1.069054879223e+00  ,4.842468770327e-04  ,1.046964180175e-03  
  1.071519305237e+00  ,4.836988956207e-04  ,1.046008124055e-03  
  1.073989412341e+00  ,4.831515722958e-04  ,1.045052848154e-03  
  1.076465213630e+00  ,4.826049064004e-04  ,1.044098352020e-03  
  1.078946722230e+00  ,4.820588972778e-04  ,1.043144635203e-03  
  1.081433951298e+00  ,4.815135442725e-04  ,1.042191697255e-03  
  1.083926914021e+00  ,4.809688467302e-04  ,1.041239537725e-03  
  1.086425623617e+00  ,4.804248039976e-04  ,1.040288156163e-03  
  1.088930093333e+00  ,4.798814154229e-04  ,1.039337552119e-03  
  1.091440336449e+00  ,4.793386803551e-04  ,1.038387725143e-03  
  1.093956366272e+00  ,4.787965981444e-04  ,1.037438674787e-03  
  1.096478196143e+00  ,4.782551681424e-04  ,1.036490400599e-03  
  1.099005839432e+00  ,4.777143897016e-04  ,1.035542902132e-03  
  1.101539309541e+00  ,4.771742621756e-04  ,1.034596178934e-03  
  1.104078619902e+00  ,4.766347849195e-04  ,1.033650230557e-03  
  1.106623783978e+00  ,4.760959572892e-04  ,1.032705056551e-03  
  1.109174815262e+00  ,4.755577786419e-04  ,1.031760656467e-03  
  1.111731727281e+00  ,4.750202483360e-04  ,1.030817029855e-03  
  1.114294533592e+00  ,4.744833657309e-04  ,1.029874176266e-03  
  1.116863247780e+00  ,4.739471301872e-04  ,1.028932095251e-03  
  1.119437883467e+00  ,4.734115410669e-04  ,1.027990786360e-03  
  1.122018454302e+00  ,4.728765977328e-04  ,1.027050249145e-03  
  1.124604973967e+00  ,4.723422995491e-04  ,1.026110483157e-03  
  1.127197456175e+00  ,4.718086458809e-04  ,1.025171487946e-03  
  1.129795914673e+00  ,4.712756360948e-04  ,1.024233263064e-03  
  1.132400363235e+00  ,4.707432695583e-04  ,1.023295808061e-03  
  1.135010815672e+00  ,4.702115456401e-04  ,1.022359122489e-03  
  1.137627285823e+00  ,4.696804637101e-04  ,1.021423205898e-03  
  1.140249787561e+00  ,4.691500231393e-04  ,1.020488057842e-03  
  1.142878334790e+00  ,4.686202233001e-04  ,1.019553677869e-03  
  1.145512941445e+00  ,4.680910635656e-04  ,1.018620065533e-03  
  1.148153621497e+00  ,4.675625433104e-04  ,1.017687220385e-03  
  1.150800388944e+00  ,4.670346619103e-04  ,1.016755141976e-03  
  1.153453257821e+00  ,4.665074187420e-04  ,1.015823829857e-03  
  1.156112242192e+00  ,4.659808131835e-04  ,1.014893283581e-03  
  1.158777356155e+00  ,4.654548446140e-04  ,1.013963502699e-03  
  1.161448613840e+00  ,4.649295124138e-04  ,1.013034486762e-03  
  1.164126029410e+00  ,4.644048159644e-04  ,1.012106235324e-03  
  1.166809617061e+00  ,4.638807546483e-04  ,1.011178747936e-03  
  1.169499391020e+00  ,4.633573278495e-04  ,1.010252024149e-03  
  1.172195365548e+00  ,4.628345349528e-04  ,1.009326063517e-03  
  1.174897554939e+00  ,4.623123753444e-04  ,1.008400865590e-03  
  1.177605973521e+00  ,4.617908484115e-04  ,1.007476429922e-03  
  1.180320635652e+00  ,4.612699535427e-04  ,1.006552756065e-03  
  1.183041555725e+00  ,4.607496901274e-04  ,1.005629843570e-03  
  1.185768748167e+00  ,4.602300575566e-04  ,1.004707691992e-03  
  1.188502227437e+00  ,4.597110552221e-04  ,1.003786300881e-03  
  1.191242008027e+00  ,4.591926825170e-04  ,1.002865669791e-03  
  1.193988104464e+00  ,4.586749388357e-04  ,1.001945798275e-03  
  1.196740531307e+00  ,4.581578235735e-04  ,1.001026685885e-03  
  1.199499303149e+00  ,4.576413361270e-04  ,1.000108332173e-03  
  1.202264434617e+00  ,4.571254758942e-04  ,9.991907366943e-04  
  1.205035940372e+00  ,4.566102422737e-04  ,9.982738990003e-04  
  1.207813835107e+00  ,4.560956346659e-04  ,9.973578186445e-04  
  1.210598133550e+00  ,4.555816524720e-04  ,9.964424951800e-04  
  1.213388850465e+00  ,4.550682950943e-04  ,9.955279281602e-04  
  1.216186000646e+00  ,4.545555619366e-04  ,9.946141171383e-04  
  1.218989598925e+00  ,4.540434524037e-04  ,9.937010616679e-04  
  1.221799660165e+00  ,4.535319659014e-04  ,9.927887613025e-04  
  1.224616199265e+00  ,4.530211018370e-04  ,9.918772155956e-04  
  1.227439231158e+00  ,4.525108596187e-04  ,9.909664241010e-04  
  1.230268770812e+00  ,4.520012386560e-04  ,9.900563863725e-04  
  1.233104833229e+00  ,4.514922383597e-04  ,9.891471019640e-04  
  1.235947433444e+00  ,4.509838581414e-04  ,9.882385704294e-04  
  1.238796586530e+00  ,4.504760974143e-04  ,9.873307913227e-04  
  1.241652307592e+00  ,4.499689555924e-04  ,9.864237641983e-04  
  1.244514611771e+00  ,4.494624320912e-04  ,9.855174886103e-04  
  1.247383514243e+00  ,4.489565263272e-04  ,9.846119641130e-04  
  1.250259030218e+00  ,4.484512377182e-04  ,9.837071902609e-04  
  1.253141174941e+00  ,4.479465656829e-04  ,9.828031666085e-04  
  1.256029963695e+00  ,4.474425096415e-04  ,9.818998927105e-04  
  1.258925411794e+00  ,4.469390690152e-04  ,9.809973681215e-04  
  1.261827534591e+00  ,4.464362432265e-04  ,9.800955923964e-04  
  1.264736347471e+00  ,4.459340316989e-04  ,9.791945650901e-04  
  1.267651865858e+00  ,4.454324338573e-04  ,9.782942857577e-04  
  1.270574105208e+00  ,4.449314491276e-04  ,9.773947539542e-04  
  1.273503081017e+00  ,4.444310769370e-04  ,9.764959692349e-04  
  1.276438808811e+00  ,4.439313167139e-04  ,9.755979311551e-04  
  1.279381304157e+00  ,4.434321678877e-04  ,9.747006392702e-04  
  1.282330582656e+00  ,4.429336298892e-04  ,9.738040931358e-04  
  1.285286659943e+00  ,4.424357021503e-04  ,9.729082923074e-04  
  1.288249551693e+00  ,4.419383841041e-04  ,9.720132363408e-04  
  1.291219273613e+00  ,4.414416751848e-04  ,9.711189247919e-04  
  1.294195841450e+00  ,4.409455748279e-04  ,9.702253572166e-04  
  1.297179270984e+00  ,4.404500824700e-04  ,9.693325331709e-04  
  1.300169578033e+00  ,4.399551975491e-04  ,9.684404522111e-04  
  1.303166778452e+00  ,4.394609195040e-04  ,9.675491138933e-04  
  1.306170888132e+00  ,4.389672477752e-04  ,9.666585177740e-04  
  1.309181922999e+00  ,4.384741818038e-04  ,9.657686634097e-04  
  1.312199899019e+00  ,4.379817210327e-04  ,9.648795503569e-04  
  1.315224832192e+00  ,4.374898649055e-04  ,9.639911781725e-04  
  1.318256738556e+00  ,4.369986128673e-04  ,9.631035464131e-04  
  1.321295634186e+00  ,4.365079643642e-04  ,9.622166546358e-04  
  1.324341535195e+00  ,4.360179188437e-04  ,9.613305023976e-04  
  1.327394457730e+00  ,4.355284757543e-04  ,9.604450892556e-04  
  1.330454417978e+00  ,4.350396345458e-04  ,9.595604147673e-04  
  1.333521432163e+00  ,4.345513946691e-04  ,9.586764784899e-04  
  1.336595516546e+00  ,4.340637555766e-04  ,9.577932799809e-04  
  1.339676687426e+00  ,4.335767167214e-04  ,9.569108187982e-04  
  1.342764961138e+00  ,4.330902775583e-04  ,9.560290944993e-04  
  1.345860354056e+00  ,4.326044375430e-04  ,9.551481066422e-04  
  1.348962882592e+00  ,4.321191961324e-04  ,9.542678547848e-04  
  1.352072563194e+00  ,4.316345527849e-04  ,9.533883384854e-04  
  1.355189412351e+00  ,4.311505069596e-04  ,9.525095573020e-04  
  1.358313446587e+00  ,4.306670581174e-04  ,9.516315107932e-04  
  1.361444682466e+00  ,4.301842057199e-04  ,9.507541985174e-04  
  1.364583136589e+00  ,4.297019492301e-04  ,9.498776200332e-04  
  1.367728825596e+00  ,4.292202881124e-04  ,9.490017748994e-04  
  1.370881766165e+00  ,4.287392218320e-04  ,9.481266626748e-04  
  1.374041975012e+00  ,4.282587498557e-04  ,9.472522829184e-04  
  1.377209468894e+00  ,4.277788716513e-04  ,9.463786351894e-04  
  1.380384264603e+00  ,4.272995866878e-04  ,9.455057190470e-04  
  1.383566378972e+00  ,4.268208944355e-04  ,9.446335340506e-04  
  1.386755828872e+00  ,4.263427943660e-04  ,9.437620797597e-04  
  1.389952631213e+00  ,4.258652859518e-04  ,9.428913557340e-04  
  1.393156802945e+00  ,4.253883686670e-04  ,9.420213615332e-04  
  1.396368361056e+00  ,4.249120419866e-04  ,9.411520967172e-04  
  1.399587322572e+00  ,4.244363053869e-04  ,9.402835608461e-04  
  1.402813704562e+00  ,4.239611583457e-04  ,9.394157534802e-04  
  1.406047524130e+00  ,4.234866003415e-04  ,9.385486741796e-04  
  1.409288798422e+00  ,4.230126308545e-04  ,9.376823225048e-04  
  1.412537544623e+00  ,4.225392493659e-04  ,9.368166980165e-04  
  1.415793779957e+00  ,4.220664553581e-04  ,9.359518002753e-04  
  1.419057521689e+00  ,4.215942483147e-04  ,9.350876288422e-04  
  1.422328787123e+00  ,4.211226277208e-04  ,9.342241832781e-04  
  1.425607593602e+00  ,4.206515930623e-04  ,9.333614631442e-04  
  1.428893958511e+00  ,4.201811438266e-04  ,9.324994680018e-04  
  1.432187899273e+00  ,4.197112795024e-04  ,9.316381974123e-04  
  1.435489433353e+00  ,4.192419995794e-04  ,9.307776509373e-04  
  1.438798578256e+00  ,4.187733035486e-04  ,9.299178281384e-04  
  1.442115351525e+00  ,4.183051909023e-04  ,9.290587285776e-04  
  1.445439770746e+00  ,4.178376611340e-04  ,9.282003518169e-04  
  1.448771853545e+00  ,4.173707137384e-04  ,9.273426974184e-04  
  1.452111617588e+00  ,4.169043482115e-04  ,9.264857649444e-04  
  1.455459080582e+00  ,4.164385640504e-04  ,9.256295539574e-04  
  1.458814260275e+00  ,4.159733607536e-04  ,9.247740640199e-04  
  1.462177174457e+00  ,4.155087378207e-04  ,9.239192946948e-04  
  1.465547840956e+00  ,4.150446947527e-04  ,9.230652455449e-04  
  1.468926277644e+00  ,4.145812310517e-04  ,9.222119161332e-04  
  1.472312502433e+00  ,4.141183462211e-04  ,9.213593060230e-04  
  1.475706533276e+00  ,4.136560397654e-04  ,9.205074147776e-04  
  1.479108388168e+00  ,4.131943111906e-04  ,9.196562419605e-04  
  1.482518085146e+00  ,4.127331600037e-04  ,9.188057871353e-04  
  1.485935642287e+00  ,4.122725857131e-04  ,9.179560498660e-04  
  1.489361077711e+00  ,4.118125878284e-04  ,9.171070297165e-04  
  1.492794409579e+00  ,4.113531658605e-04  ,9.162587262508e-04  
  1.496235656094e+00  ,4.108943193213e-04  ,9.154111390333e-04  
  1.499684835502e+00  ,4.104360477243e-04  ,9.145642676285e-04  
  1.503141966090e+00  ,4.099783505841e-04  ,9.137181116008e-04  
  1.506607066187e+00  ,4.095212274165e-04  ,9.128726705152e-04  
  1.510080154164e+00  ,4.090646777385e-04  ,9.120279439365e-04  
  1.513561248436e+00  ,4.086087010686e-04  ,9.111839314298e-04  
  1.517050367459e+00  ,4.081532969262e-04  ,9.103406325604e-04  
  1.520547529732e+00  ,4.076984648324e-04  ,9.094980468936e-04  
  1.524052753797e+00  ,4.072442043091e-04  ,9.086561739951e-04  
  1.527566058238e+00  ,4.067905148798e-04  ,9.078150134306e-04  
  1.531087461682e+00  ,4.063373960691e-04  ,9.069745647660e-04  
  1.534616982799e+00  ,4.058848474028e-04  ,9.061348275674e-04  
  1.538154640303e+00  ,4.054328684082e-04  ,9.052958014010e-04  
  1.541700452949e+00  ,4.049814586136e-04  ,9.044574858333e-04  
  1.545254439538e+00  ,4.045306175487e-04  ,9.036198804308e-04  
  1.548816618912e+00  ,4.040803447445e-04  ,9.027829847603e-04  
  1.552387009958e+00  ,4.036306397332e-04  ,9.019467983887e-04  
  1.555965631605e+00  ,4.031815020483e-04  ,9.011113208830e-04  
  1.559552502827e+00  ,4.027329312244e-04  ,9.002765518107e-04  
  1.563147642641e+00  ,4.022849267977e-04  ,8.994424907390e-04  
  1.566751070108e+00  ,4.018374883054e-04  ,8.986091372357e-04  
  1.570362804333e+00  ,4.013906152861e-04  ,8.977764908685e-04  
  1.573982864466e+00  ,4.009443072795e-04  ,8.969445512054e-04  
  1.577611269699e+00  ,4.004985638270e-04  ,8.961133178145e-04  
  1.581248039270e+00  ,4.000533844707e-04  ,8.952827902641e-04  
  1.584893192461e+00  ,3.996087687545e-04  ,8.944529681228e-04  
  1.588546748598e+00  ,3.991647162232e-04  ,8.936238509593e-04  
  1.592208727051e+00  ,3.987212264230e-04  ,8.927954383423e-04  
  1.595879147237e+00  ,3.982782989016e-04  ,8.919677298409e-04  
  1.599558028614e+00  ,3.978359332076e-04  ,8.911407250245e-04  
  1.603245390690e+00  ,3.973941288912e-04  ,8.903144234622e-04  
  1.606941253013e+00  ,3.969528855037e-04  ,8.894888247238e-04  
  1.610645635178e+00  ,3.965122025978e-04  ,8.886639283791e-04  
  1.614358556826e+00  ,3.960720797273e-04  ,8.878397339979e-04  
  1.618080037643e+00  ,3.956325164477e-04  ,8.870162411505e-04  
  1.621810097359e+00  ,3.951935123153e-04  ,8.861934494071e-04  
  1.625548755750e+00  ,3.947550668880e-04  ,8.853713583383e-04  
  1.629296032640e+00  ,3.943171797249e-04  ,8.845499675148e-04  
  1.633051947894e+00  ,3.938798503865e-04  ,8.837292765075e-04  
  1.636816521428e+00  ,3.934430784343e-04  ,8.829092848875e-04  
  1.640589773199e+00  ,3.930068634314e-04  ,8.820899922260e-04  
  1.644371723215e+00  ,3.925712049421e-04  ,8.812713980946e-04  
  1.648162391525e+00  ,3.921361025321e-04  ,8.804535020648e-04  
  1.651961798229e+00  ,3.917015557681e-04  ,8.796363037086e-04  
  1.655769963469e+00  ,3.912675642185e-04  ,8.788198025981e-04  
  1.659586907437e+00  ,3.908341274527e-04  ,8.780039983054e-04  
  1.663412650370e+00  ,3.904012450416e-04  ,8.771888904030e-04  
  1.667247212551e+00  ,3.899689165572e-04  ,8.763744784635e-04  
  1.671090614311e+00  ,3.895371415731e-04  ,8.755607620598e-04  
  1.674942876026e+00  ,3.891059196639e-04  ,8.747477407650e-04  
  1.678804018122e+00  ,3.886752504058e-04  ,8.739354141522e-04  
  1.682674061070e+00  ,3.882451333760e-04  ,8.731237817950e-04  
  1.686553025389e+00  ,3.878155681533e-04  ,8.723128432669e-04  
  1.690440931643e+00  ,3.873865543177e-04  ,8.715025981418e-04  
  1.694337800447e+00  ,3.869580914506e-04  ,8.706930459937e-04  
  1.698243652462e+00  ,3.865301791344e-04  ,8.698841863969e-04  
  1.702158508395e+00  ,3.861028169533e-04  ,8.690760189259e-04  
  1.706082389003e+00  ,3.856760044925e-04  ,8.682685431552e-04  
  1.710015315090e+00  ,3.852497413386e-04  ,8.674617586599e-04  
  1.713957307508e+00  ,3.848240270796e-04  ,8.666556650149e-04  
  1.717908387157e+00  ,3.843988613047e-04  ,8.658502617956e-04  
  1.721868574986e+00  ,3.839742436045e-04  ,8.650455485774e-04  
  1.725837891990e+00  ,3.835501735709e-04  ,8.642415249360e-04  
  1.729816359215e+00  ,3.831266507972e-04  ,8.634381904474e-04  
  1.733803997754e+00  ,3.827036748779e-04  ,8.626355446876e-04  
  1.737800828749e+00  ,3.822812454090e-04  ,8.618335872331e-04  
  1.741806873391e+00  ,3.818593619878e-04  ,8.610323176603e-04  
  1.745822152920e+00  ,3.814380242127e-04  ,8.602317355461e-04  
  1.749846688624e+00  ,3.810172316839e-04  ,8.594318404674e-04  
  1.753880501842e+00  ,3.805969840024e-04  ,8.586326320014e-04  
  1.757923613958e+00  ,3.801772807710e-04  ,8.578341097256e-04  
  1.761976046411e+00  ,3.797581215936e-04  ,8.570362732175e-04  
  1.766037820686e+00  ,3.793395060755e-04  ,8.562391220550e-04  
  1.770108958317e+00  ,3.789214338233e-04  ,8.554426558163e-04  
  1.774189480890e+00  ,3.785039044450e-04  ,8.546468740795e-04  
  1.778279410039e+00  ,3.780869175501e-04  ,8.538517764232e-04  
  1.782378767448e+00  ,3.776704727491e-04  ,8.530573624261e-04  
  1.786487574852e+00  ,3.772545696541e-04  ,8.522636316673e-04  
  1.790605854035e+00  ,3.768392078786e-04  ,8.514705837258e-04  
  1.794733626832e+00  ,3.764243870373e-04  ,8.506782181811e-04  
  1.798870915129e+00  ,3.760101067462e-04  ,8.498865346128e-04  
  1.803017740859e+00  ,3.755963666230e-04  ,8.490955326008e-04  
  1.807174126011e+00  ,3.751831662863e-04  ,8.483052117252e-04  
  1.811340092619e+00  ,3.747705053565e-04  ,8.475155715662e-04  
  1.815515662773e+00  ,3.743583834551e-04  ,8.467266117045e-04  
  1.819700858610e+00  ,3.739468002049e-04  ,8.459383317208e-04  
  1.823895702319e+00  ,3.735357552303e-04  ,8.451507311961e-04  
  1.828100216143e+00  ,3.731252481570e-04  ,8.443638097117e-04  
  1.832314422371e+00  ,3.727152786120e-04  ,8.435775668490e-04  
  1.836538343348e+00  ,3.723058462237e-04  ,8.427920021897e-04  
  1.840772001469e+00  ,3.718969506218e-04  ,8.420071153158e-04  
  1.845015419179e+00  ,3.714885914376e-04  ,8.412229058095e-04  
  1.849268618978e+00  ,3.710807683034e-04  ,8.404393732531e-04  
  1.853531623415e+00  ,3.706734808534e-04  ,8.396565172293e-04  
  1.857804455091e+00  ,3.702667287226e-04  ,8.388743373210e-04  
  1.862087136663e+00  ,3.698605115479e-04  ,8.380928331114e-04  
  1.866379690834e+00  ,3.694548289672e-04  ,8.373120041837e-04  
  1.870682140366e+00  ,3.690496806199e-04  ,8.365318501217e-04  
  1.874994508067e+00  ,3.686450661470e-04  ,8.357523705091e-04  
  1.879316816803e+00  ,3.682409851906e-04  ,8.349735649300e-04  
  1.883649089490e+00  ,3.678374373942e-04  ,8.341954329689e-04  
  1.887991349096e+00  ,3.674344224030e-04  ,8.334179742102e-04  
  1.892343618645e+00  ,3.670319398632e-04  ,8.326411882388e-04  
  1.896705921211e+00  ,3.666299894226e-04  ,8.318650746397e-04  
  1.901078279923e+00  ,3.662285707305e-04  ,8.310896329983e-04  
  1.905460717963e+00  ,3.658276834373e-04  ,8.303148629002e-04  
  1.909853258566e+00  ,3.654273271950e-04  ,8.295407639311e-04  
  1.914255925021e+00  ,3.650275016571e-04  ,8.287673356772e-04  
  1.918668740670e+00  ,3.646282064782e-04  ,8.279945777247e-04  
  1.923091728910e+00  ,3.642294413146e-04  ,8.272224896602e-04  
  1.927524913191e+00  ,3.638312058238e-04  ,8.264510710706e-04  
  1.931968317017e+00  ,3.634334996648e-04  ,8.256803215429e-04  
  1.936421963946e+00  ,3.630363224980e-04  ,8.249102406644e-04  
  1.940885877593e+00  ,3.626396739852e-04  ,8.241408280228e-04  
  1.945360081622e+00  ,3.622435537896e-04  ,8.233720832058e-04  
  1.949844599758e+00  ,3.618479615759e-04  ,8.226040058016e-04  
  1.954339455775e+00  ,3.614528970101e-04  ,8.218365953985e-04  
  1.958844673506e+00  ,3.610583597597e-04  ,8.210698515852e-04  
  1.963360276836e+00  ,3.606643494934e-04  ,8.203037739504e-04  
  1.967886289707e+00  ,3.602708658818e-04  ,8.195383620834e-04  
  1.972422736115e+00  ,3.598779085964e-04  ,8.187736155736e-04  
  1.976969640112e+00  ,3.594854773105e-04  ,8.180095340105e-04  
  1.981527025805e+00  ,3.590935716985e-04  ,8.172461169842e-04  
  1.986094917357e+00  ,3.587021914366e-04  ,8.164833640849e-04  
  1.990673338987e+00  ,3.583113362021e-04  ,8.157212749028e-04  
  1.995262314969e+00  ,3.579210056738e-04  ,8.149598490289e-04  
  1.999861869633e+00  ,3.575311995322e-04  ,8.141990860541e-04  
  2.004472027365e+00  ,3.571419174589e-04  ,8.134389855696e-04  
  2.009092812608e+00  ,3.567531591370e-04  ,8.126795471669e-04  
  2.013724249862e+00  ,3.563649242513e-04  ,8.119207704380e-04  
  2.018366363681e+00  ,3.559772124876e-04  ,8.111626549747e-04  
  2.023019178678e+00  ,3.555900235335e-04  ,8.104052003695e-04  
  2.027682719521e+00  ,3.552033570780e-04  ,8.096484062150e-04  
  2.032357010936e+00  ,3.548172128113e-04  ,8.088922721040e-04  
  2.037042077705e+00  ,3.544315904253e-04  ,8.081367976297e-04  
  2.041737944669e+00  ,3.540464896133e-04  ,8.073819823856e-04  
  2.046444636724e+00  ,3.536619100699e-04  ,8.066278259653e-04  
  2.051162178825e+00  ,3.532778514913e-04  ,8.058743279629e-04  
  2.055890595984e+00  ,3.528943135752e-04  ,8.051214879726e-04  
  2.060629913270e+00  ,3.525112960205e-04  ,8.043693055890e-04  
  2.065380155810e+00  ,3.521287985278e-04  ,8.036177804068e-04  
  2.070141348791e+00  ,3.517468207991e-04  ,8.028669120213e-04  
  2.074913517455e+00  ,3.513653625378e-04  ,8.021167000277e-04  
  2.079696687103e+00  ,3.509844234487e-04  ,8.013671440218e-04  
  2.084490883097e+00  ,3.506040032384e-04  ,8.006182435995e-04  
  2.089296130854e+00  ,3.502241016145e-04  ,7.998699983570e-04  
  2.094112455851e+00  ,3.498447182863e-04  ,7.991224078910e-04  
  2.098939883623e+00  ,3.494658529647e-04  ,7.983754717981e-04  
  2.103778439766e+00  ,3.490875053617e-04  ,7.976291896756e-04  
  2.108628149933e+00  ,3.487096751912e-04  ,7.968835611207e-04  
  2.113489039836e+00  ,3.483323621683e-04  ,7.961385857312e-04  
  2.118361135248e+00  ,3.479555660096e-04  ,7.953942631051e-04  
  2.123244462000e+00  ,3.475792864332e-04  ,7.946505928406e-04  
  2.128139045982e+00  ,3.472035231587e-04  ,7.939075745363e-04  
  2.133044913146e+00  ,3.468282759072e-04  ,7.931652077909e-04  
  2.137962089502e+00  ,3.464535444012e-04  ,7.924234922038e-04  
  2.142890601120e+00  ,3.460793283647e-04  ,7.916824273742e-04  
  2.147830474130e+00  ,3.457056275233e-04  ,7.909420129020e-04  
  2.152781734724e+00  ,3.453324416039e-04  ,7.902022483872e-04  
  2.157744409152e+00  ,3.449597703351e-04  ,7.894631334301e-04  
  2.162718523727e+00  ,3.445876134467e-04  ,7.887246676313e-04  
  2.167704104819e+00  ,3.442159706703e-04  ,7.879868505918e-04  
  2.172701178863e+00  ,3.438448417388e-04  ,7.872496819128e-04  
  2.177709772353e+00  ,3.434742263867e-04  ,7.865131611958e-04  
  2.182729911843e+00  ,3.431041243498e-04  ,7.857772880428e-04  
  2.187761623949e+00  ,3.427345353656e-04  ,7.850420620557e-04  
  2.192804935350e+00  ,3.423654591731e-04  ,7.843074828371e-04  
  2.197859872785e+00  ,3.419968955127e-04  ,7.835735499898e-04  
  2.202926463053e+00  ,3.416288441262e-04  ,7.828402631167e-04  
  2.208004733019e+00  ,3.412613047572e-04  ,7.821076218212e-04  
  2.213094709605e+00  ,3.408942771505e-04  ,7.813756257071e-04  
  2.218196419800e+00  ,3.405277610527e-04  ,7.806442743784e-04  
  2.223309890651e+00  ,3.401617562116e-04  ,7.799135674392e-04  
  2.228435149270e+00  ,3.397962623766e-04  ,7.791835044943e-04  
  2.233572222830e+00  ,3.394312792989e-04  ,7.784540851485e-04  
  2.238721138568e+00  ,3.390668067308e-04  ,7.777253090071e-04  
  2.243881923782e+00  ,3.387028444264e-04  ,7.769971756756e-04  
  2.249054605836e+00  ,3.383393921411e-04  ,7.762696847600e-04  
  2.254239212152e+00  ,3.379764496319e-04  ,7.755428358664e-04  
  2.259435770221e+00  ,3.376140166574e-04  ,7.748166286012e-04  
  2.264644307593e+00  ,3.372520929777e-04  ,7.740910625714e-04  
  2.269864851884e+00  ,3.368906783544e-04  ,7.733661373840e-04  
  2.275097430772e+00  ,3.365297725504e-04  ,7.726418526465e-04  
  2.280342072000e+00  ,3.361693753305e-04  ,7.719182079668e-04  
  2.285598803375e+00  ,3.358094864608e-04  ,7.711952029528e-04  
  2.290867652767e+00  ,3.354501057089e-04  ,7.704728372131e-04  
  2.296148648112e+00  ,3.350912328441e-04  ,7.697511103564e-04  
  2.301441817408e+00  ,3.347328676371e-04  ,7.690300219918e-04  
  2.306747188720e+00  ,3.343750098602e-04  ,7.683095717287e-04  
  2.312064790175e+00  ,3.340176592871e-04  ,7.675897591767e-04  
  2.317394649968e+00  ,3.336608156932e-04  ,7.668705839461e-04  
  2.322736796357e+00  ,3.333044788552e-04  ,7.661520456471e-04  
  2.328091257665e+00  ,3.329486485518e-04  ,7.654341438905e-04  
  2.333458062281e+00  ,3.325933245626e-04  ,7.647168782874e-04  
  2.338837238659e+00  ,3.322385066693e-04  ,7.640002484491e-04  
  2.344228815320e+00  ,3.318841946548e-04  ,7.632842539874e-04  
  2.349632820848e+00  ,3.315303883038e-04  ,7.625688945143e-04  
  2.355049283896e+00  ,3.311770874022e-04  ,7.618541696422e-04  
  2.360478233180e+00  ,3.308242917377e-04  ,7.611400789838e-04  
  2.365919697485e+00  ,3.304720010996e-04  ,7.604266221523e-04  
  2.371373705661e+00  ,3.301202152784e-04  ,7.597137987609e-04  
  2.376840286625e+00  ,3.297689340667e-04  ,7.590016084235e-04  
  2.382319469358e+00  ,3.294181572580e-04  ,7.582900507542e-04  
  2.387811282913e+00  ,3.290678846479e-04  ,7.575791253673e-04  
  2.393315756405e+00  ,3.287181160333e-04  ,7.568688318776e-04  
  2.398832919019e+00  ,3.283688512127e-04  ,7.561591699003e-04  
  2.404362800007e+00  ,3.280200899860e-04  ,7.554501390508e-04  
  2.409905428686e+00  ,3.276718321549e-04  ,7.547417389449e-04  
  2.415460834445e+00  ,3.273240775226e-04  ,7.540339691988e-04  
  2.421029046736e+00  ,3.269768258937e-04  ,7.533268294290e-04  
  2.426610095082e+00  ,3.266300770745e-04  ,7.526203192522e-04  
  2.432204009074e+00  ,3.262838308729e-04  ,7.519144382857e-04  
  2.437810818368e+00  ,3.259380870982e-04  ,7.512091861471e-04  
  2.443430552694e+00  ,3.255928455614e-04  ,7.505045624543e-04  
  2.449063241844e+00  ,3.252481060751e-04  ,7.498005668255e-04  
  2.454708915685e+00  ,3.249038684532e-04  ,7.490971988792e-04  
  2.460367604147e+00  ,3.245601325115e-04  ,7.483944582345e-04  
  2.466039337234e+00  ,3.242168980671e-04  ,7.476923445108e-04  
  2.471724145016e+00  ,3.238741649389e-04  ,7.469908573276e-04  
  2.477422057633e+00  ,3.235319329472e-04  ,7.462899963049e-04  
  2.483133105295e+00  ,3.231902019139e-04  ,7.455897610633e-04  
  2.488857318282e+00  ,3.228489716625e-04  ,7.448901512234e-04  
  2.494594726943e+00  ,3.225082420181e-04  ,7.441911664064e-04  
  2.500345361696e+00  ,3.221680128073e-04  ,7.434928062336e-04  
  2.506109253032e+00  ,3.218282838584e-04  ,7.427950703271e-04  
  2.511886431509e+00  ,3.214890550010e-04  ,7.420979583089e-04  
  2.517676927759e+00  ,3.211503260667e-04  ,7.414014698016e-04  
  2.523480772480e+00  ,3.208120968882e-04  ,7.407056044282e-04  
  2.529297996446e+00  ,3.204743673003e-04  ,7.400103618119e-04  
  2.535128630498e+00  ,3.201371371388e-04  ,7.393157415765e-04  
  2.540972705549e+00  ,3.198004062416e-04  ,7.386217433460e-04  
  2.546830252585e+00  ,3.194641744478e-04  ,7.379283667447e-04  
  2.552701302661e+00  ,3.191284415984e-04  ,7.372356113975e-04  
  2.558585886905e+00  ,3.187932075357e-04  ,7.365434769295e-04  
  2.564484036517e+00  ,3.184584721037e-04  ,7.358519629662e-04  
  2.570395782769e+00  ,3.181242351480e-04  ,7.351610691336e-04  
  2.576321157002e+00  ,3.177904965159e-04  ,7.344707950579e-04  
  2.582260190634e+00  ,3.174572560560e-04  ,7.337811403657e-04  
  2.588212915153e+00  ,3.171245136186e-04  ,7.330921046842e-04  
  2.594179362118e+00  ,3.167922690558e-04  ,7.324036876406e-04  
  2.600159563165e+00  ,3.164605222211e-04  ,7.317158888629e-04  
  2.606153549999e+00  ,3.161292729694e-04  ,7.310287079791e-04  
  2.612161354399e+00  ,3.157985211576e-04  ,7.303421446178e-04  
  2.618183008219e+00  ,3.154682666439e-04  ,7.296561984080e-04  
  2.624218543384e+00  ,3.151385092882e-04  ,7.289708689789e-04  
  2.630267991895e+00  ,3.148092489519e-04  ,7.282861559603e-04  
  2.636331385825e+00  ,3.144804854980e-04  ,7.276020589822e-04  
  2.642408757322e+00  ,3.141522187913e-04  ,7.269185776752e-04  
  2.648500138606e+00  ,3.138244486979e-04  ,7.262357116701e-04  
  2.654605561975e+00  ,3.134971750858e-04  ,7.255534605982e-04  
  2.660725059798e+00  ,3.131703978241e-04  ,7.248718240910e-04  
  2.666858664521e+00  ,3.128441167841e-04  ,7.241908017807e-04  
  2.673006408663e+00  ,3.125183318383e-04  ,7.235103932996e-04  
  2.679168324819e+00  ,3.121930428609e-04  ,7.228305982807e-04  
  2.685344445658e+00  ,3.118682497276e-04  ,7.221514163570e-04  
  2.691534803927e+00  ,3.115439523159e-04  ,7.214728471622e-04  
  2.697739432445e+00  ,3.112201505047e-04  ,7.207948903304e-04  
  2.703958364108e+00  ,3.108968441747e-04  ,7.201175454958e-04  
  2.710191631890e+00  ,3.105740332079e-04  ,7.194408122934e-04  
  2.716439268839e+00  ,3.102517174881e-04  ,7.187646903584e-04  
  2.722701308078e+00  ,3.099298969007e-04  ,7.180891793263e-04  
  2.728977782808e+00  ,3.096085713326e-04  ,7.174142788331e-04  
  2.735268726306e+00  ,3.092877406724e-04  ,7.167399885153e-04  
  2.741574171928e+00  ,3.089674048103e-04  ,7.160663080096e-04  
  2.747894153102e+00  ,3.086475636378e-04  ,7.153932369533e-04  
  2.754228703338e+00  ,3.083282170485e-04  ,7.147207749841e-04  
  2.760577856220e+00  ,3.080093649371e-04  ,7.140489217399e-04  
  2.766941645411e+00  ,3.076910072003e-04  ,7.133776768592e-04  
  2.773320104651e+00  ,3.073731437361e-04  ,7.127070399809e-04  
  2.779713267759e+00  ,3.070557744443e-04  ,7.120370107441e-04  
  2.786121168629e+00  ,3.067388992261e-04  ,7.113675887886e-04  
  2.792543841237e+00  ,3.064225179845e-04  ,7.106987737545e-04  
  2.798981319634e+00  ,3.061066306240e-04  ,7.100305652822e-04  
  2.805433637951e+00  ,3.057912370506e-04  ,7.093629630127e-04  
  2.811900830399e+00  ,3.054763371720e-04  ,7.086959665874e-04  
  2.818382931264e+00  ,3.051619308975e-04  ,7.080295756478e-04  
  2.824879974915e+00  ,3.048480181381e-04  ,7.073637898363e-04  
  2.831391995799e+00  ,3.045345988060e-04  ,7.066986087954e-04  
  2.837919028441e+00  ,3.042216728154e-04  ,7.060340321681e-04  
  2.844461107448e+00  ,3.039092400820e-04  ,7.053700595978e-04  
  2.851018267504e+00  ,3.035973005230e-04  ,7.047066907284e-04  
  2.857590543375e+00  ,3.032858540572e-04  ,7.040439252042e-04  
  2.864177969906e+00  ,3.029749006050e-04  ,7.033817626697e-04  
  2.870780582024e+00  ,3.026644400885e-04  ,7.027202027703e-04  
  2.877398414735e+00  ,3.023544724312e-04  ,7.020592451513e-04  
  2.884031503126e+00  ,3.020449975583e-04  ,7.013988894589e-04  
  2.890679882365e+00  ,3.017360153967e-04  ,7.007391353393e-04  
  2.897343587701e+00  ,3.014275258746e-04  ,7.000799824395e-04  
  2.904022654464e+00  ,3.011195289220e-04  ,6.994214304066e-04  
  2.910717118066e+00  ,3.008120244705e-04  ,6.987634788885e-04  
  2.917427014001e+00  ,3.005050124532e-04  ,6.981061275331e-04  
  2.924152377843e+00  ,3.001984928048e-04  ,6.974493759891e-04  
  2.930893245250e+00  ,2.998924654615e-04  ,6.967932239055e-04  
  2.937649651961e+00  ,2.995869303613e-04  ,6.961376709317e-04  
  2.944421633798e+00  ,2.992818874436e-04  ,6.954827167176e-04  
  2.951209226666e+00  ,2.989773366494e-04  ,6.948283609135e-04  
  2.958012466551e+00  ,2.986732779213e-04  ,6.941746031702e-04  
  2.964831389524e+00  ,2.983697112035e-04  ,6.935214431388e-04  
  2.971666031738e+00  ,2.980666364418e-04  ,6.928688804709e-04  
  2.978516429429e+00  ,2.977640535835e-04  ,6.922169148187e-04  
  2.985382618918e+00  ,2.974619625775e-04  ,6.915655458347e-04  
  2.992264636608e+00  ,2.971603633743e-04  ,6.909147731718e-04  
  2.999162518987e+00  ,2.968592559259e-04  ,6.902645964834e-04  
  3.006076302628e+00  ,2.965586401861e-04  ,6.896150154234e-04  
  3.013006024186e+00  ,2.962585161098e-04  ,6.889660296462e-04  
  3.019951720402e+00  ,2.959588836541e-04  ,6.883176388064e-04  
  3.026913428101e+00  ,2.956597427770e-04  ,6.876698425593e-04  
  3.033891184194e+00  ,2.953610934386e-04  ,6.870226405605e-04  
  3.040885025676e+00  ,2.950629356003e-04  ,6.863760324661e-04  
  3.047894989628e+00  ,2.947652692250e-04  ,6.857300179327e-04  
  3.054921113215e+00  ,2.944680942774e-04  ,6.850845966174e-04  
  3.061963433690e+00  ,2.941714107236e-04  ,6.844397681775e-04  
  3.069021988391e+00  ,2.938752185313e-04  ,6.837955322711e-04  
  3.076096814740e+00  ,2.935795176696e-04  ,6.831518885564e-04  
  3.083187950249e+00  ,2.932843081093e-04  ,6.825088366924e-04  
  3.090295432513e+00  ,2.929895898229e-04  ,6.818663763384e-04  
  3.097419299216e+00  ,2.926953627841e-04  ,6.812245071541e-04  
  3.104559588128e+00  ,2.924016269684e-04  ,6.805832287998e-04  
  3.111716337106e+00  ,2.921083823527e-04  ,6.799425409361e-04  
  3.118889584094e+00  ,2.918156289156e-04  ,6.793024432242e-04  
  3.126079367124e+00  ,2.915233666371e-04  ,6.786629353258e-04  
  3.133285724315e+00  ,2.912315954988e-04  ,6.780240169029e-04  
  3.140508693876e+00  ,2.909403154837e-04  ,6.773856876181e-04  
  3.147748314101e+00  ,2.906495265766e-04  ,6.767479471344e-04  
  3.155004623374e+00  ,2.903592287635e-04  ,6.761107951154e-04  
  3.162277660168e+00  ,2.900694220322e-04  ,6.754742312248e-04  
  3.169567463043e+00  ,2.897801063719e-04  ,6.748382551274e-04  
  3.176874070649e+00  ,2.894912817734e-04  ,6.742028664878e-04  
  3.184197521726e+00  ,2.892029482288e-04  ,6.735680649716e-04  
  3.191537855100e+00  ,2.889151057320e-04  ,6.729338502445e-04  
  3.198895109691e+00  ,2.886277542782e-04  ,6.723002219730e-04  
  3.206269324505e+00  ,2.883408938643e-04  ,6.716671798238e-04  
  3.213660538640e+00  ,2.880545244885e-04  ,6.710347234642e-04  
  3.221068791283e+00  ,2.877686461506e-04  ,6.704028525620e-04  
  3.228494121712e+00  ,2.874832588520e-04  ,6.697715667855e-04  
  3.235936569296e+00  ,2.871983625954e-04  ,6.691408658033e-04  
  3.243396173493e+00  ,2.869139573851e-04  ,6.685107492848e-04  
  3.250872973854e+00  ,2.866300432269e-04  ,6.678812168996e-04  
  3.258367010020e+00  ,2.863466201281e-04  ,6.672522683178e-04  
  3.265878321723e+00  ,2.860636880975e-04  ,6.666239032102e-04  
  3.273406948788e+00  ,2.857812471452e-04  ,6.659961212480e-04  
  3.280952931131e+00  ,2.854992972830e-04  ,6.653689221027e-04  
  3.288516308759e+00  ,2.852178385240e-04  ,6.647423054466e-04  
  3.296097121774e+00  ,2.849368708830e-04  ,6.641162709521e-04  
  3.303695410368e+00  ,2.846563943760e-04  ,6.634908182925e-04  
  3.311311214825e+00  ,2.843764090206e-04  ,6.628659471414e-04  
  3.318944575526e+00  ,2.840969148359e-04  ,6.622416571729e-04  
  3.326595532940e+00  ,2.838179118424e-04  ,6.616179480615e-04  
  3.334264127632e+00  ,2.835394000619e-04  ,6.609948194823e-04  
  3.341950400261e+00  ,2.832613795179e-04  ,6.603722711110e-04  
  3.349654391578e+00  ,2.829838502353e-04  ,6.597503026237e-04  
  3.357376142429e+00  ,2.827068122403e-04  ,6.591289136968e-04  
  3.365115693754e+00  ,2.824302655605e-04  ,6.585081040075e-04  
  3.372873086588e+00  ,2.821542102252e-04  ,6.578878732335e-04  
  3.380648362059e+00  ,2.818786462649e-04  ,6.572682210527e-04  
  3.388441561392e+00  ,2.816035737116e-04  ,6.566491471437e-04  
  3.396252725904e+00  ,2.813289925987e-04  ,6.560306511858e-04  
  3.404081897010e+00  ,2.810549029609e-04  ,6.554127328583e-04  
  3.411929116219e+00  ,2.807813048346e-04  ,6.547953918416e-04  
  3.419794425137e+00  ,2.805081982572e-04  ,6.541786278161e-04  
  3.427677865464e+00  ,2.802355832679e-04  ,6.535624404629e-04  
  3.435579478998e+00  ,2.799634599070e-04  ,6.529468294638e-04  
  3.443499307633e+00  ,2.796918282164e-04  ,6.523317945009e-04  
  3.451437393358e+00  ,2.794206882391e-04  ,6.517173352568e-04  
  3.459393778261e+00  ,2.791500400198e-04  ,6.511034514146e-04  
  3.467368504525e+00  ,2.788798836043e-04  ,6.504901426580e-04  
  3.475361614432e+00  ,2.786102190401e-04  ,6.498774086713e-04  
  3.483373150360e+00  ,2.783410463756e-04  ,6.492652491392e-04  
  3.491403154785e+00  ,2.780723656610e-04  ,6.486536637467e-04  
  3.499451670283e+00  ,2.778041769475e-04  ,6.480426521798e-04  
  3.507518739525e+00  ,2.775364802879e-04  ,6.474322141246e-04  
  3.515604405283e+00  ,2.772692757362e-04  ,6.468223492679e-04  
  3.523708710424e+00  ,2.770025633478e-04  ,6.462130572971e-04  
  3.531831697919e+00  ,2.767363431793e-04  ,6.456043378998e-04  
  3.539973410834e+00  ,2.764706152889e-04  ,6.449961907646e-04  
  3.548133892335e+00  ,2.762053797358e-04  ,6.443886155801e-04  
  3.556313185689e+00  ,2.759406365806e-04  ,6.437816120359e-04  
  3.564511334262e+00  ,2.756763858854e-04  ,6.431751798218e-04  
  3.572728381519e+00  ,2.754126277133e-04  ,6.425693186283e-04  
  3.580964371026e+00  ,2.751493621289e-04  ,6.419640281462e-04  
  3.589219346450e+00  ,2.748865891980e-04  ,6.413593080673e-04  
  3.597493351557e+00  ,2.746243089877e-04  ,6.407551580833e-04  
  3.605786430216e+00  ,2.743625215663e-04  ,6.401515778870e-04  
  3.614098626396e+00  ,2.741012270035e-04  ,6.395485671713e-04  
  3.622429984166e+00  ,2.738404253702e-04  ,6.389461256299e-04  
  3.630780547701e+00  ,2.735801167384e-04  ,6.383442529570e-04  
  3.639150361272e+00  ,2.733203011815e-04  ,6.377429488472e-04  
  3.647539469256e+00  ,2.730609787743e-04  ,6.371422129957e-04  
  3.655947916131e+00  ,2.728021495924e-04  ,6.365420450984e-04  
  3.664375746478e+00  ,2.725438137129e-04  ,6.359424448514e-04  
  3.672823004980e+00  ,2.722859712142e-04  ,6.353434119517e-04  
  3.681289736425e+00  ,2.720286221756e-04  ,6.347449460965e-04  
  3.689775985701e+00  ,2.717717666779e-04  ,6.341470469839e-04  
  3.698281797802e+00  ,2.715154048030e-04  ,6.335497143122e-04  
  3.706807217825e+00  ,2.712595366338e-04  ,6.329529477804e-04  
  3.715352290971e+00  ,2.710041622546e-04  ,6.323567470881e-04  
  3.723917062545e+00  ,2.707492817508e-04  ,6.317611119354e-04  
  3.732501577957e+00  ,2.704948952089e-04  ,6.311660420229e-04  
  3.741105882720e+00  ,2.702410027167e-04  ,6.305715370517e-04  
  3.749730022454e+00  ,2.699876043630e-04  ,6.299775967235e-04  
  3.758374042884e+00  ,2.697347002377e-04  ,6.293842207407e-04  
  3.767037989839e+00  ,2.694822904320e-04  ,6.287914088060e-04  
  3.775721909254e+00  ,2.692303750381e-04  ,6.281991606228e-04  
  3.784425847170e+00  ,2.689789541492e-04  ,6.276074758950e-04  
  3.793149849736e+00  ,2.687280278600e-04  ,6.270163543271e-04  
  3.801893963205e+00  ,2.684775962658e-04  ,6.264257956241e-04  
  3.810658233937e+00  ,2.682276594633e-04  ,6.258357994915e-04  
  3.819442708400e+00  ,2.679782175501e-04  ,6.252463656355e-04  
  3.828247433168e+00  ,2.677292706250e-04  ,6.246574937627e-04  
  3.837072454922e+00  ,2.674808187878e-04  ,6.240691835805e-04  
  3.845917820453e+00  ,2.672328621393e-04  ,6.234814347964e-04  
  3.854783576657e+00  ,2.669854007815e-04  ,6.228942471190e-04  
  3.863669770540e+00  ,2.667384348172e-04  ,6.223076202572e-04  
  3.872576449216e+00  ,2.664919643503e-04  ,6.217215539203e-04  
  3.881503659906e+00  ,2.662459894857e-04  ,6.211360478184e-04  
  3.890451449942e+00  ,2.660005103295e-04  ,6.205511016621e-04  
  3.899419866765e+00  ,2.657555269885e-04  ,6.199667151625e-04  
  3.908408957923e+00  ,2.655110395706e-04  ,6.193828880314e-04  
  3.917418771077e+00  ,2.652670481846e-04  ,6.187996199810e-04  
  3.926449353995e+00  ,2.650235529404e-04  ,6.182169107242e-04  
  3.935500754557e+00  ,2.647805539487e-04  ,6.176347599743e-04  
  3.944573020752e+00  ,2.645380513213e-04  ,6.170531674453e-04  
  3.953666200681e+00  ,2.642960451707e-04  ,6.164721328518e-04  
  3.962780342554e+00  ,2.640545356105e-04  ,6.158916559089e-04  
  3.971915494694e+00  ,2.638135227551e-04  ,6.153117363322e-04  
  3.981071705534e+00  ,2.635730067199e-04  ,6.147323738380e-04  
  3.990249023621e+00  ,2.633329876210e-04  ,6.141535681431e-04  
  3.999447497610e+00  ,2.630934655756e-04  ,6.135753189649e-04  
  4.008667176272e+00  ,2.628544407015e-04  ,6.129976260213e-04  
  4.017908108489e+00  ,2.626159131177e-04  ,6.124204890308e-04  
  4.027170343254e+00  ,2.623778829436e-04  ,6.118439077127e-04  
  4.036453929675e+00  ,2.621403502999e-04  ,6.112678817864e-04  
  4.045758916974e+00  ,2.619033153076e-04  ,6.106924109723e-04  
  4.055085354483e+00  ,2.616667780889e-04  ,6.101174949913e-04  
  4.064433291652e+00  ,2.614307387666e-04  ,6.095431335646e-04  
  4.073802778041e+00  ,2.611951974644e-04  ,6.089693264144e-04  
  4.083193863326e+00  ,2.609601543066e-04  ,6.083960732631e-04  
  4.092606597300e+00  ,2.607256094184e-04  ,6.078233738339e-04  
  4.102041029865e+00  ,2.604915629257e-04  ,6.072512278505e-04  
  4.111497211045e+00  ,2.602580149550e-04  ,6.066796350371e-04  
  4.120975190973e+00  ,2.600249656337e-04  ,6.061085951188e-04  
  4.130475019901e+00  ,2.597924150899e-04  ,6.055381078209e-04  
  4.139996748197e+00  ,2.595603634522e-04  ,6.049681728694e-04  
  4.149540426343e+00  ,2.593288108499e-04  ,6.043987899911e-04  
  4.159106104940e+00  ,2.590977574133e-04  ,6.038299589131e-04  
  4.168693834703e+00  ,2.588672032729e-04  ,6.032616793631e-04  
  4.178303666466e+00  ,2.586371485601e-04  ,6.026939510697e-04  
  4.187935651179e+00  ,2.584075934068e-04  ,6.021267737617e-04  
  4.197589839909e+00  ,2.581785379457e-04  ,6.015601471687e-04  
  4.207266283844e+00  ,2.579499823097e-04  ,6.009940710208e-04  
  4.216965034285e+00  ,2.577219266328e-04  ,6.004285450488e-04  
  4.226686142655e+00  ,2.574943710492e-04  ,5.998635689839e-04  
  4.236429660495e+00  ,2.572673156936e-04  ,5.992991425581e-04  
  4.246195639463e+00  ,2.570407607017e-04  ,5.987352655039e-04  
  4.255984131337e+00  ,2.568147062091e-04  ,5.981719375544e-04  
  4.265795188015e+00  ,2.565891523524e-04  ,5.976091584432e-04  
  4.275628861515e+00  ,2.563640992685e-04  ,5.970469279045e-04  
  4.285485203974e+00  ,2.561395470947e-04  ,5.964852456734e-04  
  4.295364267648e+00  ,2.559154959690e-04  ,5.959241114851e-04  
  4.305266104917e+00  ,2.556919460295e-04  ,5.953635250758e-04  
  4.315190768277e+00  ,2.554688974152e-04  ,5.948034861821e-04  
  4.325138310349e+00  ,2.552463502650e-04  ,5.942439945412e-04  
  4.335108783875e+00  ,2.550243047186e-04  ,5.936850498909e-04  
  4.345102241715e+00  ,2.548027609160e-04  ,5.931266519698e-04  
  4.355118736855e+00  ,2.545817189973e-04  ,5.925688005167e-04  
  4.365158322401e+00  ,2.543611791034e-04  ,5.920114952714e-04  
  4.375221051582e+00  ,2.541411413752e-04  ,5.914547359740e-04  
  4.385306977749e+00  ,2.539216059541e-04  ,5.908985223653e-04  
  4.395416154378e+00  ,2.537025729817e-04  ,5.903428541869e-04  
  4.405548635065e+00  ,2.534840425999e-04  ,5.897877311806e-04  
  4.415704473533e+00  ,2.532660149509e-04  ,5.892331530891e-04  
  4.425883723626e+00  ,2.530484901773e-04  ,5.886791196556e-04  
  4.436086439314e+00  ,2.528314684217e-04  ,5.881256306239e-04  
  4.446312674690e+00  ,2.526149498271e-04  ,5.875726857384e-04  
  4.456562483974e+00  ,2.523989345365e-04  ,5.870202847442e-04  
  4.466835921509e+00  ,2.521834226933e-04  ,5.864684273868e-04  
  4.477133041763e+00  ,2.519684144411e-04  ,5.859171134124e-04  
  4.487453899331e+00  ,2.517539099235e-04  ,5.853663425680e-04  
  4.497798548932e+00  ,2.515399092842e-04  ,5.848161146009e-04  
  4.508167045414e+00  ,2.513264126672e-04  ,5.842664292591e-04  
  4.518559443749e+00  ,2.511134202165e-04  ,5.837172862913e-04  
  4.528975799036e+00  ,2.509009320762e-04  ,5.831686854467e-04  
  4.539416166501e+00  ,2.506889483905e-04  ,5.826206264752e-04  
  4.549880601500e+00  ,2.504774693035e-04  ,5.820731091271e-04  
  4.560369159512e+00  ,2.502664949596e-04  ,5.815261331536e-04  
  4.570881896148e+00  ,2.500560255030e-04  ,5.809796983063e-04  
  4.581418867145e+00  ,2.498460610778e-04  ,5.804338043375e-04  
  4.591980128368e+00  ,2.496366018285e-04  ,5.798884509999e-04  
  4.602565735813e+00  ,2.494276478990e-04  ,5.793436380472e-04  
  4.613175745603e+00  ,2.492191994336e-04  ,5.787993652334e-04  
  4.623810213992e+00  ,2.490112565762e-04  ,5.782556323131e-04  
  4.634469197362e+00  ,2.488038194709e-04  ,5.777124390418e-04  
  4.645152752227e+00  ,2.485968882613e-04  ,5.771697851751e-04  
  4.655860935229e+00  ,2.483904630911e-04  ,5.766276704698e-04  
  4.666593803142e+00  ,2.481845441039e-04  ,5.760860946829e-04  
  4.677351412871e+00  ,2.479791314430e-04  ,5.755450575722e-04  
  4.688133821452e+00  ,2.477742252515e-04  ,5.750045588959e-04  
  4.698941086051e+00  ,2.475698256722e-04  ,5.744645984131e-04  
  4.709773263969e+00  ,2.473659328479e-04  ,5.739251758832e-04  
  4.720630412635e+00  ,2.471625469209e-04  ,5.733862910665e-04  
  4.731512589614e+00  ,2.469596680334e-04  ,5.728479437237e-04  
  4.742419852602e+00  ,2.467572963271e-04  ,5.723101336163e-04  
  4.753352259427e+00  ,2.465554319435e-04  ,5.717728605062e-04  
  4.764309868053e+00  ,2.463540750238e-04  ,5.712361241560e-04  
  4.775292736576e+00  ,2.461532257088e-04  ,5.706999243289e-04  
  4.786300923226e+00  ,2.459528841387e-04  ,5.701642607888e-04  
  4.797334486366e+00  ,2.457530504537e-04  ,5.696291333001e-04  
  4.808393484497e+00  ,2.455537247933e-04  ,5.690945416278e-04  
  4.819477976251e+00  ,2.453549072964e-04  ,5.685604855377e-04  
  4.830588020397e+00  ,2.451565981019e-04  ,5.680269647959e-04  
  4.841723675840e+00  ,2.449587973478e-04  ,5.674939791694e-04  
  4.852885001621e+00  ,2.447615051717e-04  ,5.669615284256e-04  
  4.864072056914e+00  ,2.445647217107e-04  ,5.664296123327e-04  
  4.875284901033e+00  ,2.443684471013e-04  ,5.658982306594e-04  
  4.886523593428e+00  ,2.441726814795e-04  ,5.653673831749e-04  
  4.897788193684e+00  ,2.439774249805e-04  ,5.648370696493e-04  
  4.909078761525e+00  ,2.437826777391e-04  ,5.643072898530e-04  
  4.920395356814e+00  ,2.435884398893e-04  ,5.637780435572e-04  
  4.931738039549e+00  ,2.433947115645e-04  ,5.632493305337e-04  
  4.943106869868e+00  ,2.432014928974e-04  ,5.627211505549e-04  
  4.954501908047e+00  ,2.430087840199e-04  ,5.621935033937e-04  
  4.965923214503e+00  ,2.428165850632e-04  ,5.616663888237e-04  
  4.977370849789e+00  ,2.426248961577e-04  ,5.611398066192e-04  
  4.988844874599e+00  ,2.424337174332e-04  ,5.606137565550e-04  
  5.000345349769e+00  ,2.422430490185e-04  ,5.600882384065e-04  
  5.011872336272e+00  ,2.420528910415e-04  ,5.595632519496e-04  
  5.023425895223e+00  ,2.418632436294e-04  ,5.590387969612e-04  
  5.035006087878e+00  ,2.416741069085e-04  ,5.585148732184e-04  
  5.046612975635e+00  ,2.414854810041e-04  ,5.579914804991e-04  
  5.058246620030e+00  ,2.412973660406e-04  ,5.574686185817e-04  
  5.069907082746e+00  ,2.411097621415e-04  ,5.569462872454e-04  
  5.081594425605e+00  ,2.409226694292e-04  ,5.564244862699e-04  
  5.093308710571e+00  ,2.407360880252e-04  ,5.559032154354e-04  
  5.105049999753e+00  ,2.405500180500e-04  ,5.553824745228e-04  
  5.116818355402e+00  ,2.403644596229e-04  ,5.548622633137e-04  
  5.128613839913e+00  ,2.401794128621e-04  ,5.543425815902e-04  
  5.140436515824e+00  ,2.399948778850e-04  ,5.538234291350e-04  
  5.152286445817e+00  ,2.398108548074e-04  ,5.533048057314e-04  
  5.164163692720e+00  ,2.396273437444e-04  ,5.527867111634e-04  
  5.176068319505e+00  ,2.394443448096e-04  ,5.522691452156e-04  
  5.188000389289e+00  ,2.392618581155e-04  ,5.517521076730e-04  
  5.199959965334e+00  ,2.390798837734e-04  ,5.512355983215e-04  
  5.211947111050e+00  ,2.388984218933e-04  ,5.507196169474e-04  
  5.223961889990e+00  ,2.387174725838e-04  ,5.502041633377e-04  
  5.236004365857e+00  ,2.385370359525e-04  ,5.496892372799e-04  
  5.248074602497e+00  ,2.383571121054e-04  ,5.491748385622e-04  
  5.260172663906e+00  ,2.381777011470e-04  ,5.486609669734e-04  
  5.272298614227e+00  ,2.379988031809e-04  ,5.481476223029e-04  
  5.284452517751e+00  ,2.378204183088e-04  ,5.476348043406e-04  
  5.296634438916e+00  ,2.376425466312e-04  ,5.471225128771e-04  
  5.308844442309e+00  ,2.374651882470e-04  ,5.466107477037e-04  
  5.321082592667e+00  ,2.372883432538e-04  ,5.460995086120e-04  
  5.333348954875e+00  ,2.371120117475e-04  ,5.455887953944e-04  
  5.345643593969e+00  ,2.369361938223e-04  ,5.450786078441e-04  
  5.357966575133e+00  ,2.367608895713e-04  ,5.445689457544e-04  
  5.370317963702e+00  ,2.365860990856e-04  ,5.440598089196e-04  
  5.382697825162e+00  ,2.364118224546e-04  ,5.435511971344e-04  
  5.395106225150e+00  ,2.362380597665e-04  ,5.430431101943e-04  
  5.407543229455e+00  ,2.360648111072e-04  ,5.425355478952e-04  
  5.420008904015e+00  ,2.358920765615e-04  ,5.420285100335e-04  
  5.432503314924e+00  ,2.357198562119e-04  ,5.415219964066e-04  
  5.445026528423e+00  ,2.355481501396e-04  ,5.410160068120e-04  
  5.457578610912e+00  ,2.353769584236e-04  ,5.405105410482e-04  
  5.470159628939e+00  ,2.352062811413e-04  ,5.400055989141e-04  
  5.482769649208e+00  ,2.350361183681e-04  ,5.395011802092e-04  
  5.495408738575e+00  ,2.348664701778e-04  ,5.389972847335e-04  
  5.508076964053e+00  ,2.346973366420e-04  ,5.384939122878e-04  
  5.520774392807e+00  ,2.345287178304e-04  ,5.379910626733e-04  
  5.533501092157e+00  ,2.343606138108e-04  ,5.374887356920e-04  
  5.546257129578e+00  ,2.341930246490e-04  ,5.369869311462e-04  
  5.559042572703e+00  ,2.340259504086e-04  ,5.364856488391e-04  
  5.571857489318e+00  ,2.338593911515e-04  ,5.359848885741e-04  
  5.584701947367e+00  ,2.336933469372e-04  ,5.354846501555e-04  
  5.597576014950e+00  ,2.335278178231e-04  ,5.349849333882e-04  
  5.610479760324e+00  ,2.333628038646e-04  ,5.344857380774e-04  
  5.623413251903e+00  ,2.331983051149e-04  ,5.339870640291e-04  
  5.636376558259e+00  ,2.330343216250e-04  ,5.334889110498e-04  
  5.649369748122e+00  ,2.328708534434e-04  ,5.329912789467e-04  
  5.662392890382e+00  ,2.327079006168e-04  ,5.324941675273e-04  
  5.675446054085e+00  ,2.325454631892e-04  ,5.319975766000e-04  
  5.688529308438e+00  ,2.323835412026e-04  ,5.315015059736e-04  
  5.701642722807e+00  ,2.322221346964e-04  ,5.310059554574e-04  
  5.714786366718e+00  ,2.320612437077e-04  ,5.305109248614e-04  
  5.727960309857e+00  ,2.319008682713e-04  ,5.300164139962e-04  
  5.741164622072e+00  ,2.317410084193e-04  ,5.295224226729e-04  
  5.754399373371e+00  ,2.315816641816e-04  ,5.290289507031e-04  
  5.767664633922e+00  ,2.314228355856e-04  ,5.285359978991e-04  
  5.780960474056e+00  ,2.312645226558e-04  ,5.280435640737e-04  
  5.794286964268e+00  ,2.311067254146e-04  ,5.275516490402e-04  
  5.807644175212e+00  ,2.309494438816e-04  ,5.270602526125e-04  
  5.821032177708e+00  ,2.307926780737e-04  ,5.265693746053e-04  
  5.834451042737e+00  ,2.306364280052e-04  ,5.260790148334e-04  
  5.847900841444e+00  ,2.304806936879e-04  ,5.255891731126e-04  
  5.861381645139e+00  ,2.303254751306e-04  ,5.250998492589e-04  
  5.874893525297e+00  ,2.301707723397e-04  ,5.246110430892e-04  
  5.888436553555e+00  ,2.300165853184e-04  ,5.241227544206e-04  
  5.902010801718e+00  ,2.298629140674e-04  ,5.236349830709e-04  
  5.915616341754e+00  ,2.297097585845e-04  ,5.231477288587e-04  
  5.929253245799e+00  ,2.295571188646e-04  ,5.226609916027e-04  
  5.942921586155e+00  ,2.294049948998e-04  ,5.221747711224e-04  
  5.956621435289e+00  ,2.292533866791e-04  ,5.216890672379e-04  
  5.970352865837e+00  ,2.291022941887e-04  ,5.212038797697e-04  
  5.984115950602e+00  ,2.289517174117e-04  ,5.207192085389e-04  
  5.997910762554e+00  ,2.288016563283e-04  ,5.202350533671e-04  
  6.011737374832e+00  ,2.286521109156e-04  ,5.197514140766e-04  
  6.025595860743e+00  ,2.285030811475e-04  ,5.192682904899e-04  
  6.039486293763e+00  ,2.283545669950e-04  ,5.187856824304e-04  
  6.053408747538e+00  ,2.282065684258e-04  ,5.183035897219e-04  
  6.067363295884e+00  ,2.280590854045e-04  ,5.178220121886e-04  
  6.081350012786e+00  ,2.279121178924e-04  ,5.173409496554e-04  
  6.095368972401e+00  ,2.277656658477e-04  ,5.168604019476e-04  
  6.109420249055e+00  ,2.276197292253e-04  ,5.163803688912e-04  
  6.123503917247e+00  ,2.274743079767e-04  ,5.159008503125e-04  
  6.137620051647e+00  ,2.273294020502e-04  ,5.154218460385e-04  
  6.151768727098e+00  ,2.271850113906e-04  ,5.149433558967e-04  
  6.165950018614e+00  ,2.270411359395e-04  ,5.144653797149e-04  
  6.180164001383e+00  ,2.268977756349e-04  ,5.139879173218e-04  
  6.194410750767e+00  ,2.267549304115e-04  ,5.135109685462e-04  
  6.208690342300e+00  ,2.266126002003e-04  ,5.130345332178e-04  
  6.223002851691e+00  ,2.264707849290e-04  ,5.125586111664e-04  
  6.237348354823e+00  ,2.263294845217e-04  ,5.120832022227e-04  
  6.251726927756e+00  ,2.261886988989e-04  ,5.116083062177e-04  
  6.266138646722e+00  ,2.260484279774e-04  ,5.111339229828e-04  
  6.280583588132e+00  ,2.259086716706e-04  ,5.106600523502e-04  
  6.295061828571e+00  ,2.257694298879e-04  ,5.101866941523e-04  
  6.309573444801e+00  ,2.256307025352e-04  ,5.097138482222e-04  
  6.324118513761e+00  ,2.254924895148e-04  ,5.092415143934e-04  
  6.338697112568e+00  ,2.253547907250e-04  ,5.087696924999e-04  
  6.353309318516e+00  ,2.252176060604e-04  ,5.082983823762e-04  
  6.367955209078e+00  ,2.250809354117e-04  ,5.078275838573e-04  
  6.382634861905e+00  ,2.249447786659e-04  ,5.073572967786e-04  
  6.397348354826e+00  ,2.248091357059e-04  ,5.068875209760e-04  
  6.412095765851e+00  ,2.246740064109e-04  ,5.064182562861e-04  
  6.426877173169e+00  ,2.245393906561e-04  ,5.059495025456e-04  
  6.441692655151e+00  ,2.244052883125e-04  ,5.054812595921e-04  
  6.456542290346e+00  ,2.242716992475e-04  ,5.050135272632e-04  
  6.471426157485e+00  ,2.241386233240e-04  ,5.045463053973e-04  
  6.486344335481e+00  ,2.240060604012e-04  ,5.040795938332e-04  
  6.501296903430e+00  ,2.238740103340e-04  ,5.036133924102e-04  
  6.516283940607e+00  ,2.237424729733e-04  ,5.031477009678e-04  
  6.531305526474e+00  ,2.236114481656e-04  ,5.026825193463e-04  
  6.546361740672e+00  ,2.234809357535e-04  ,5.022178473864e-04  
  6.561452663028e+00  ,2.233509355753e-04  ,5.017536849289e-04  
  6.576578373553e+00  ,2.232214474648e-04  ,5.012900318155e-04  
  6.591738952442e+00  ,2.230924712518e-04  ,5.008268878881e-04  
  6.606934480075e+00  ,2.229640067617e-04  ,5.003642529890e-04  
  6.622165037017e+00  ,2.228360538156e-04  ,4.999021269613e-04  
  6.637430704018e+00  ,2.227086122301e-04  ,4.994405096480e-04  
  6.652731562016e+00  ,2.225816818175e-04  ,4.989794008929e-04  
  6.668067692135e+00  ,2.224552623857e-04  ,4.985188005402e-04  
  6.683439175685e+00  ,2.223293537380e-04  ,4.980587084344e-04  
  6.698846094164e+00  ,2.222039556732e-04  ,4.975991244205e-04  
  6.714288529259e+00  ,2.220790679859e-04  ,4.971400483439e-04  
  6.729766562842e+00  ,2.219546904657e-04  ,4.966814800505e-04  
  6.745280276978e+00  ,2.218308228979e-04  ,4.962234193865e-04  
  6.760829753919e+00  ,2.217074650632e-04  ,4.957658661985e-04  
  6.776415076106e+00  ,2.215846167374e-04  ,4.953088203337e-04  
  6.792036326171e+00  ,2.214622776920e-04  ,4.948522816395e-04  
  6.807693586936e+00  ,2.213404476936e-04  ,4.943962499638e-04  
  6.823386941416e+00  ,2.212191265039e-04  ,4.939407251548e-04  
  6.839116472813e+00  ,2.210983138802e-04  ,4.934857070613e-04  
  6.854882264526e+00  ,2.209780095749e-04  ,4.930311955323e-04  
  6.870684400141e+00  ,2.208582133354e-04  ,4.925771904172e-04  
  6.886522963442e+00  ,2.207389249044e-04  ,4.921236915660e-04  
  6.902398038401e+00  ,2.206201440198e-04  ,4.916706988288e-04  
  6.918309709188e+00  ,2.205018704146e-04  ,4.912182120562e-04  
  6.934258060165e+00  ,2.203841038167e-04  ,4.907662310992e-04  
  6.950243175887e+00  ,2.202668439492e-04  ,4.903147558092e-04  
  6.966265141107e+00  ,2.201500905301e-04  ,4.898637860379e-04  
  6.982324040771e+00  ,2.200338432727e-04  ,4.894133216373e-04  
  6.998419960022e+00  ,2.199181018848e-04  ,4.889633624600e-04  
  7.014552984199e+00  ,2.198028660694e-04  ,4.885139083586e-04  
  7.030723198837e+00  ,2.196881355246e-04  ,4.880649591865e-04  
  7.046930689670e+00  ,2.195739099429e-04  ,4.876165147970e-04  
  7.063175542629e+00  ,2.194601890121e-04  ,4.871685750440e-04  
  7.079457843840e+00  ,2.193469724147e-04  ,4.867211397817e-04  
  7.095777679633e+00  ,2.192342598278e-04  ,4.862742088647e-04  
  7.112135136532e+00  ,2.191220509236e-04  ,4.858277821479e-04  
  7.128530301264e+00  ,2.190103453688e-04  ,4.853818594863e-04  
  7.144963260754e+00  ,2.188991428249e-04  ,4.849364407356e-04  
  7.161434102128e+00  ,2.187884429482e-04  ,4.844915257516e-04  
  7.177942912713e+00  ,2.186782453896e-04  ,4.840471143904e-04  
  7.194489780036e+00  ,2.185685497947e-04  ,4.836032065086e-04  
  7.211074791828e+00  ,2.184593558035e-04  ,4.831598019629e-04  
  7.227698036021e+00  ,2.183506630509e-04  ,4.827169006104e-04  
  7.244359600749e+00  ,2.182424711662e-04  ,4.822745023086e-04  
  7.261059574350e+00  ,2.181347797734e-04  ,4.818326069151e-04  
  7.277798045367e+00  ,2.180275884908e-04  ,4.813912142880e-04  
  7.294575102545e+00  ,2.179208969314e-04  ,4.809503242855e-04  
  7.311390834833e+00  ,2.178147047025e-04  ,4.805099367661e-04  
  7.328245331388e+00  ,2.177090114061e-04  ,4.800700515888e-04  
  7.345138681570e+00  ,2.176038166385e-04  ,4.796306686127e-04  
  7.362070974946e+00  ,2.174991199902e-04  ,4.791917876971e-04  
  7.379042301290e+00  ,2.173949210465e-04  ,4.787534087018e-04  
  7.396052750581e+00  ,2.172912193867e-04  ,4.783155314867e-04  
  7.413102413008e+00  ,2.171880145846e-04  ,4.778781559119e-04  
  7.430191378966e+00  ,2.170853062084e-04  ,4.774412818380e-04  
  7.447319739059e+00  ,2.169830938204e-04  ,4.770049091256e-04  
  7.464487584100e+00  ,2.168813769773e-04  ,4.765690376357e-04  
  7.481695005110e+00  ,2.167801552300e-04  ,4.761336672295e-04  
  7.498942093323e+00  ,2.166794281236e-04  ,4.756987977684e-04  
  7.516228940181e+00  ,2.165791951975e-04  ,4.752644291140e-04  
  7.533555637336e+00  ,2.164794559852e-04  ,4.748305611283e-04  
  7.550922276653e+00  ,2.163802100145e-04  ,4.743971936733e-04  
  7.568328950209e+00  ,2.162814568072e-04  ,4.739643266114e-04  
  7.585775750291e+00  ,2.161831958792e-04  ,4.735319598052e-04  
  7.603262769401e+00  ,2.160854267406e-04  ,4.731000931173e-04  
  7.620790100253e+00  ,2.159881488956e-04  ,4.726687264108e-04  
  7.638357835776e+00  ,2.158913618425e-04  ,4.722378595488e-04  
  7.655966069111e+00  ,2.157950650735e-04  ,4.718074923946e-04  
  7.673614893617e+00  ,2.156992580749e-04  ,4.713776248119e-04  
  7.691304402865e+00  ,2.156039403270e-04  ,4.709482566642e-04  
  7.709034690643e+00  ,2.155091113042e-04  ,4.705193878156e-04  
  7.726805850956e+00  ,2.154147704747e-04  ,4.700910181301e-04  
  7.744617978024e+00  ,2.153209173008e-04  ,4.696631474719e-04  
  7.762471166286e+00  ,2.152275512386e-04  ,4.692357757055e-04  
  7.780365510397e+00  ,2.151346717382e-04  ,4.688089026955e-04  
  7.798301105231e+00  ,2.150422782437e-04  ,4.683825283065e-04  
  7.816278045882e+00  ,2.149503701929e-04  ,4.679566524035e-04  
  7.834296427661e+00  ,2.148589470176e-04  ,4.675312748515e-04  
  7.852356346100e+00  ,2.147680081434e-04  ,4.671063955156e-04  
  7.870457896950e+00  ,2.146775529898e-04  ,4.666820142612e-04  
  7.888601176184e+00  ,2.145875809700e-04  ,4.662581309536e-04  
  7.906786279997e+00  ,2.144980914912e-04  ,4.658347454585e-04  
  7.925013304803e+00  ,2.144090839542e-04  ,4.654118576414e-04  
  7.943282347242e+00  ,2.143205577536e-04  ,4.649894673682e-04  
  7.961593504172e+00  ,2.142325122780e-04  ,4.645675745047e-04  
  7.979946872679e+00  ,2.141449469095e-04  ,4.641461789170e-04  
  7.998342550069e+00  ,2.140578610241e-04  ,4.637252804710e-04  
  8.016780633876e+00  ,2.139712539913e-04  ,4.633048790331e-04  
  8.035261221855e+00  ,2.138851251746e-04  ,4.628849744694e-04  
  8.053784411989e+00  ,2.137994739309e-04  ,4.624655666464e-04  
  8.072350302487e+00  ,2.137142996112e-04  ,4.620466554303e-04  
  8.090958991783e+00  ,2.136296015598e-04  ,4.616282406878e-04  
  8.109610578537e+00  ,2.135453791148e-04  ,4.612103222852e-04  
  8.128305161640e+00  ,2.134616316080e-04  ,4.607929000894e-04  
  8.147042840207e+00  ,2.133783583647e-04  ,4.603759739668e-04  
  8.165823713585e+00  ,2.132955587040e-04  ,4.599595437843e-04  
  8.184647881347e+00  ,2.132132319386e-04  ,4.595436094085e-04  
  8.203515443297e+00  ,2.131313773747e-04  ,4.591281707063e-04  
  8.222426499469e+00  ,2.130499943123e-04  ,4.587132275444e-04  
  8.241381150129e+00  ,2.129690820447e-04  ,4.582987797897e-04  
  8.260379495770e+00  ,2.128886398591e-04  ,4.578848273090e-04  
  8.279421637122e+00  ,2.128086670360e-04  ,4.574713699692e-04  
  8.298507675143e+00  ,2.127291628498e-04  ,4.570584076371e-04  
  8.317637711025e+00  ,2.126501265682e-04  ,4.566459401797e-04  
  8.336811846195e+00  ,2.125715574525e-04  ,4.562339674637e-04  
  8.356030182311e+00  ,2.124934547577e-04  ,4.558224893561e-04  
  8.375292821268e+00  ,2.124158177321e-04  ,4.554115057236e-04  
  8.394599865193e+00  ,2.123386456177e-04  ,4.550010164331e-04  
  8.413951416451e+00  ,2.122619376501e-04  ,4.545910213513e-04  
  8.433347577641e+00  ,2.121856930582e-04  ,4.541815203450e-04  
  8.452788451602e+00  ,2.121099110647e-04  ,4.537725132808e-04  
  8.472274141405e+00  ,2.120345908857e-04  ,4.533640000255e-04  
  8.491804750362e+00  ,2.119597317306e-04  ,4.529559804455e-04  
  8.511380382022e+00  ,2.118853328027e-04  ,4.525484544075e-04  
  8.531001140175e+00  ,2.118113932985e-04  ,4.521414217779e-04  
  8.550667128845e+00  ,2.117379124082e-04  ,4.517348824231e-04  
  8.570378452302e+00  ,2.116648893154e-04  ,4.513288362094e-04  
  8.590135215053e+00  ,2.115923231972e-04  ,4.509232830031e-04  
  8.609937521845e+00  ,2.115202132243e-04  ,4.505182226702e-04  
  8.629785477668e+00  ,2.114485585608e-04  ,4.501136550768e-04  
  8.649679187756e+00  ,2.113773583643e-04  ,4.497095800888e-04  
  8.669618757581e+00  ,2.113066117860e-04  ,4.493059975720e-04  
  8.689604292862e+00  ,2.112363179704e-04  ,4.489029073923e-04  
  8.709635899559e+00  ,2.111664760558e-04  ,4.485003094150e-04  
  8.729713683880e+00  ,2.110970851736e-04  ,4.480982035057e-04  
  8.749837752273e+00  ,2.110281444492e-04  ,4.476965895298e-04  
  8.770008211435e+00  ,2.109596530011e-04  ,4.472954673522e-04  
  8.790225168307e+00  ,2.108916099414e-04  ,4.468948368382e-04  
  8.810488730079e+00  ,2.108240143758e-04  ,4.464946978524e-04  
  8.830799004184e+00  ,2.107568654034e-04  ,4.460950502597e-04  
  8.851156098307e+00  ,2.106901621170e-04  ,4.456958939246e-04  
  8.871560120378e+00  ,2.106239036027e-04  ,4.452972287113e-04  
  8.892011178578e+00  ,2.105580889402e-04  ,4.448990544842e-04  
  8.912509381336e+00  ,2.104927172028e-04  ,4.445013711071e-04  
  8.933054837332e+00  ,2.104277874573e-04  ,4.441041784438e-04  
  8.953647655495e+00  ,2.103632987639e-04  ,4.437074763580e-04  
  8.974287945006e+00  ,2.102992501767e-04  ,4.433112647130e-04  
  8.994975815299e+00  ,2.102356407428e-04  ,4.429155433719e-04  
  9.015711376058e+00  ,2.101724695035e-04  ,4.425203121977e-04  
  9.036494737222e+00  ,2.101097354931e-04  ,4.421255710531e-04  
  9.057326008981e+00  ,2.100474377398e-04  ,4.417313198006e-04  
  9.078205301780e+00  ,2.099855752653e-04  ,4.413375583023e-04  
  9.099132726321e+00  ,2.099241470849e-04  ,4.409442864203e-04  
  9.120108393558e+00  ,2.098631522075e-04  ,4.405515040163e-04  
  9.141132414701e+00  ,2.098025896356e-04  ,4.401592109517e-04  
  9.162204901219e+00  ,2.097424583654e-04  ,4.397674070877e-04  
  9.183325964834e+00  ,2.096827573865e-04  ,4.393760922852e-04  
  9.204495717530e+00  ,2.096234856823e-04  ,4.389852664049e-04  
  9.225714271546e+00  ,2.095646422300e-04  ,4.385949293070e-04  
  9.246981739381e+00  ,2.095062260002e-04  ,4.382050808516e-04  
  9.268298233792e+00  ,2.094482359574e-04  ,4.378157208985e-04  
  9.289663867798e+00  ,2.093906710595e-04  ,4.374268493071e-04  
  9.311078754677e+00  ,2.093335302585e-04  ,4.370384659363e-04  
  9.332543007968e+00  ,2.092768124997e-04  ,4.366505706451e-04  
  9.354056741474e+00  ,2.092205167226e-04  ,4.362631632919e-04  
  9.375620069257e+00  ,2.091646418599e-04  ,4.358762437347e-04  
  9.397233105645e+00  ,2.091091868385e-04  ,4.354898118313e-04  
  9.418895965227e+00  ,2.090541505789e-04  ,4.351038674391e-04  
  9.440608762858e+00  ,2.089995319954e-04  ,4.347184104152e-04  
  9.462371613656e+00  ,2.089453299961e-04  ,4.343334406162e-04  
  9.484184633007e+00  ,2.088915434830e-04  ,4.339489578983e-04  
  9.506047936561e+00  ,2.088381713519e-04  ,4.335649621176e-04  
  9.527961640235e+00  ,2.087852124924e-04  ,4.331814531296e-04  
  9.549925860213e+00  ,2.087326657880e-04  ,4.327984307893e-04  
  9.571940712947e+00  ,2.086805301163e-04  ,4.324158949515e-04  
  9.594006315158e+00  ,2.086288043484e-04  ,4.320338454705e-04  
  9.616122783835e+00  ,2.085774873498e-04  ,4.316522822002e-04  
  9.638290236238e+00  ,2.085265779796e-04  ,4.312712049941e-04  
  9.660508789897e+00  ,2.084760750911e-04  ,4.308906137052e-04  
  9.682778562611e+00  ,2.084259775315e-04  ,4.305105081860e-04  
  9.705099672453e+00  ,2.083762841420e-04  ,4.301308882889e-04  
  9.727472237768e+00  ,2.083269937579e-04  ,4.297517538654e-04  
  9.749896377172e+00  ,2.082781052085e-04  ,4.293731047667e-04  
  9.772372209557e+00  ,2.082296173173e-04  ,4.289949408438e-04  
  9.794899854085e+00  ,2.081815289017e-04  ,4.286172619468e-04  
  9.817479430198e+00  ,2.081338387736e-04  ,4.282400679256e-04  
  9.840111057610e+00  ,2.080865457385e-04  ,4.278633586294e-04  
  9.862794856311e+00  ,2.080396485967e-04  ,4.274871339072e-04  
  9.885530946568e+00  ,2.079931461423e-04  ,4.271113936072e-04  
  9.908319448926e+00  ,2.079470371637e-04  ,4.267361375773e-04  
  9.931160484208e+00  ,2.079013204436e-04  ,4.263613656648e-04  
  9.954054173514e+00  ,2.078559947590e-04  ,4.259870777163e-04  
  9.977000638224e+00  ,2.078110588813e-04  ,4.256132735782e-04  
  9.999999999998e+00  ,2.077665115760e-04  ,4.252399530961e-04  
  1.002305238078e+01  ,2.077223516031e-04  ,4.248671161153e-04  
  1.004615790278e+01  ,2.076785777171e-04  ,4.244947624802e-04  
  1.006931668852e+01  ,2.076351886667e-04  ,4.241228920350e-04  
  1.009252886077e+01  ,2.075921831952e-04  ,4.237515046230e-04  
  1.011579454260e+01  ,2.075495600403e-04  ,4.233806000872e-04  
  1.013911385737e+01  ,2.075073179344e-04  ,4.230101782698e-04  
  1.016248692871e+01  ,2.074654556041e-04  ,4.226402390127e-04  
  1.018591388054e+01  ,2.074239717709e-04  ,4.222707821568e-04  
  1.020939483708e+01  ,2.073828651507e-04  ,4.219018075427e-04  
  1.023292992281e+01  ,2.073421344541e-04  ,4.215333150104e-04  
  1.025651926251e+01  ,2.073017783863e-04  ,4.211653043990e-04  
  1.028016298126e+01  ,2.072617956475e-04  ,4.207977755472e-04  
  1.030386120441e+01  ,2.072221849321e-04  ,4.204307282931e-04  
  1.032761405761e+01  ,2.071829449297e-04  ,4.200641624740e-04  
  1.035142166679e+01  ,2.071440743245e-04  ,4.196980779267e-04  
  1.037528415818e+01  ,2.071055717957e-04  ,4.193324744871e-04  
  1.039920165829e+01  ,2.070674360171e-04  ,4.189673519908e-04  
  1.042317429393e+01  ,2.070296656576e-04  ,4.186027102724e-04  
  1.044720219221e+01  ,2.069922593810e-04  ,4.182385491661e-04  
  1.047128548051e+01  ,2.069552158460e-04  ,4.178748685051e-04  
  1.049542428652e+01  ,2.069185337064e-04  ,4.175116681223e-04  
  1.051961873823e+01  ,2.068822116110e-04  ,4.171489478495e-04  
  1.054386896391e+01  ,2.068462482037e-04  ,4.167867075180e-04  
  1.056817509213e+01  ,2.068106421234e-04  ,4.164249469584e-04  
  1.059253725177e+01  ,2.067753920044e-04  ,4.160636660006e-04  
  1.061695557199e+01  ,2.067404964760e-04  ,4.157028644737e-04  
  1.064143018224e+01  ,2.067059541628e-04  ,4.153425422060e-04  
  1.066596121230e+01  ,2.066717636846e-04  ,4.149826990252e-04  
  1.069054879222e+01  ,2.066379236565e-04  ,4.146233347582e-04  
  1.071519305237e+01  ,2.066044326892e-04  ,4.142644492312e-04  
  1.073989412341e+01  ,2.065712893884e-04  ,4.139060422694e-04  
  1.076465213630e+01  ,2.065384923556e-04  ,4.135481136975e-04  
  1.078946722230e+01  ,2.065060401874e-04  ,4.131906633394e-04  
  1.081433951298e+01  ,2.064739314764e-04  ,4.128336910180e-04  
  1.083926914021e+01  ,2.064421648102e-04  ,4.124771965557e-04  
  1.086425623617e+01  ,2.064107387724e-04  ,4.121211797738e-04  
  1.088930093333e+01  ,2.063796519420e-04  ,4.117656404931e-04  
  1.091440336449e+01  ,2.063489028939e-04  ,4.114105785334e-04  
  1.093956366272e+01  ,2.063184901985e-04  ,4.110559937136e-04  
  1.096478196143e+01  ,2.062884124221e-04  ,4.107018858520e-04  
  1.099005839432e+01  ,2.062586681268e-04  ,4.103482547659e-04  
  1.101539309541e+01  ,2.062292558704e-04  ,4.099951002719e-04  
  1.104078619902e+01  ,2.062001742069e-04  ,4.096424221856e-04  
  1.106623783977e+01  ,2.061714216860e-04  ,4.092902203219e-04  
  1.109174815262e+01  ,2.061429968534e-04  ,4.089384944946e-04  
  1.111731727281e+01  ,2.061148982510e-04  ,4.085872445170e-04  
  1.114294533592e+01  ,2.060871244165e-04  ,4.082364702012e-04  
  1.116863247780e+01  ,2.060596738840e-04  ,4.078861713585e-04  
  1.119437883467e+01  ,2.060325451837e-04  ,4.075363477994e-04  
  1.122018454302e+01  ,2.060057368419e-04  ,4.071869993334e-04  
  1.124604973967e+01  ,2.059792473812e-04  ,4.068381257692e-04  
  1.127197456175e+01  ,2.059530753206e-04  ,4.064897269146e-04  
  1.129795914673e+01  ,2.059272191755e-04  ,4.061418025764e-04  
  1.132400363235e+01  ,2.059016774575e-04  ,4.057943525605e-04  
  1.135010815672e+01  ,2.058764486748e-04  ,4.054473766718e-04  
  1.137627285823e+01  ,2.058515313321e-04  ,4.051008747144e-04  
  1.140249787561e+01  ,2.058269239306e-04  ,4.047548464915e-04  
  1.142878334790e+01  ,2.058026249682e-04  ,4.044092918051e-04  
  1.145512941445e+01  ,2.057786329392e-04  ,4.040642104565e-04  
  1.148153621497e+01  ,2.057549463350e-04  ,4.037196022460e-04  
  1.150800388944e+01  ,2.057315636434e-04  ,4.033754669728e-04  
  1.153453257821e+01  ,2.057084833491e-04  ,4.030318044351e-04  
  1.156112242192e+01  ,2.056857039338e-04  ,4.026886144305e-04  
  1.158777356155e+01  ,2.056632238759e-04  ,4.023458967551e-04  
  1.161448613840e+01  ,2.056410416508e-04  ,4.020036512043e-04  
  1.164126029410e+01  ,2.056191557310e-04  ,4.016618775725e-04  
  1.166809617061e+01  ,2.055975645860e-04  ,4.013205756530e-04  
  1.169499391020e+01  ,2.055762666824e-04  ,4.009797452382e-04  
  1.172195365548e+01  ,2.055552604839e-04  ,4.006393861193e-04  
  1.174897554939e+01  ,2.055345444515e-04  ,4.002994980867e-04  
  1.177605973521e+01  ,2.055141170434e-04  ,3.999600809296e-04  
  1.180320635652e+01  ,2.054939767152e-04  ,3.996211344362e-04  
  1.183041555725e+01  ,2.054741219198e-04  ,3.992826583937e-04  
  1.185768748167e+01  ,2.054545511075e-04  ,3.989446525883e-04  
  1.188502227437e+01  ,2.054352627261e-04  ,3.986071168051e-04  
  1.191242008027e+01  ,2.054162552211e-04  ,3.982700508279e-04  
  1.193988104464e+01  ,2.053975270352e-04  ,3.979334544399e-04  
  1.196740531307e+01  ,2.053790766092e-04  ,3.975973274229e-04  
  1.199499303149e+01  ,2.053609023811e-04  ,3.972616695577e-04  
  1.202264434617e+01  ,2.053430027870e-04  ,3.969264806240e-04  
  1.205035940372e+01  ,2.053253762608e-04  ,3.965917604004e-04  
  1.207813835107e+01  ,2.053080212341e-04  ,3.962575086646e-04  
  1.210598133550e+01  ,2.052909361363e-04  ,3.959237251928e-04  
  1.213388850465e+01  ,2.052741193951e-04  ,3.955904097605e-04  
  1.216186000646e+01  ,2.052575694361e-04  ,3.952575621419e-04  
  1.218989598925e+01  ,2.052412846827e-04  ,3.949251821100e-04  
  1.221799660165e+01  ,2.052252635568e-04  ,3.945932694369e-04  
  1.224616199265e+01  ,2.052095044784e-04  ,3.942618238933e-04  
  1.227439231158e+01  ,2.051940058655e-04  ,3.939308452491e-04  
  1.230268770812e+01  ,2.051787661347e-04  ,3.936003332727e-04  
  1.233104833229e+01  ,2.051637837008e-04  ,3.932702877317e-04  
  1.235947433444e+01  ,2.051490569771e-04  ,3.929407083922e-04  
  1.238796586530e+01  ,2.051345843752e-04  ,3.926115950194e-04  
  1.241652307592e+01  ,2.051203643055e-04  ,3.922829473773e-04  
  1.244514611771e+01  ,2.051063951767e-04  ,3.919547652287e-04  
  1.247383514243e+01  ,2.050926753963e-04  ,3.916270483351e-04  
  1.250259030218e+01  ,2.050792033704e-04  ,3.912997964571e-04  
  1.253141174941e+01  ,2.050659775040e-04  ,3.909730093538e-04  
  1.256029963695e+01  ,2.050529962007e-04  ,3.906466867835e-04  
  1.258925411794e+01  ,2.050402578632e-04  ,3.903208285029e-04  
  1.261827534590e+01  ,2.050277608930e-04  ,3.899954342678e-04  
  1.264736347471e+01  ,2.050155036905e-04  ,3.896705038327e-04  
  1.267651865858e+01  ,2.050034846552e-04  ,3.893460369508e-04  
  1.270574105208e+01  ,2.049917021859e-04  ,3.890220333742e-04  
  1.273503081016e+01  ,2.049801546803e-04  ,3.886984928537e-04  
  1.276438808811e+01  ,2.049688405353e-04  ,3.883754151391e-04  
  1.279381304157e+01  ,2.049577581472e-04  ,3.880527999788e-04  
  1.282330582656e+01  ,2.049469059117e-04  ,3.877306471198e-04  
  1.285286659943e+01  ,2.049362822236e-04  ,3.874089563083e-04  
  1.288249551693e+01  ,2.049258854775e-04  ,3.870877272888e-04  
  1.291219273613e+01  ,2.049157140672e-04  ,3.867669598049e-04  
  1.294195841450e+01  ,2.049057663862e-04  ,3.864466535987e-04  
  1.297179270984e+01  ,2.048960408277e-04  ,3.861268084114e-04  
  1.300169578033e+01  ,2.048865357843e-04  ,3.858074239825e-04  
  1.303166778452e+01  ,2.048772496487e-04  ,3.854885000505e-04  
  1.306170888132e+01  ,2.048681808130e-04  ,3.851700363527e-04  
  1.309181922999e+01  ,2.048593276696e-04  ,3.848520326249e-04  
  1.312199899019e+01  ,2.048506886104e-04  ,3.845344886019e-04  
  1.315224832192e+01  ,2.048422620275e-04  ,3.842174040169e-04  
  1.318256738556e+01  ,2.048340463129e-04  ,3.839007786022e-04  
  1.321295634186e+01  ,2.048260398588e-04  ,3.835846120884e-04  
  1.324341535194e+01  ,2.048182410575e-04  ,3.832689042053e-04  
  1.327394457730e+01  ,2.048106483015e-04  ,3.829536546809e-04  
  1.330454417978e+01  ,2.048032599834e-04  ,3.826388632422e-04  
  1.333521432163e+01  ,2.047960744965e-04  ,3.823245296149e-04  
  1.336595516546e+01  ,2.047890902341e-04  ,3.820106535234e-04  
  1.339676687426e+01  ,2.047823055900e-04  ,3.816972346906e-04  
  1.342764961138e+01  ,2.047757189588e-04  ,3.813842728383e-04  
  1.345860354056e+01  ,2.047693287352e-04  ,3.810717676869e-04  
  1.348962882591e+01  ,2.047631333148e-04  ,3.807597189555e-04  
  1.352072563194e+01  ,2.047571310938e-04  ,3.804481263619e-04  
  1.355189412351e+01  ,2.047513204691e-04  ,3.801369896226e-04  
  1.358313446587e+01  ,2.047456998384e-04  ,3.798263084527e-04  
  1.361444682466e+01  ,2.047402676003e-04  ,3.795160825660e-04  
  1.364583136589e+01  ,2.047350221541e-04  ,3.792063116750e-04  
  1.367728825596e+01  ,2.047299619002e-04  ,3.788969954909e-04  
  1.370881766165e+01  ,2.047250852401e-04  ,3.785881337234e-04  
  1.374041975012e+01  ,2.047203905762e-04  ,3.782797260810e-04  
  1.377209468894e+01  ,2.047158763121e-04  ,3.779717722708e-04  
  1.380384264603e+01  ,2.047115408525e-04  ,3.776642719987e-04  
  1.383566378972e+01  ,2.047073826036e-04  ,3.773572249691e-04  
  1.386755828872e+01  ,2.047033999725e-04  ,3.770506308849e-04  
  1.389952631213e+01  ,2.046995913680e-04  ,3.767444894481e-04  
  1.393156802945e+01  ,2.046959552001e-04  ,3.764388003589e-04  
  1.396368361056e+01  ,2.046924898804e-04  ,3.761335633164e-04  
  1.399587322572e+01  ,2.046891938219e-04  ,3.758287780182e-04  
  1.402813704562e+01  ,2.046860654393e-04  ,3.755244441607e-04  
  1.406047524130e+01  ,2.046831031489e-04  ,3.752205614387e-04  
  1.409288798422e+01  ,2.046803053687e-04  ,3.749171295458e-04  
  1.412537544623e+01  ,2.046776705184e-04  ,3.746141481743e-04  
  1.415793779957e+01  ,2.046751970194e-04  ,3.743116170149e-04  
  1.419057521689e+01  ,2.046728832953e-04  ,3.740095357571e-04  
  1.422328787123e+01  ,2.046707277713e-04  ,3.737079040890e-04  
  1.425607593602e+01  ,2.046687288748e-04  ,3.734067216974e-04  
  1.428893958511e+01  ,2.046668850349e-04  ,3.731059882674e-04  
  1.432187899273e+01  ,2.046651946831e-04  ,3.728057034832e-04  
  1.435489433353e+01  ,2.046636562529e-04  ,3.725058670272e-04  
  1.438798578256e+01  ,2.046622681801e-04  ,3.722064785806e-04  
  1.442115351525e+01  ,2.046610289025e-04  ,3.719075378233e-04  
  1.445439770746e+01  ,2.046599368605e-04  ,3.716090444337e-04  
  1.448771853545e+01  ,2.046589904966e-04  ,3.713109980887e-04  
  1.452111617587e+01  ,2.046581882559e-04  ,3.710133984641e-04  
  1.455459080582e+01  ,2.046575285858e-04  ,3.707162452341e-04  
  1.458814260275e+01  ,2.046570099363e-04  ,3.704195380716e-04  
  1.462177174456e+01  ,2.046566307601e-04  ,3.701232766481e-04  
  1.465547840956e+01  ,2.046563895122e-04  ,3.698274606335e-04  
  1.468926277644e+01  ,2.046562846505e-04  ,3.695320896968e-04  
  1.472312502432e+01  ,2.046563146356e-04  ,3.692371635050e-04  
  1.475706533276e+01  ,2.046564779308e-04  ,3.689426817242e-04  
  1.479108388168e+01  ,2.046567730023e-04  ,3.686486440189e-04  
  1.482518085146e+01  ,2.046571983192e-04  ,3.683550500522e-04  
  1.485935642287e+01  ,2.046577523535e-04  ,3.680618994858e-04  
  1.489361077711e+01  ,2.046584335801e-04  ,3.677691919800e-04  
  1.492794409579e+01  ,2.046592404771e-04  ,3.674769271938e-04  
  1.496235656094e+01  ,2.046601715255e-04  ,3.671851047846e-04  
  1.499684835502e+01  ,2.046612252096e-04  ,3.668937244088e-04  
  1.503141966090e+01  ,2.046624000169e-04  ,3.666027857209e-04  
  1.506607066186e+01  ,2.046636944379e-04  ,3.663122883743e-04  
  1.510080154164e+01  ,2.046651069666e-04  ,3.660222320211e-04  
  1.513561248436e+01  ,2.046666361004e-04  ,3.657326163117e-04  
  1.517050367459e+01  ,2.046682803398e-04  ,3.654434408952e-04  
  1.520547529732e+01  ,2.046700381889e-04  ,3.651547054195e-04  
  1.524052753797e+01  ,2.046719081554e-04  ,3.648664095309e-04  
  1.527566058238e+01  ,2.046738887504e-04  ,3.645785528744e-04  
  1.531087461682e+01  ,2.046759784885e-04  ,3.642911350936e-04  
  1.534616982799e+01  ,2.046781758881e-04  ,3.640041558305e-04  
  1.538154640303e+01  ,2.046804794711e-04  ,3.637176147261e-04  
  1.541700452949e+01  ,2.046828877633e-04  ,3.634315114197e-04  
  1.545254439538e+01  ,2.046853992942e-04  ,3.631458455492e-04  
  1.548816618912e+01  ,2.046880125970e-04  ,3.628606167514e-04  
  1.552387009958e+01  ,2.046907262089e-04  ,3.625758246613e-04  
  1.555965631605e+01  ,2.046935386710e-04  ,3.622914689129e-04  
  1.559552502827e+01  ,2.046964485282e-04  ,3.620075491386e-04  
  1.563147642641e+01  ,2.046994543297e-04  ,3.617240649693e-04  
  1.566751070108e+01  ,2.047025546284e-04  ,3.614410160349e-04  
  1.570362804333e+01  ,2.047057479814e-04  ,3.611584019634e-04  
  1.573982864466e+01  ,2.047090329502e-04  ,3.608762223819e-04  
  1.577611269699e+01  ,2.047124081000e-04  ,3.605944769158e-04  
  1.581248039270e+01  ,2.047158720006e-04  ,3.603131651892e-04  
  1.584893192461e+01  ,2.047194232259e-04  ,3.600322868250e-04  
  1.588546748598e+01  ,2.047230603541e-04  ,3.597518414444e-04  
  1.592208727051e+01  ,2.047267819679e-04  ,3.594718286674e-04  
  1.595879147236e+01  ,2.047305866541e-04  ,3.591922481127e-04  
  1.599558028614e+01  ,2.047344730042e-04  ,3.589130993974e-04  
  1.603245390690e+01  ,2.047384396140e-04  ,3.586343821375e-04  
  1.606941253013e+01  ,2.047424850840e-04  ,3.583560959475e-04  
  1.610645635178e+01  ,2.047466080190e-04  ,3.580782404404e-04  
  1.614358556826e+01  ,2.047508070286e-04  ,3.578008152281e-04  
  1.618080037643e+01  ,2.047550807270e-04  ,3.575238199209e-04  
  1.621810097359e+01  ,2.047594277331e-04  ,3.572472541279e-04  
  1.625548755750e+01  ,2.047638466703e-04  ,3.569711174567e-04  
  1.629296032639e+01  ,2.047683361670e-04  ,3.566954095137e-04  
  1.633051947894e+01  ,2.047728948563e-04  ,3.564201299038e-04  
  1.636816521428e+01  ,2.047775213761e-04  ,3.561452782307e-04  
  1.640589773199e+01  ,2.047822143693e-04  ,3.558708540966e-04  
  1.644371723215e+01  ,2.047869724835e-04  ,3.555968571024e-04  
  1.648162391525e+01  ,2.047917943714e-04  ,3.553232868478e-04  
  1.651961798229e+01  ,2.047966786906e-04  ,3.550501429309e-04  
  1.655769963469e+01  ,2.048016241038e-04  ,3.547774249487e-04  
  1.659586907437e+01  ,2.048066292786e-04  ,3.545051324967e-04  
  1.663412650370e+01  ,2.048116928878e-04  ,3.542332651691e-04  
  1.667247212551e+01  ,2.048168136094e-04  ,3.539618225589e-04  
  1.671090614310e+01  ,2.048219901263e-04  ,3.536908042576e-04  
  1.674942876026e+01  ,2.048272211269e-04  ,3.534202098555e-04  
  1.678804018122e+01  ,2.048325053045e-04  ,3.531500389415e-04  
  1.682674061070e+01  ,2.048378413580e-04  ,3.528802911032e-04  
  1.686553025388e+01  ,2.048432279914e-04  ,3.526109659270e-04  
  1.690440931643e+01  ,2.048486639139e-04  ,3.523420629977e-04  
  1.694337800447e+01  ,2.048541478403e-04  ,3.520735818992e-04  
  1.698243652461e+01  ,2.048596784906e-04  ,3.518055222138e-04  
  1.702158508395e+01  ,2.048652545905e-04  ,3.515378835225e-04  
  1.706082389003e+01  ,2.048708748707e-04  ,3.512706654052e-04  
  1.710015315090e+01  ,2.048765380679e-04  ,3.510038674404e-04  
  1.713957307508e+01  ,2.048822429238e-04  ,3.507374892053e-04  
  1.717908387157e+01  ,2.048879881861e-04  ,3.504715302758e-04  
  1.721868574986e+01  ,2.048937726077e-04  ,3.502059902266e-04  
  1.725837891990e+01  ,2.048995949473e-04  ,3.499408686310e-04  
  1.729816359215e+01  ,2.049054539693e-04  ,3.496761650612e-04  
  1.733803997754e+01  ,2.049113484435e-04  ,3.494118790879e-04  
  1.737800828749e+01  ,2.049172771455e-04  ,3.491480102808e-04  
  1.741806873391e+01  ,2.049232388568e-04  ,3.488845582083e-04  
  1.745822152920e+01  ,2.049292323644e-04  ,3.486215224372e-04  
  1.749846688624e+01  ,2.049352564611e-04  ,3.483589025335e-04  
  1.753880501841e+01  ,2.049413099455e-04  ,3.480966980618e-04  
  1.757923613958e+01  ,2.049473916222e-04  ,3.478349085853e-04  
  1.761976046411e+01  ,2.049535003014e-04  ,3.475735336661e-04  
  1.766037820686e+01  ,2.049596347992e-04  ,3.473125728651e-04  
  1.770108958317e+01  ,2.049657939377e-04  ,3.470520257420e-04  
  1.774189480890e+01  ,2.049719765449e-04  ,3.467918918552e-04  
  1.778279410039e+01  ,2.049781814546e-04  ,3.465321707617e-04  
  1.782378767448e+01  ,2.049844075068e-04  ,3.462728620177e-04  
  1.786487574852e+01  ,2.049906535472e-04  ,3.460139651780e-04  
  1.790605854035e+01  ,2.049969184278e-04  ,3.457554797960e-04  
  1.794733626832e+01  ,2.050032010064e-04  ,3.454974054241e-04  
  1.798870915128e+01  ,2.050095001469e-04  ,3.452397416136e-04  
  1.803017740859e+01  ,2.050158147193e-04  ,3.449824879144e-04  
  1.807174126011e+01  ,2.050221435997e-04  ,3.447256438754e-04  
  1.811340092619e+01  ,2.050284856704e-04  ,3.444692090442e-04  
  1.815515662773e+01  ,2.050348398197e-04  ,3.442131829673e-04  
  1.819700858610e+01  ,2.050412049420e-04  ,3.439575651900e-04  
  1.823895702319e+01  ,2.050475799379e-04  ,3.437023552563e-04  
  1.828100216142e+01  ,2.050539637145e-04  ,3.434475527094e-04  
  1.832314422371e+01  ,2.050603551846e-04  ,3.431931570911e-04  
  1.836538343348e+01  ,2.050667532676e-04  ,3.429391679421e-04  
  1.840772001469e+01  ,2.050731568889e-04  ,3.426855848018e-04  
  1.845015419179e+01  ,2.050795649804e-04  ,3.424324072089e-04  
  1.849268618978e+01  ,2.050859764800e-04  ,3.421796347005e-04  
  1.853531623414e+01  ,2.050923903322e-04  ,3.419272668129e-04  
  1.857804455091e+01  ,2.050988054875e-04  ,3.416753030811e-04  
  1.862087136663e+01  ,2.051052209029e-04  ,3.414237430392e-04  
  1.866379690834e+01  ,2.051116355416e-04  ,3.411725862199e-04  
  1.870682140365e+01  ,2.051180483734e-04  ,3.409218321551e-04  
  1.874994508067e+01  ,2.051244583742e-04  ,3.406714803754e-04  
  1.879316816803e+01  ,2.051308645264e-04  ,3.404215304104e-04  
  1.883649089489e+01  ,2.051372658187e-04  ,3.401719817887e-04  
  1.887991349096e+01  ,2.051436612463e-04  ,3.399228340377e-04  
  1.892343618645e+01  ,2.051500498108e-04  ,3.396740866837e-04  
  1.896705921211e+01  ,2.051564305202e-04  ,3.394257392522e-04  
  1.901078279923e+01  ,2.051628023889e-04  ,3.391777912674e-04  
  1.905460717963e+01  ,2.051691644378e-04  ,3.389302422525e-04  
  1.909853258566e+01  ,2.051755156943e-04  ,3.386830917297e-04  
  1.914255925021e+01  ,2.051818551921e-04  ,3.384363392202e-04  
  1.918668740670e+01  ,2.051881819715e-04  ,3.381899842442e-04  
  1.923091728910e+01  ,2.051944950793e-04  ,3.379440263206e-04  
  1.927524913191e+01  ,2.052007935687e-04  ,3.376984649677e-04  
  1.931968317017e+01  ,2.052070764996e-04  ,3.374532997026e-04  
  1.936421963946e+01  ,2.052133429381e-04  ,3.372085300412e-04  
  1.940885877592e+01  ,2.052195919572e-04  ,3.369641554989e-04  
  1.945360081622e+01  ,2.052258226360e-04  ,3.367201755896e-04  
  1.949844599758e+01  ,2.052320340605e-04  ,3.364765898265e-04  
  1.954339455775e+01  ,2.052382253230e-04  ,3.362333977218e-04  
  1.958844673506e+01  ,2.052443955224e-04  ,3.359905987868e-04  
  1.963360276836e+01  ,2.052505437644e-04  ,3.357481925316e-04  
  1.967886289707e+01  ,2.052566691608e-04  ,3.355061784655e-04  
  1.972422736115e+01  ,2.052627708302e-04  ,3.352645560970e-04  
  1.976969640112e+01  ,2.052688478979e-04  ,3.350233249335e-04  
  1.981527025805e+01  ,2.052748994956e-04  ,3.347824844814e-04  
  1.986094917357e+01  ,2.052809247615e-04  ,3.345420342464e-04  
  1.990673338987e+01  ,2.052869228405e-04  ,3.343019737331e-04  
  1.995262314969e+01  ,2.052928928841e-04  ,3.340623024452e-04  
  1.999861869632e+01  ,2.052988340503e-04  ,3.338230198856e-04  
  2.004472027365e+01  ,2.053047455036e-04  ,3.335841255563e-04  
  2.009092812608e+01  ,2.053106264154e-04  ,3.333456189584e-04  
  2.013724249862e+01  ,2.053164759633e-04  ,3.331074995920e-04  
  2.018366363681e+01  ,2.053222933317e-04  ,3.328697669566e-04  
  2.023019178678e+01  ,2.053280777115e-04  ,3.326324205505e-04  
  2.027682719521e+01  ,2.053338283003e-04  ,3.323954598714e-04  
  2.032357010936e+01  ,2.053395443022e-04  ,3.321588844160e-04  
  2.037042077705e+01  ,2.053452249278e-04  ,3.319226936804e-04  
  2.041737944669e+01  ,2.053508693945e-04  ,3.316868871595e-04  
  2.046444636724e+01  ,2.053564769260e-04  ,3.314514643477e-04  
  2.051162178825e+01  ,2.053620467529e-04  ,3.312164247384e-04  
  2.055890595984e+01  ,2.053675781121e-04  ,3.309817678243e-04  
  2.060629913270e+01  ,2.053730702473e-04  ,3.307474930972e-04  
  2.065380155810e+01  ,2.053785224085e-04  ,3.305136000482e-04  
  2.070141348791e+01  ,2.053839338525e-04  ,3.302800881675e-04  
  2.074913517455e+01  ,2.053893038425e-04  ,3.300469569447e-04  
  2.079696687103e+01  ,2.053946316485e-04  ,3.298142058684e-04  
  2.084490883097e+01  ,2.053999165469e-04  ,3.295818344267e-04  
  2.089296130854e+01  ,2.054051578205e-04  ,3.293498421066e-04  
  2.094112455851e+01  ,2.054103547588e-04  ,3.291182283948e-04  
  2.098939883623e+01  ,2.054155066580e-04  ,3.288869927768e-04  
  2.103778439766e+01  ,2.054206128206e-04  ,3.286561347378e-04  
  2.108628149933e+01  ,2.054256725557e-04  ,3.284256537619e-04  
  2.113489039836e+01  ,2.054306851789e-04  ,3.281955493328e-04  
  2.118361135248e+01  ,2.054356500123e-04  ,3.279658209332e-04  
  2.123244462000e+01  ,2.054405663846e-04  ,3.277364680454e-04  
  2.128139045982e+01  ,2.054454336310e-04  ,3.275074901508e-04  
  2.133044913146e+01  ,2.054502510931e-04  ,3.272788867301e-04  
  2.137962089502e+01  ,2.054550181189e-04  ,3.270506572635e-04  
  2.142890601120e+01  ,2.054597340632e-04  ,3.268228012304e-04  
  2.147830474130e+01  ,2.054643982869e-04  ,3.265953181096e-04  
  2.152781734724e+01  ,2.054690101576e-04  ,3.263682073792e-04  
  2.157744409152e+01  ,2.054735690492e-04  ,3.261414685168e-04  
  2.162718523727e+01  ,2.054780743423e-04  ,3.259151009991e-04  
  2.167704104819e+01  ,2.054825254235e-04  ,3.256891043025e-04  
  2.172701178863e+01  ,2.054869216862e-04  ,3.254634779025e-04  
  2.177709772353e+01  ,2.054912625300e-04  ,3.252382212741e-04  
  2.182729911843e+01  ,2.054955473610e-04  ,3.250133338918e-04  
  2.187761623949e+01  ,2.054997755917e-04  ,3.247888152294e-04  
  2.192804935350e+01  ,2.055039466408e-04  ,3.245646647601e-04  
  2.197859872784e+01  ,2.055080599335e-04  ,3.243408819565e-04  
  2.202926463053e+01  ,2.055121149014e-04  ,3.241174662908e-04  
  2.208004733019e+01  ,2.055161109823e-04  ,3.238944172345e-04  
  2.213094709605e+01  ,2.055200476205e-04  ,3.236717342586e-04  
  2.218196419800e+01  ,2.055239242663e-04  ,3.234494168335e-04  
  2.223309890651e+01  ,2.055277403767e-04  ,3.232274644291e-04  
  2.228435149270e+01  ,2.055314954146e-04  ,3.230058765149e-04  
  2.233572222830e+01  ,2.055351888495e-04  ,3.227846525596e-04  
  2.238721138568e+01  ,2.055388201570e-04  ,3.225637920317e-04  
  2.243881923782e+01  ,2.055423888188e-04  ,3.223432943989e-04  
  2.249054605835e+01  ,2.055458943231e-04  ,3.221231591288e-04  
  2.254239212152e+01  ,2.055493361642e-04  ,3.219033856881e-04  
  2.259435770221e+01  ,2.055527138425e-04  ,3.216839735432e-04  
  2.264644307593e+01  ,2.055560268648e-04  ,3.214649221602e-04  
  2.269864851883e+01  ,2.055592747437e-04  ,3.212462310044e-04  
  2.275097430772e+01  ,2.055624569983e-04  ,3.210278995410e-04  
  2.280342072000e+01  ,2.055655731538e-04  ,3.208099272344e-04  
  2.285598803375e+01  ,2.055686227412e-04  ,3.205923135490e-04  
  2.290867652767e+01  ,2.055716052980e-04  ,3.203750579484e-04  
  2.296148648112e+01  ,2.055745203676e-04  ,3.201581598959e-04  
  2.301441817408e+01  ,2.055773674993e-04  ,3.199416188545e-04  
  2.306747188720e+01  ,2.055801462488e-04  ,3.197254342866e-04  
  2.312064790175e+01  ,2.055828561775e-04  ,3.195096056544e-04  
  2.317394649968e+01  ,2.055854968531e-04  ,3.192941324197e-04  
  2.322736796357e+01  ,2.055880678489e-04  ,3.190790140437e-04  
  2.328091257665e+01  ,2.055905687447e-04  ,3.188642499876e-04  
  2.333458062281e+01  ,2.055929991258e-04  ,3.186498397119e-04  
  2.338837238659e+01  ,2.055953585836e-04  ,3.184357826770e-04  
  2.344228815320e+01  ,2.055976467155e-04  ,3.182220783427e-04  
  2.349632820848e+01  ,2.055998631247e-04  ,3.180087261688e-04  
  2.355049283896e+01  ,2.056020074203e-04  ,3.177957256146e-04  
  2.360478233180e+01  ,2.056040792172e-04  ,3.175830761389e-04  
  2.365919697485e+01  ,2.056060781363e-04  ,3.173707772006e-04  
  2.371373705661e+01  ,2.056080038041e-04  ,3.171588282579e-04  
  2.376840286624e+01  ,2.056098558531e-04  ,3.169472287690e-04  
  2.382319469358e+01  ,2.056116339214e-04  ,3.167359781917e-04  
  2.387811282913e+01  ,2.056133376530e-04  ,3.165250759835e-04  
  2.393315756405e+01  ,2.056149666975e-04  ,3.163145216018e-04  
  2.398832919019e+01  ,2.056165207104e-04  ,3.161043145034e-04  
  2.404362800007e+01  ,2.056179993527e-04  ,3.158944541453e-04  
  2.409905428686e+01  ,2.056194022912e-04  ,3.156849399838e-04  
  2.415460834445e+01  ,2.056207291982e-04  ,3.154757714754e-04  
  2.421029046736e+01  ,2.056219797519e-04  ,3.152669480761e-04  
  2.426610095082e+01  ,2.056231536357e-04  ,3.150584692417e-04  
  2.432204009073e+01  ,2.056242505390e-04  ,3.148503344280e-04  
  2.437810818368e+01  ,2.056252701565e-04  ,3.146425430903e-04  
  2.443430552694e+01  ,2.056262121885e-04  ,3.144350946839e-04  
  2.449063241844e+01  ,2.056270763408e-04  ,3.142279886640e-04  
  2.454708915685e+01  ,2.056278623247e-04  ,3.140212244854e-04  
  2.460367604147e+01  ,2.056285698571e-04  ,3.138148016029e-04  
  2.466039337234e+01  ,2.056291986600e-04  ,3.136087194710e-04  
  2.471724145016e+01  ,2.056297484612e-04  ,3.134029775443e-04  
  2.477422057633e+01  ,2.056302189938e-04  ,3.131975752770e-04  
  2.483133105295e+01  ,2.056306099960e-04  ,3.129925121233e-04  
  2.488857318282e+01  ,2.056309212117e-04  ,3.127877875372e-04  
  2.494594726943e+01  ,2.056311523899e-04  ,3.125834009726e-04  
  2.500345361696e+01  ,2.056313032851e-04  ,3.123793518834e-04  
  2.506109253032e+01  ,2.056313736568e-04  ,3.121756397234e-04  
  2.511886431509e+01  ,2.056313632701e-04  ,3.119722639460e-04  
  2.517676927758e+01  ,2.056312718950e-04  ,3.117692240049e-04  
  2.523480772480e+01  ,2.056310993069e-04  ,3.115665193536e-04  
  2.529297996446e+01  ,2.056308452863e-04  ,3.113641494454e-04  
  2.535128630497e+01  ,2.056305096189e-04  ,3.111621137337e-04  
  2.540972705549e+01  ,2.056300920954e-04  ,3.109604116718e-04  
  2.546830252585e+01  ,2.056295925118e-04  ,3.107590427129e-04  
  2.552701302661e+01  ,2.056290106690e-04  ,3.105580063102e-04  
  2.558585886905e+01  ,2.056283463732e-04  ,3.103573019170e-04  
  2.564484036517e+01  ,2.056275994352e-04  ,3.101569289863e-04  
  2.570395782768e+01  ,2.056267696712e-04  ,3.099568869714e-04  
  2.576321157002e+01  ,2.056258569022e-04  ,3.097571753253e-04  
  2.582260190634e+01  ,2.056248609542e-04  ,3.095577935014e-04  
  2.588212915153e+01  ,2.056237816580e-04  ,3.093587409526e-04  
  2.594179362118e+01  ,2.056226188495e-04  ,3.091600171322e-04  
  2.600159563165e+01  ,2.056213723693e-04  ,3.089616214933e-04  
  2.606153549998e+01  ,2.056200420630e-04  ,3.087635534894e-04  
  2.612161354399e+01  ,2.056186277808e-04  ,3.085658125735e-04  
  2.618183008219e+01  ,2.056171293778e-04  ,3.083683981992e-04  
  2.624218543384e+01  ,2.056155467139e-04  ,3.081713098197e-04  
  2.630267991895e+01  ,2.056138796538e-04  ,3.079745468885e-04  
  2.636331385825e+01  ,2.056121280667e-04  ,3.077781088592e-04  
  2.642408757321e+01  ,2.056102918266e-04  ,3.075819951854e-04  
  2.648500138606e+01  ,2.056083708123e-04  ,3.073862053207e-04  
  2.654605561975e+01  ,2.056063649070e-04  ,3.071907387190e-04  
  2.660725059798e+01  ,2.056042739985e-04  ,3.069955948343e-04  
  2.666858664521e+01  ,2.056020979794e-04  ,3.068007731204e-04  
  2.673006408663e+01  ,2.055998367467e-04  ,3.066062730316e-04  
  2.679168324819e+01  ,2.055974902019e-04  ,3.064120940221e-04  
  2.685344445658e+01  ,2.055950582510e-04  ,3.062182355463e-04  
  2.691534803926e+01  ,2.055925408046e-04  ,3.060246970587e-04  
  2.697739432444e+01  ,2.055899377775e-04  ,3.058314780140e-04  
  2.703958364108e+01  ,2.055872490891e-04  ,3.056385778671e-04  
  2.710191631890e+01  ,2.055844746632e-04  ,3.054459960729e-04  
  2.716439268839e+01  ,2.055816144277e-04  ,3.052537320866e-04  
  2.722701308077e+01  ,2.055786683152e-04  ,3.050617853637e-04  
  2.728977782808e+01  ,2.055756362624e-04  ,3.048701553595e-04  
  2.735268726306e+01  ,2.055725182102e-04  ,3.046788415299e-04  
  2.741574171927e+01  ,2.055693141038e-04  ,3.044878433307e-04  
  2.747894153102e+01  ,2.055660238928e-04  ,3.042971602181e-04  
  2.754228703338e+01  ,2.055626475307e-04  ,3.041067916484e-04  
  2.760577856220e+01  ,2.055591849754e-04  ,3.039167370782e-04  
  2.766941645411e+01  ,2.055556361887e-04  ,3.037269959643e-04  
  2.773320104651e+01  ,2.055520011369e-04  ,3.035375677637e-04  
  2.779713267759e+01  ,2.055482797898e-04  ,3.033484519336e-04  
  2.786121168629e+01  ,2.055444721219e-04  ,3.031596479317e-04  
  2.792543841237e+01  ,2.055405781111e-04  ,3.029711552156e-04  
  2.798981319634e+01  ,2.055365977398e-04  ,3.027829732433e-04  
  2.805433637951e+01  ,2.055325309940e-04  ,3.025951014733e-04  
  2.811900830398e+01  ,2.055283778640e-04  ,3.024075393639e-04  
  2.818382931264e+01  ,2.055241383436e-04  ,3.022202863742e-04  
  2.824879974915e+01  ,2.055198124307e-04  ,3.020333419632e-04  
  2.831391995799e+01  ,2.055154001272e-04  ,3.018467055904e-04  
  2.837919028441e+01  ,2.055109014386e-04  ,3.016603767156e-04  
  2.844461107447e+01  ,2.055063163742e-04  ,3.014743547987e-04  
  2.851018267503e+01  ,2.055016449472e-04  ,3.012886393002e-04  
  2.857590543374e+01  ,2.054968871745e-04  ,3.011032296806e-04  
  2.864177969906e+01  ,2.054920430767e-04  ,3.009181254012e-04  
  2.870780582024e+01  ,2.054871126780e-04  ,3.007333259231e-04  
  2.877398414735e+01  ,2.054820960064e-04  ,3.005488307081e-04  
  2.884031503126e+01  ,2.054769930935e-04  ,3.003646392183e-04  
  2.890679882365e+01  ,2.054718039744e-04  ,3.001807509159e-04  
  2.897343587701e+01  ,2.054665286879e-04  ,2.999971652639e-04  
  2.904022654464e+01  ,2.054611672763e-04  ,2.998138817252e-04  
  2.910717118066e+01  ,2.054557197854e-04  ,2.996308997635e-04  
  2.917427014001e+01  ,2.054501862645e-04  ,2.994482188425e-04  
  2.924152377843e+01  ,2.054445667664e-04  ,2.992658384265e-04  
  2.930893245250e+01  ,2.054388613472e-04  ,2.990837579802e-04  
  2.937649651961e+01  ,2.054330700666e-04  ,2.989019769687e-04  
  2.944421633798e+01  ,2.054271929876e-04  ,2.987204948573e-04  
  2.951209226666e+01  ,2.054212301766e-04  ,2.985393111119e-04  
  2.958012466551e+01  ,2.054151817031e-04  ,2.983584251989e-04  
  2.964831389524e+01  ,2.054090476401e-04  ,2.981778365849e-04  
  2.971666031737e+01  ,2.054028280639e-04  ,2.979975447370e-04  
  2.978516429429e+01  ,2.053965230539e-04  ,2.978175491229e-04  
  2.985382618917e+01  ,2.053901326929e-04  ,2.976378492104e-04  
  2.992264636608e+01  ,2.053836570666e-04  ,2.974584444681e-04  
  2.999162518987e+01  ,2.053770962641e-04  ,2.972793343648e-04  
  3.006076302628e+01  ,2.053704503776e-04  ,2.971005183700e-04  
  3.013006024186e+01  ,2.053637195023e-04  ,2.969219959533e-04  
  3.019951720401e+01  ,2.053569037365e-04  ,2.967437665852e-04  
  3.026913428101e+01  ,2.053500031817e-04  ,2.965658297363e-04  
  3.033891184194e+01  ,2.053430179422e-04  ,2.963881848779e-04  
  3.040885025676e+01  ,2.053359481254e-04  ,2.962108314818e-04  
  3.047894989627e+01  ,2.053287938417e-04  ,2.960337690200e-04  
  3.054921113215e+01  ,2.053215552043e-04  ,2.958569969655e-04  
  3.061963433690e+01  ,2.053142323296e-04  ,2.956805147912e-04  
  3.069021988391e+01  ,2.053068253365e-04  ,2.955043219710e-04  
  3.076096814740e+01  ,2.052993343470e-04  ,2.953284179792e-04  
  3.083187950249e+01  ,2.052917594859e-04  ,2.951528022903e-04  
  3.090295432513e+01  ,2.052841008809e-04  ,2.949774743798e-04  
  3.097419299216e+01  ,2.052763586622e-04  ,2.948024337234e-04  
  3.104559588128e+01  ,2.052685329629e-04  ,2.946276797974e-04  
  3.111716337105e+01  ,2.052606239189e-04  ,2.944532120787e-04  
  3.118889584093e+01  ,2.052526316688e-04  ,2.942790300448e-04  
  3.126079367123e+01  ,2.052445563537e-04  ,2.941051331735e-04  
  3.133285724315e+01  ,2.052363981175e-04  ,2.939315209434e-04  
  3.140508693876e+01  ,2.052281571066e-04  ,2.937581928336e-04  
  3.147748314101e+01  ,2.052198334701e-04  ,2.935851483237e-04  
  3.155004623374e+01  ,2.052114273596e-04  ,2.934123868938e-04  
  3.162277660168e+01  ,2.052029389293e-04  ,2.932399080249e-04  
  3.169567463043e+01  ,2.051943683357e-04  ,2.930677111981e-04  
  3.176874070649e+01  ,2.051857157382e-04  ,2.928957958955e-04  
  3.184197521726e+01  ,2.051769812982e-04  ,2.927241615997e-04  
  3.191537855100e+01  ,2.051681651798e-04  ,2.925528077936e-04  
  3.198895109691e+01  ,2.051592675496e-04  ,2.923817339610e-04  
  3.206269324505e+01  ,2.051502885762e-04  ,2.922109395863e-04  
  3.213660538640e+01  ,2.051412284310e-04  ,2.920404241544e-04  
  3.221068791283e+01  ,2.051320872873e-04  ,2.918701871507e-04  
  3.228494121712e+01  ,2.051228653211e-04  ,2.917002280615e-04  
  3.235936569296e+01  ,2.051135627105e-04  ,2.915305463734e-04  
  3.243396173493e+01  ,2.051041796358e-04  ,2.913611415740e-04  
  3.250872973854e+01  ,2.050947162796e-04  ,2.911920131512e-04  
  3.258367010019e+01  ,2.050851728267e-04  ,2.910231605936e-04  
  3.265878321723e+01  ,2.050755494640e-04  ,2.908545833906e-04  
  3.273406948788e+01  ,2.050658463807e-04  ,2.906862810321e-04  
  3.280952931131e+01  ,2.050560637681e-04  ,2.905182530086e-04  
  3.288516308759e+01  ,2.050462018195e-04  ,2.903504988115e-04  
  3.296097121774e+01  ,2.050362607304e-04  ,2.901830179325e-04  
  3.303695410368e+01  ,2.050262406981e-04  ,2.900158098642e-04  
  3.311311214825e+01  ,2.050161419223e-04  ,2.898488740998e-04  
  3.318944575525e+01  ,2.050059646045e-04  ,2.896822101332e-04  
  3.326595532939e+01  ,2.049957089482e-04  ,2.895158174589e-04  
  3.334264127632e+01  ,2.049853751589e-04  ,2.893496955722e-04  
  3.341950400261e+01  ,2.049749634438e-04  ,2.891838439688e-04  
  3.349654391578e+01  ,2.049644740125e-04  ,2.890182621455e-04  
  3.357376142429e+01  ,2.049539070759e-04  ,2.888529495994e-04  
  3.365115693754e+01  ,2.049432628473e-04  ,2.886879058284e-04  
  3.372873086588e+01  ,2.049325415414e-04  ,2.885231303313e-04  
  3.380648362059e+01  ,2.049217433750e-04  ,2.883586226074e-04  
  3.388441561391e+01  ,2.049108685665e-04  ,2.881943821567e-04  
  3.396252725903e+01  ,2.048999173363e-04  ,2.880304084799e-04  
  3.404081897009e+01  ,2.048888899063e-04  ,2.878667010785e-04  
  3.411929116219e+01  ,2.048777865002e-04  ,2.877032594547e-04  
  3.419794425136e+01  ,2.048666073434e-04  ,2.875400831113e-04  
  3.427677865464e+01  ,2.048553526631e-04  ,2.873771715519e-04  
  3.435579478998e+01  ,2.048440226879e-04  ,2.872145242809e-04  
  3.443499307633e+01  ,2.048326176482e-04  ,2.870521408033e-04  
  3.451437393358e+01  ,2.048211377760e-04  ,2.868900206248e-04  
  3.459393778261e+01  ,2.048095833048e-04  ,2.867281632520e-04  
  3.467368504525e+01  ,2.047979544698e-04  ,2.865665681921e-04  
  3.475361614431e+01  ,2.047862515075e-04  ,2.864052349531e-04  
  3.483373150359e+01  ,2.047744746562e-04  ,2.862441630436e-04  
  3.491403154785e+01  ,2.047626241555e-04  ,2.860833519733e-04  
  3.499451670283e+01  ,2.047507002464e-04  ,2.859228012521e-04  
  3.507518739525e+01  ,2.047387031716e-04  ,2.857625103913e-04  
  3.515604405282e+01  ,2.047266331751e-04  ,2.856024789023e-04  
  3.523708710424e+01  ,2.047144905022e-04  ,2.854427062978e-04  
  3.531831697919e+01  ,2.047022753997e-04  ,2.852831920909e-04  
  3.539973410834e+01  ,2.046899881158e-04  ,2.851239357957e-04  
  3.548133892335e+01  ,2.046776289000e-04  ,2.849649369269e-04  
  3.556313185689e+01  ,2.046651980029e-04  ,2.848061950000e-04  
  3.564511334262e+01  ,2.046526956769e-04  ,2.846477095314e-04  
  3.572728381519e+01  ,2.046401221751e-04  ,2.844894800381e-04  
  3.580964371026e+01  ,2.046274777522e-04  ,2.843315060380e-04  
  3.589219346449e+01  ,2.046147626641e-04  ,2.841737870497e-04  
  3.597493351557e+01  ,2.046019771679e-04  ,2.840163225926e-04  
  3.605786430216e+01  ,2.045891215217e-04  ,2.838591121869e-04  
  3.614098626395e+01  ,2.045761959851e-04  ,2.837021553537e-04  
  3.622429984166e+01  ,2.045632008187e-04  ,2.835454516147e-04  
  3.630780547700e+01  ,2.045501362841e-04  ,2.833890004924e-04  
  3.639150361271e+01  ,2.045370026441e-04  ,2.832328015102e-04  
  3.647539469255e+01  ,2.045238001627e-04  ,2.830768541924e-04  
  3.655947916131e+01  ,2.045105291049e-04  ,2.829211580638e-04  
  3.664375746478e+01  ,2.044971897367e-04  ,2.827657126503e-04  
  3.672823004980e+01  ,2.044837823252e-04  ,2.826105174784e-04  
  3.681289736425e+01  ,2.044703071384e-04  ,2.824555720755e-04  
  3.689775985701e+01  ,2.044567644454e-04  ,2.823008759697e-04  
  3.698281797802e+01  ,2.044431545163e-04  ,2.821464286901e-04  
  3.706807217825e+01  ,2.044294776221e-04  ,2.819922297665e-04  
  3.715352290971e+01  ,2.044157340347e-04  ,2.818382787296e-04  
  3.723917062545e+01  ,2.044019240269e-04  ,2.816845751107e-04  
  3.732501577956e+01  ,2.043880478725e-04  ,2.815311184421e-04  
  3.741105882720e+01  ,2.043741058461e-04  ,2.813779082570e-04  
  3.749730022454e+01  ,2.043600982232e-04  ,2.812249440893e-04  
  3.758374042884e+01  ,2.043460252800e-04  ,2.810722254736e-04  
  3.767037989838e+01  ,2.043318872938e-04  ,2.809197519456e-04  
  3.775721909253e+01  ,2.043176845425e-04  ,2.807675230416e-04  
  3.784425847170e+01  ,2.043034173047e-04  ,2.806155382990e-04  
  3.793149849736e+01  ,2.042890858601e-04  ,2.804637972557e-04  
  3.801893963205e+01  ,2.042746904888e-04  ,2.803122994506e-04  
  3.810658233937e+01  ,2.042602314717e-04  ,2.801610444236e-04  
  3.819442708400e+01  ,2.042457090907e-04  ,2.800100317151e-04  
  3.828247433167e+01  ,2.042311236280e-04  ,2.798592608666e-04  
  3.837072454922e+01  ,2.042164753668e-04  ,2.797087314204e-04  
  3.845917820453e+01  ,2.042017645906e-04  ,2.795584429195e-04  
  3.854783576657e+01  ,2.041869915840e-04  ,2.794083949079e-04  
  3.863669770540e+01  ,2.041721566319e-04  ,2.792585869305e-04  
  3.872576449215e+01  ,2.041572600199e-04  ,2.791090185328e-04  
  3.881503659906e+01  ,2.041423020341e-04  ,2.789596892613e-04  
  3.890451449942e+01  ,2.041272829613e-04  ,2.788105986635e-04  
  3.899419866765e+01  ,2.041122030890e-04  ,2.786617462875e-04  
  3.908408957923e+01  ,2.040970627048e-04  ,2.785131316823e-04  
  3.917418771077e+01  ,2.040818620972e-04  ,2.783647543979e-04  
  3.926449353995e+01  ,2.040666015552e-04  ,2.782166139850e-04  
  3.935500754557e+01  ,2.040512813680e-04  ,2.780687099953e-04  
  3.944573020752e+01  ,2.040359018256e-04  ,2.779210419812e-04  
  3.953666200681e+01  ,2.040204632183e-04  ,2.777736094962e-04  
  3.962780342554e+01  ,2.040049658369e-04  ,2.776264120944e-04  
  3.971915494694e+01  ,2.039894099726e-04  ,2.774794493309e-04  
  3.981071705534e+01  ,2.039737959169e-04  ,2.773327207616e-04  
  3.990249023621e+01  ,2.039581239619e-04  ,2.771862259434e-04  
  3.999447497610e+01  ,2.039423944000e-04  ,2.770399644339e-04  
  4.008667176272e+01  ,2.039266075240e-04  ,2.768939357916e-04  
  4.017908108489e+01  ,2.039107636269e-04  ,2.767481395760e-04  
  4.027170343254e+01  ,2.038948630023e-04  ,2.766025753474e-04  
  4.036453929675e+01  ,2.038789059438e-04  ,2.764572426668e-04  
  4.045758916974e+01  ,2.038628927457e-04  ,2.763121410964e-04  
  4.055085354483e+01  ,2.038468237022e-04  ,2.761672701990e-04  
  4.064433291651e+01  ,2.038306991080e-04  ,2.760226295383e-04  
  4.073802778040e+01  ,2.038145192580e-04  ,2.758782186791e-04  
  4.083193863326e+01  ,2.037982844474e-04  ,2.757340371869e-04  
  4.092606597299e+01  ,2.037819949716e-04  ,2.755900846280e-04  
  4.102041029865e+01  ,2.037656511262e-04  ,2.754463605697e-04  
  4.111497211044e+01  ,2.037492532071e-04  ,2.753028645802e-04  
  4.120975190973e+01  ,2.037328015102e-04  ,2.751595962285e-04  
  4.130475019901e+01  ,2.037162963317e-04  ,2.750165550844e-04  
  4.139996748197e+01  ,2.036997379681e-04  ,2.748737407189e-04  
  4.149540426343e+01  ,2.036831267157e-04  ,2.747311527035e-04  
  4.159106104939e+01  ,2.036664628714e-04  ,2.745887906108e-04  
  4.168693834703e+01  ,2.036497467318e-04  ,2.744466540143e-04  
  4.178303666465e+01  ,2.036329785939e-04  ,2.743047424882e-04  
  4.187935651178e+01  ,2.036161587546e-04  ,2.741630556077e-04  
  4.197589839909e+01  ,2.035992875110e-04  ,2.740215929489e-04  
  4.207266283844e+01  ,2.035823651603e-04  ,2.738803540889e-04  
  4.216965034285e+01  ,2.035653919997e-04  ,2.737393386053e-04  
  4.226686142655e+01  ,2.035483683263e-04  ,2.735985460769e-04  
  4.236429660495e+01  ,2.035312944376e-04  ,2.734579760835e-04  
  4.246195639462e+01  ,2.035141706308e-04  ,2.733176282053e-04  
  4.255984131337e+01  ,2.034969972032e-04  ,2.731775020239e-04  
  4.265795188015e+01  ,2.034797744521e-04  ,2.730375971215e-04  
  4.275628861515e+01  ,2.034625026749e-04  ,2.728979130813e-04  
  4.285485203974e+01  ,2.034451821689e-04  ,2.727584494872e-04  
  4.295364267648e+01  ,2.034278132312e-04  ,2.726192059243e-04  
  4.305266104916e+01  ,2.034103961591e-04  ,2.724801819783e-04  
  4.315190768277e+01  ,2.033929312496e-04  ,2.723413772359e-04  
  4.325138310349e+01  ,2.033754187999e-04  ,2.722027912847e-04  
  4.335108783874e+01  ,2.033578591068e-04  ,2.720644237132e-04  
  4.345102241715e+01  ,2.033402524673e-04  ,2.719262741108e-04  
  4.355118736855e+01  ,2.033225991782e-04  ,2.717883420676e-04  
  4.365158322401e+01  ,2.033048995360e-04  ,2.716506271748e-04  
  4.375221051582e+01  ,2.032871538373e-04  ,2.715131290245e-04  
  4.385306977749e+01  ,2.032693623784e-04  ,2.713758472096e-04  
  4.395416154377e+01  ,2.032515254557e-04  ,2.712387813237e-04  
  4.405548635065e+01  ,2.032336433650e-04  ,2.711019309617e-04  
  4.415704473532e+01  ,2.032157164023e-04  ,2.709652957191e-04  
  4.425883723625e+01  ,2.031977448634e-04  ,2.708288751923e-04  
  4.436086439313e+01  ,2.031797290437e-04  ,2.706926689787e-04  
  4.446312674690e+01  ,2.031616692385e-04  ,2.705566766765e-04  
  4.456562483974e+01  ,2.031435657429e-04  ,2.704208978848e-04  
  4.466835921509e+01  ,2.031254188517e-04  ,2.702853322037e-04  
  4.477133041763e+01  ,2.031072288597e-04  ,2.701499792339e-04  
  4.487453899330e+01  ,2.030889960611e-04  ,2.700148385773e-04  
  4.497798548932e+01  ,2.030707207501e-04  ,2.698799098365e-04  
  4.508167045414e+01  ,2.030524032206e-04  ,2.697451926151e-04  
  4.518559443748e+01  ,2.030340437662e-04  ,2.696106865175e-04  
  4.528975799035e+01  ,2.030156426801e-04  ,2.694763911490e-04  
  4.539416166501e+01  ,2.029972002553e-04  ,2.693423061158e-04  
  4.549880601500e+01  ,2.029787167847e-04  ,2.692084310249e-04  
  4.560369159512e+01  ,2.029601925605e-04  ,2.690747654844e-04  
  4.570881896148e+01  ,2.029416278749e-04  ,2.689413091030e-04  
  4.581418867144e+01  ,2.029230230196e-04  ,2.688080614906e-04  
  4.591980128368e+01  ,2.029043782860e-04  ,2.686750222576e-04  
  4.602565735813e+01  ,2.028856939651e-04  ,2.685421910157e-04  
  4.613175745603e+01  ,2.028669703478e-04  ,2.684095673771e-04  
  4.623810213992e+01  ,2.028482077242e-04  ,2.682771509552e-04  
  4.634469197362e+01  ,2.028294063845e-04  ,2.681449413640e-04  
  4.645152752227e+01  ,2.028105666181e-04  ,2.680129382185e-04  
  4.655860935229e+01  ,2.027916887142e-04  ,2.678811411347e-04  
  4.666593803142e+01  ,2.027727729618e-04  ,2.677495497293e-04  
  4.677351412871e+01  ,2.027538196490e-04  ,2.676181636200e-04  
  4.688133821452e+01  ,2.027348290640e-04  ,2.674869824252e-04  
  4.698941086051e+01  ,2.027158014943e-04  ,2.673560057645e-04  
  4.709773263969e+01  ,2.026967372270e-04  ,2.672252332579e-04  
  4.720630412635e+01  ,2.026776365487e-04  ,2.670946645268e-04  
  4.731512589614e+01  ,2.026584997457e-04  ,2.669642991931e-04  
  4.742419852602e+01  ,2.026393271039e-04  ,2.668341368797e-04  
  4.753352259427e+01  ,2.026201189084e-04  ,2.667041772105e-04  
  4.764309868053e+01  ,2.026008754442e-04  ,2.665744198099e-04  
  4.775292736576e+01  ,2.025815969957e-04  ,2.664448643036e-04  
  4.786300923225e+01  ,2.025622838466e-04  ,2.663155103179e-04  
  4.797334486366e+01  ,2.025429362805e-04  ,2.661863574801e-04  
  4.808393484496e+01  ,2.025235545802e-04  ,2.660574054183e-04  
  4.819477976250e+01  ,2.025041390282e-04  ,2.659286537614e-04  
  4.830588020397e+01  ,2.024846899062e-04  ,2.658001021395e-04  
  4.841723675840e+01  ,2.024652074957e-04  ,2.656717501830e-04  
  4.852885001620e+01  ,2.024456920776e-04  ,2.655435975238e-04  
  4.864072056914e+01  ,2.024261439320e-04  ,2.654156437941e-04  
  4.875284901033e+01  ,2.024065633389e-04  ,2.652878886274e-04  
  4.886523593427e+01  ,2.023869505774e-04  ,2.651603316578e-04  
  4.897788193683e+01  ,2.023673059261e-04  ,2.650329725203e-04  
  4.909078761525e+01  ,2.023476296633e-04  ,2.649058108509e-04  
  4.920395356814e+01  ,2.023279220664e-04  ,2.647788462863e-04  
  4.931738039548e+01  ,2.023081834124e-04  ,2.646520784641e-04  
  4.943106869867e+01  ,2.022884139778e-04  ,2.645255070228e-04  
  4.954501908047e+01  ,2.022686140383e-04  ,2.643991316017e-04  
  4.965923214502e+01  ,2.022487838692e-04  ,2.642729518411e-04  
  4.977370849788e+01  ,2.022289237451e-04  ,2.641469673819e-04  
  4.988844874599e+01  ,2.022090339401e-04  ,2.640211778661e-04  
  5.000345349769e+01  ,2.021891147275e-04  ,2.638955829364e-04  
  5.011872336272e+01  ,2.021691663803e-04  ,2.637701822364e-04  
  5.023425895223e+01  ,2.021491891705e-04  ,2.636449754106e-04  
  5.035006087878e+01  ,2.021291833699e-04  ,2.635199621042e-04  
  5.046612975634e+01  ,2.021091492493e-04  ,2.633951419634e-04  
  5.058246620030e+01  ,2.020890870790e-04  ,2.632705146353e-04  
  5.069907082746e+01  ,2.020689971287e-04  ,2.631460797676e-04  
  5.081594425605e+01  ,2.020488796675e-04  ,2.630218370090e-04  
  5.093308710571e+01  ,2.020287349638e-04  ,2.628977860090e-04  
  5.105049999753e+01  ,2.020085632853e-04  ,2.627739264181e-04  
  5.116818355402e+01  ,2.019883648990e-04  ,2.626502578874e-04  
  5.128613839913e+01  ,2.019681400713e-04  ,2.625267800689e-04  
  5.140436515823e+01  ,2.019478890681e-04  ,2.624034926157e-04  
  5.152286445817e+01  ,2.019276121543e-04  ,2.622803951813e-04  
  5.164163692720e+01  ,2.019073095944e-04  ,2.621574874203e-04  
  5.176068319505e+01  ,2.018869816521e-04  ,2.620347689882e-04  
  5.188000389289e+01  ,2.018666285903e-04  ,2.619122395411e-04  
  5.199959965334e+01  ,2.018462506715e-04  ,2.617898987362e-04  
  5.211947111050e+01  ,2.018258481572e-04  ,2.616677462312e-04  
  5.223961889990e+01  ,2.018054213084e-04  ,2.615457816850e-04  
  5.236004365856e+01  ,2.017849703853e-04  ,2.614240047570e-04  
  5.248074602497e+01  ,2.017644956475e-04  ,2.613024151076e-04  
  5.260172663906e+01  ,2.017439973537e-04  ,2.611810123981e-04  
  5.272298614227e+01  ,2.017234757620e-04  ,2.610597962904e-04  
  5.284452517751e+01  ,2.017029311298e-04  ,2.609387664474e-04  
  5.296634438916e+01  ,2.016823637138e-04  ,2.608179225328e-04  
  5.308844442309e+01  ,2.016617737699e-04  ,2.606972642109e-04  
  5.321082592667e+01  ,2.016411615532e-04  ,2.605767911472e-04  
  5.333348954875e+01  ,2.016205273182e-04  ,2.604565030077e-04  
  5.345643593969e+01  ,2.015998713186e-04  ,2.603363994594e-04  
  5.357966575132e+01  ,2.015791938074e-04  ,2.602164801699e-04  
  5.370317963701e+01  ,2.015584950368e-04  ,2.600967448080e-04  
  5.382697825162e+01  ,2.015377752583e-04  ,2.599771930428e-04  
  5.395106225150e+01  ,2.015170347226e-04  ,2.598578245447e-04  
  5.407543229455e+01  ,2.014962736796e-04  ,2.597386389845e-04  
  5.420008904015e+01  ,2.014754923786e-04  ,2.596196360341e-04  
  5.432503314923e+01  ,2.014546910680e-04  ,2.595008153661e-04  
  5.445026528423e+01  ,2.014338699954e-04  ,2.593821766538e-04  
  5.457578610912e+01  ,2.014130294079e-04  ,2.592637195715e-04  
  5.470159628939e+01  ,2.013921695514e-04  ,2.591454437941e-04  
  5.482769649207e+01  ,2.013712906714e-04  ,2.590273489974e-04  
  5.495408738575e+01  ,2.013503930124e-04  ,2.589094348581e-04  
  5.508076964053e+01  ,2.013294768183e-04  ,2.587917010535e-04  
  5.520774392806e+01  ,2.013085423320e-04  ,2.586741472618e-04  
  5.533501092156e+01  ,2.012875897958e-04  ,2.585567731620e-04  
  5.546257129578e+01  ,2.012666194511e-04  ,2.584395784338e-04  
  5.559042572703e+01  ,2.012456315386e-04  ,2.583225627578e-04  
  5.571857489318e+01  ,2.012246262981e-04  ,2.582057258153e-04  
  5.584701947367e+01  ,2.012036039686e-04  ,2.580890672885e-04  
  5.597576014950e+01  ,2.011825647885e-04  ,2.579725868602e-04  
  5.610479760324e+01  ,2.011615089952e-04  ,2.578562842142e-04  
  5.623413251902e+01  ,2.011404368253e-04  ,2.577401590349e-04  
  5.636376558258e+01  ,2.011193485146e-04  ,2.576242110076e-04  
  5.649369748122e+01  ,2.010982442983e-04  ,2.575084398183e-04  
  5.662392890381e+01  ,2.010771244105e-04  ,2.573928451537e-04  
  5.675446054084e+01  ,2.010559890847e-04  ,2.572774267016e-04  
  5.688529308437e+01  ,2.010348385534e-04  ,2.571621841502e-04  
  5.701642722806e+01  ,2.010136730485e-04  ,2.570471171887e-04  
  5.714786366718e+01  ,2.009924928008e-04  ,2.569322255068e-04  
  5.727960309857e+01  ,2.009712980406e-04  ,2.568175087955e-04  
  5.741164622072e+01  ,2.009500889971e-04  ,2.567029667459e-04  
  5.754399373370e+01  ,2.009288658989e-04  ,2.565885990503e-04  
  5.767664633921e+01  ,2.009076289736e-04  ,2.564744054017e-04  
  5.780960474056e+01  ,2.008863784481e-04  ,2.563603854938e-04  
  5.794286964268e+01  ,2.008651145484e-04  ,2.562465390211e-04  
  5.807644175212e+01  ,2.008438374996e-04  ,2.561328656787e-04  
  5.821032177708e+01  ,2.008225475261e-04  ,2.560193651626e-04  
  5.834451042736e+01  ,2.008012448514e-04  ,2.559060371697e-04  
  5.847900841444e+01  ,2.007799296982e-04  ,2.557928813973e-04  
  5.861381645139e+01  ,2.007586022884e-04  ,2.556798975437e-04  
  5.874893525297e+01  ,2.007372628429e-04  ,2.555670853080e-04  
  5.888436553555e+01  ,2.007159115820e-04  ,2.554544443897e-04  
  5.902010801717e+01  ,2.006945487248e-04  ,2.553419744895e-04  
  5.915616341754e+01  ,2.006731744900e-04  ,2.552296753085e-04  
  5.929253245799e+01  ,2.006517890952e-04  ,2.551175465487e-04  
  5.942921586155e+01  ,2.006303927570e-04  ,2.550055879128e-04  
  5.956621435289e+01  ,2.006089856916e-04  ,2.548937991042e-04  
  5.970352865837e+01  ,2.005875681140e-04  ,2.547821798271e-04  
  5.984115950602e+01  ,2.005661402384e-04  ,2.546707297865e-04  
  5.997910762554e+01  ,2.005447022782e-04  ,2.545594486879e-04  
  6.011737374832e+01  ,2.005232544461e-04  ,2.544483362377e-04  
  6.025595860742e+01  ,2.005017969537e-04  ,2.543373921430e-04  
  6.039486293763e+01  ,2.004803300118e-04  ,2.542266161117e-04  
  6.053408747538e+01  ,2.004588538304e-04  ,2.541160078524e-04  
  6.067363295884e+01  ,2.004373686188e-04  ,2.540055670742e-04  
  6.081350012786e+01  ,2.004158745852e-04  ,2.538952934872e-04  
  6.095368972400e+01  ,2.003943719370e-04  ,2.537851868020e-04  
  6.109420249054e+01  ,2.003728608808e-04  ,2.536752467303e-04  
  6.123503917246e+01  ,2.003513416224e-04  ,2.535654729840e-04  
  6.137620051647e+01  ,2.003298143666e-04  ,2.534558652760e-04  
  6.151768727097e+01  ,2.003082793174e-04  ,2.533464233200e-04  
  6.165950018614e+01  ,2.002867366780e-04  ,2.532371468302e-04  
  6.180164001383e+01  ,2.002651866507e-04  ,2.531280355216e-04  
  6.194410750767e+01  ,2.002436294369e-04  ,2.530190891100e-04  
  6.208690342299e+01  ,2.002220652372e-04  ,2.529103073116e-04  
  6.223002851690e+01  ,2.002004942514e-04  ,2.528016898437e-04  
  6.237348354823e+01  ,2.001789166782e-04  ,2.526932364241e-04  
  6.251726927756e+01  ,2.001573327157e-04  ,2.525849467712e-04  
  6.266138646722e+01  ,2.001357425611e-04  ,2.524768206043e-04  
  6.280583588132e+01  ,2.001141464106e-04  ,2.523688576432e-04  
  6.295061828571e+01  ,2.000925444596e-04  ,2.522610576086e-04  
  6.309573444801e+01  ,2.000709369027e-04  ,2.521534202218e-04  
  6.324118513761e+01  ,2.000493239337e-04  ,2.520459452048e-04  
  6.338697112568e+01  ,2.000277057453e-04  ,2.519386322801e-04  
  6.353309318516e+01  ,2.000060825295e-04  ,2.518314811712e-04  
  6.367955209078e+01  ,1.999844544775e-04  ,2.517244916022e-04  
  6.382634861904e+01  ,1.999628217794e-04  ,2.516176632977e-04  
  6.397348354825e+01  ,1.999411846248e-04  ,2.515109959831e-04  
  6.412095765850e+01  ,1.999195432021e-04  ,2.514044893845e-04  
  6.426877173169e+01  ,1.998978976991e-04  ,2.512981432287e-04  
  6.441692655150e+01  ,1.998762483025e-04  ,2.511919572431e-04  
  6.456542290345e+01  ,1.998545951983e-04  ,2.510859311558e-04  
  6.471426157485e+01  ,1.998329385715e-04  ,2.509800646956e-04  
  6.486344335481e+01  ,1.998112786065e-04  ,2.508743575920e-04  
  6.501296903430e+01  ,1.997896154866e-04  ,2.507688095750e-04  
  6.516283940607e+01  ,1.997679493944e-04  ,2.506634203755e-04  
  6.531305526473e+01  ,1.997462805114e-04  ,2.505581897248e-04  
  6.546361740671e+01  ,1.997246090185e-04  ,2.504531173551e-04  
  6.561452663028e+01  ,1.997029350956e-04  ,2.503482029992e-04  
  6.576578373553e+01  ,1.996812589218e-04  ,2.502434463905e-04  
  6.591738952442e+01  ,1.996595806754e-04  ,2.501388472630e-04  
  6.606934480075e+01  ,1.996379005336e-04  ,2.500344053515e-04  
  6.622165037016e+01  ,1.996162186731e-04  ,2.499301203913e-04  
  6.637430704018e+01  ,1.995945352695e-04  ,2.498259921186e-04  
  6.652731562016e+01  ,1.995728504976e-04  ,2.497220202700e-04  
  6.668067692135e+01  ,1.995511645313e-04  ,2.496182045828e-04  
  6.683439175685e+01  ,1.995294775437e-04  ,2.495145447950e-04  
  6.698846094164e+01  ,1.995077897071e-04  ,2.494110406452e-04  
  6.714288529258e+01  ,1.994861011929e-04  ,2.493076918728e-04  
  6.729766562842e+01  ,1.994644121716e-04  ,2.492044982175e-04  
  6.745280276978e+01  ,1.994427228128e-04  ,2.491014594199e-04  
  6.760829753918e+01  ,1.994210332854e-04  ,2.489985752212e-04  
  6.776415076105e+01  ,1.993993437575e-04  ,2.488958453632e-04  
  6.792036326170e+01  ,1.993776543961e-04  ,2.487932695884e-04  
  6.807693586936e+01  ,1.993559653674e-04  ,2.486908476397e-04  
  6.823386941415e+01  ,1.993342768371e-04  ,2.485885792609e-04  
  6.839116472813e+01  ,1.993125889695e-04  ,2.484864641964e-04  
  6.854882264525e+01  ,1.992909019286e-04  ,2.483845021910e-04  
  6.870684400141e+01  ,1.992692158771e-04  ,2.482826929903e-04  
  6.886522963441e+01  ,1.992475309772e-04  ,2.481810363405e-04  
  6.902398038401e+01  ,1.992258473901e-04  ,2.480795319884e-04  
  6.918309709188e+01  ,1.992041652761e-04  ,2.479781796814e-04  
  6.934258060164e+01  ,1.991824847947e-04  ,2.478769791676e-04  
  6.950243175887e+01  ,1.991608061046e-04  ,2.477759301956e-04  
  6.966265141106e+01  ,1.991391293638e-04  ,2.476750325146e-04  
  6.982324040770e+01  ,1.991174547291e-04  ,2.475742858746e-04  
  6.998419960021e+01  ,1.990957823568e-04  ,2.474736900259e-04  
  7.014552984198e+01  ,1.990741124022e-04  ,2.473732447197e-04  
  7.030723198837e+01  ,1.990524450199e-04  ,2.472729497077e-04  
  7.046930689670e+01  ,1.990307803633e-04  ,2.471728047421e-04  
  7.063175542628e+01  ,1.990091185855e-04  ,2.470728095758e-04  
  7.079457843840e+01  ,1.989874598384e-04  ,2.469729639623e-04  
  7.095777679632e+01  ,1.989658042732e-04  ,2.468732676556e-04  
  7.112135136532e+01  ,1.989441520402e-04  ,2.467737204104e-04  
  7.128530301264e+01  ,1.989225032890e-04  ,2.466743219821e-04  
  7.144963260754e+01  ,1.989008581681e-04  ,2.465750721263e-04  
  7.161434102128e+01  ,1.988792168255e-04  ,2.464759705996e-04  
  7.177942912712e+01  ,1.988575794082e-04  ,2.463770171590e-04  
  7.194489780036e+01  ,1.988359460625e-04  ,2.462782115621e-04  
  7.211074791828e+01  ,1.988143169337e-04  ,2.461795535670e-04  
  7.227698036020e+01  ,1.987926921663e-04  ,2.460810429326e-04  
  7.244359600748e+01  ,1.987710719042e-04  ,2.459826794181e-04  
  7.261059574350e+01  ,1.987494562902e-04  ,2.458844627836e-04  
  7.277798045367e+01  ,1.987278454665e-04  ,2.457863927894e-04  
  7.294575102544e+01  ,1.987062395744e-04  ,2.456884691967e-04  
  7.311390834833e+01  ,1.986846387543e-04  ,2.455906917672e-04  
  7.328245331388e+01  ,1.986630431460e-04  ,2.454930602629e-04  
  7.345138681570e+01  ,1.986414528882e-04  ,2.453955744468e-04  
  7.362070974946e+01  ,1.986198681191e-04  ,2.452982340820e-04  
  7.379042301289e+01  ,1.985982889758e-04  ,2.452010389326e-04  
  7.396052750581e+01  ,1.985767155949e-04  ,2.451039887631e-04  
  7.413102413008e+01  ,1.985551481119e-04  ,2.450070833383e-04  
  7.430191378965e+01  ,1.985335866616e-04  ,2.449103224240e-04  
  7.447319739058e+01  ,1.985120313782e-04  ,2.448137057863e-04  
  7.464487584099e+01  ,1.984904823947e-04  ,2.447172331918e-04  
  7.481695005110e+01  ,1.984689398437e-04  ,2.446209044078e-04  
  7.498942093323e+01  ,1.984474038567e-04  ,2.445247192021e-04  
  7.516228940180e+01  ,1.984258745645e-04  ,2.444286773431e-04  
  7.533555637336e+01  ,1.984043520973e-04  ,2.443327785996e-04  
  7.550922276653e+01  ,1.983828365842e-04  ,2.442370227410e-04  
  7.568328950208e+01  ,1.983613281537e-04  ,2.441414095375e-04  
  7.585775750290e+01  ,1.983398269334e-04  ,2.440459387594e-04  
  7.603262769400e+01  ,1.983183330503e-04  ,2.439506101779e-04  
  7.620790100253e+01  ,1.982968466303e-04  ,2.438554235645e-04  
  7.638357835775e+01  ,1.982753677987e-04  ,2.437603786914e-04  
  7.655966069111e+01  ,1.982538966802e-04  ,2.436654753312e-04  
  7.673614893617e+01  ,1.982324333983e-04  ,2.435707132572e-04  
  7.691304402865e+01  ,1.982109780762e-04  ,2.434760922431e-04  
  7.709034690643e+01  ,1.981895308358e-04  ,2.433816120632e-04  
  7.726805850955e+01  ,1.981680917986e-04  ,2.432872724921e-04  
  7.744617978024e+01  ,1.981466610853e-04  ,2.431930733054e-04  
  7.762471166285e+01  ,1.981252388156e-04  ,2.430990142786e-04  
  7.780365510396e+01  ,1.981038251086e-04  ,2.430050951884e-04  
  7.798301105231e+01  ,1.980824200827e-04  ,2.429113158114e-04  
  7.816278045882e+01  ,1.980610238553e-04  ,2.428176759252e-04  
  7.834296427660e+01  ,1.980396365433e-04  ,2.427241753076e-04  
  7.852356346099e+01  ,1.980182582625e-04  ,2.426308137370e-04  
  7.870457896949e+01  ,1.979968891283e-04  ,2.425375909924e-04  
  7.888601176184e+01  ,1.979755292550e-04  ,2.424445068532e-04  
  7.906786279997e+01  ,1.979541787565e-04  ,2.423515610994e-04  
  7.925013304803e+01  ,1.979328377457e-04  ,2.422587535114e-04  
  7.943282347241e+01  ,1.979115063347e-04  ,2.421660838703e-04  
  7.961593504172e+01  ,1.978901846350e-04  ,2.420735519574e-04  
  7.979946872678e+01  ,1.978688727573e-04  ,2.419811575547e-04  
  7.998342550069e+01  ,1.978475708115e-04  ,2.418889004448e-04  
  8.016780633875e+01  ,1.978262789068e-04  ,2.417967804106e-04  
  8.035261221854e+01  ,1.978049971516e-04  ,2.417047972356e-04  
  8.053784411989e+01  ,1.977837256537e-04  ,2.416129507036e-04  
  8.072350302487e+01  ,1.977624645199e-04  ,2.415212405993e-04  
  8.090958991782e+01  ,1.977412138566e-04  ,2.414296667074e-04  
  8.109610578537e+01  ,1.977199737690e-04  ,2.413382288136e-04  
  8.128305161639e+01  ,1.976987443621e-04  ,2.412469267035e-04  
  8.147042840207e+01  ,1.976775257397e-04  ,2.411557601638e-04  
  8.165823713584e+01  ,1.976563180051e-04  ,2.410647289813e-04  
  8.184647881346e+01  ,1.976351212608e-04  ,2.409738329432e-04  
  8.203515443296e+01  ,1.976139356087e-04  ,2.408830718376e-04  
  8.222426499469e+01  ,1.975927611497e-04  ,2.407924454527e-04  
  8.241381150128e+01  ,1.975715979843e-04  ,2.407019535774e-04  
  8.260379495770e+01  ,1.975504462119e-04  ,2.406115960009e-04  
  8.279421637122e+01  ,1.975293059316e-04  ,2.405213725130e-04  
  8.298507675142e+01  ,1.975081772414e-04  ,2.404312829038e-04  
  8.317637711025e+01  ,1.974870602389e-04  ,2.403413269642e-04  
  8.336811846195e+01  ,1.974659550207e-04  ,2.402515044853e-04  
  8.356030182311e+01  ,1.974448616828e-04  ,2.401618152587e-04  
  8.375292821267e+01  ,1.974237803205e-04  ,2.400722590766e-04  
  8.394599865192e+01  ,1.974027110285e-04  ,2.399828357314e-04  
  8.413951416450e+01  ,1.973816539005e-04  ,2.398935450162e-04  
  8.433347577641e+01  ,1.973606090298e-04  ,2.398043867246e-04  
  8.452788451601e+01  ,1.973395765087e-04  ,2.397153606504e-04  
  8.472274141404e+01  ,1.973185564292e-04  ,2.396264665880e-04  
  8.491804750361e+01  ,1.972975488821e-04  ,2.395377043323e-04  
  8.511380382022e+01  ,1.972765539578e-04  ,2.394490736787e-04  
  8.531001140174e+01  ,1.972555717461e-04  ,2.393605744228e-04  
  8.550667128845e+01  ,1.972346023357e-04  ,2.392722063608e-04  
  8.570378452302e+01  ,1.972136458151e-04  ,2.391839692896e-04  
  8.590135215052e+01  ,1.971927022717e-04  ,2.390958630061e-04  
  8.609937521844e+01  ,1.971717717925e-04  ,2.390078873078e-04  
  8.629785477668e+01  ,1.971508544635e-04  ,2.389200419929e-04  
  8.649679187755e+01  ,1.971299503704e-04  ,2.388323268597e-04  
  8.669618757580e+01  ,1.971090595979e-04  ,2.387447417070e-04  
  8.689604292861e+01  ,1.970881822301e-04  ,2.386572863343e-04  
  8.709635899559e+01  ,1.970673183505e-04  ,2.385699605413e-04  
  8.729713683879e+01  ,1.970464680418e-04  ,2.384827641281e-04  
  8.749837752273e+01  ,1.970256313862e-04  ,2.383956968953e-04  
  8.770008211434e+01  ,1.970048084651e-04  ,2.383087586441e-04  
  8.790225168307e+01  ,1.969839993591e-04  ,2.382219491759e-04  
  8.810488730078e+01  ,1.969632041483e-04  ,2.381352682925e-04  
  8.830799004184e+01  ,1.969424229123e-04  ,2.380487157964e-04  
  8.851156098306e+01  ,1.969216557296e-04  ,2.379622914903e-04  
  8.871560120378e+01  ,1.969009026783e-04  ,2.378759951774e-04  
  8.892011178578e+01  ,1.968801638359e-04  ,2.377898266613e-04  
  8.912509381336e+01  ,1.968594392791e-04  ,2.377037857459e-04  
  8.933054837331e+01  ,1.968387290839e-04  ,2.376178722359e-04  
  8.953647655494e+01  ,1.968180333258e-04  ,2.375320859359e-04  
  8.974287945006e+01  ,1.967973520795e-04  ,2.374464266513e-04  
  8.994975815298e+01  ,1.967766854192e-04  ,2.373608941879e-04  
  9.015711376058e+01  ,1.967560334183e-04  ,2.372754883516e-04  
  9.036494737221e+01  ,1.967353961496e-04  ,2.371902089490e-04  
  9.057326008980e+01  ,1.967147736853e-04  ,2.371050557871e-04  
  9.078205301780e+01  ,1.966941660968e-04  ,2.370200286731e-04  
  9.099132726321e+01  ,1.966735734551e-04  ,2.369351274149e-04  
  9.120108393557e+01  ,1.966529958305e-04  ,2.368503518205e-04  
  9.141132414701e+01  ,1.966324332923e-04  ,2.367657016984e-04  
  9.162204901218e+01  ,1.966118859097e-04  ,2.366811768577e-04  
  9.183325964834e+01  ,1.965913537509e-04  ,2.365967771077e-04  
  9.204495717530e+01  ,1.965708368837e-04  ,2.365125022582e-04  
  9.225714271546e+01  ,1.965503353750e-04  ,2.364283521192e-04  
  9.246981739380e+01  ,1.965298492912e-04  ,2.363443265013e-04  
  9.268298233792e+01  ,1.965093786982e-04  ,2.362604252155e-04  
  9.289663867797e+01  ,1.964889236611e-04  ,2.361766480730e-04  
  9.311078754676e+01  ,1.964684842445e-04  ,2.360929948856e-04  
  9.332543007968e+01  ,1.964480605122e-04  ,2.360094654654e-04  
  9.354056741474e+01  ,1.964276525276e-04  ,2.359260596249e-04  
  9.375620069257e+01  ,1.964072603533e-04  ,2.358427771769e-04  
  9.397233105644e+01  ,1.963868840514e-04  ,2.357596179347e-04  
  9.418895965226e+01  ,1.963665236833e-04  ,2.356765817120e-04  
  9.440608762857e+01  ,1.963461793099e-04  ,2.355936683228e-04  
  9.462371613656e+01  ,1.963258509913e-04  ,2.355108775815e-04  
  9.484184633007e+01  ,1.963055387872e-04  ,2.354282093028e-04  
  9.506047936561e+01  ,1.962852427566e-04  ,2.353456633020e-04  
  9.527961640234e+01  ,1.962649629578e-04  ,2.352632393946e-04  
  9.549925860212e+01  ,1.962446994488e-04  ,2.351809373964e-04  
  9.571940712946e+01  ,1.962244522865e-04  ,2.350987571239e-04  
  9.594006315157e+01  ,1.962042215278e-04  ,2.350166983935e-04  
  9.616122783835e+01  ,1.961840072285e-04  ,2.349347610224e-04  
  9.638290236238e+01  ,1.961638094440e-04  ,2.348529448280e-04  
  9.660508789896e+01  ,1.961436282292e-04  ,2.347712496280e-04  
  9.682778562610e+01  ,1.961234636382e-04  ,2.346896752405e-04  
  9.705099672453e+01  ,1.961033157248e-04  ,2.346082214840e-04  
  9.727472237768e+01  ,1.960831845419e-04  ,2.345268881774e-04  
  9.749896377172e+01  ,1.960630701419e-04  ,2.344456751399e-04  
  9.772372209556e+01  ,1.960429725768e-04  ,2.343645821910e-04  
  9.794899854085e+01  ,1.960228918979e-04  ,2.342836091507e-04  
  9.817479430198e+01  ,1.960028281558e-04  ,2.342027558393e-04  
  9.840111057609e+01  ,1.959827814006e-04  ,2.341220220775e-04  
  9.862794856310e+01  ,1.959627516820e-04  ,2.340414076861e-04  
  9.885530946567e+01  ,1.959427390489e-04  ,2.339609124866e-04  
  9.908319448926e+01  ,1.959227435496e-04  ,2.338805363007e-04  
  9.931160484207e+01  ,1.959027652321e-04  ,2.338002789504e-04  
  9.954054173513e+01  ,1.958828041436e-04  ,2.337201402581e-04  
  9.977000638223e+01  ,1.958628603308e-04  ,2.336401200465e-04  
  9.999999999998e+01  ,1.958429338398e-04  ,2.335602181388e-04  
  1.002305238078e+02  ,1.958230247163e-04  ,2.334804343583e-04  
  1.004615790278e+02  ,1.958031330051e-04  ,2.334007685289e-04  
  1.006931668852e+02  ,1.957832587508e-04  ,2.333212204747e-04  
  1.009252886076e+02  ,1.957634019972e-04  ,2.332417900201e-04  
  1.011579454260e+02  ,1.957435627877e-04  ,2.331624769899e-04  
  1.013911385736e+02  ,1.957237411651e-04  ,2.330832812092e-04  
  1.016248692870e+02  ,1.957039371715e-04  ,2.330042025035e-04  
  1.018591388054e+02  ,1.956841508488e-04  ,2.329252406987e-04  
  1.020939483707e+02  ,1.956643822379e-04  ,2.328463956208e-04  
  1.023292992281e+02  ,1.956446313796e-04  ,2.327676670963e-04  
  1.025651926251e+02  ,1.956248983138e-04  ,2.326890549521e-04  
  1.028016298126e+02  ,1.956051830800e-04  ,2.326105590151e-04  
  1.030386120441e+02  ,1.955854857172e-04  ,2.325321791130e-04  
  1.032761405761e+02  ,1.955658062638e-04  ,2.324539150734e-04  
  1.035142166679e+02  ,1.955461447577e-04  ,2.323757667245e-04  
  1.037528415818e+02  ,1.955265012362e-04  ,2.322977338946e-04  
  1.039920165829e+02  ,1.955068757362e-04  ,2.322198164126e-04  
  1.042317429393e+02  ,1.954872682939e-04  ,2.321420141075e-04  
  1.044720219221e+02  ,1.954676789451e-04  ,2.320643268087e-04  
  1.047128548051e+02  ,1.954481077250e-04  ,2.319867543459e-04  
  1.049542428652e+02  ,1.954285546683e-04  ,2.319092965491e-04  
  1.051961873823e+02  ,1.954090198092e-04  ,2.318319532487e-04  
  1.054386896391e+02  ,1.953895031813e-04  ,2.317547242753e-04  
  1.056817509213e+02  ,1.953700048178e-04  ,2.316776094599e-04  
  1.059253725177e+02  ,1.953505247512e-04  ,2.316006086338e-04  
  1.061695557198e+02  ,1.953310630136e-04  ,2.315237216285e-04  
  1.064143018224e+02  ,1.953116196367e-04  ,2.314469482759e-04  
  1.066596121230e+02  ,1.952921946514e-04  ,2.313702884083e-04  
  1.069054879222e+02  ,1.952727880884e-04  ,2.312937418581e-04  
  1.071519305237e+02  ,1.952533999776e-04  ,2.312173084582e-04  
  1.073989412341e+02  ,1.952340303487e-04  ,2.311409880417e-04  
  1.076465213630e+02  ,1.952146792306e-04  ,2.310647804420e-04  
  1.078946722230e+02  ,1.951953466518e-04  ,2.309886854929e-04  
  1.081433951298e+02  ,1.951760326404e-04  ,2.309127030283e-04  
  1.083926914021e+02  ,1.951567372238e-04  ,2.308368328826e-04  
  1.086425623617e+02  ,1.951374604291e-04  ,2.307610748903e-04  
  1.088930093333e+02  ,1.951182022829e-04  ,2.306854288865e-04  
  1.091440336449e+02  ,1.950989628110e-04  ,2.306098947064e-04  
  1.093956366272e+02  ,1.950797420391e-04  ,2.305344721853e-04  
  1.096478196143e+02  ,1.950605399921e-04  ,2.304591611592e-04  
  1.099005839432e+02  ,1.950413566946e-04  ,2.303839614641e-04  
  1.101539309541e+02  ,1.950221921707e-04  ,2.303088729364e-04  
  1.104078619902e+02  ,1.950030464439e-04  ,2.302338954128e-04  
  1.106623783977e+02  ,1.949839195373e-04  ,2.301590287301e-04  
  1.109174815262e+02  ,1.949648114734e-04  ,2.300842727258e-04  
  1.111731727281e+02  ,1.949457222744e-04  ,2.300096272372e-04  
  1.114294533591e+02  ,1.949266519620e-04  ,2.299350921022e-04  
  1.116863247780e+02  ,1.949076005571e-04  ,2.298606671589e-04  
  1.119437883467e+02  ,1.948885680806e-04  ,2.297863522456e-04  
  1.122018454302e+02  ,1.948695545526e-04  ,2.297121472011e-04  
  1.124604973967e+02  ,1.948505599928e-04  ,2.296380518642e-04  
  1.127197456175e+02  ,1.948315844204e-04  ,2.295640660741e-04  
  1.129795914673e+02  ,1.948126278543e-04  ,2.294901896704e-04  
  1.132400363235e+02  ,1.947936903127e-04  ,2.294164224929e-04  
  1.135010815672e+02  ,1.947747718134e-04  ,2.293427643814e-04  
  1.137627285823e+02  ,1.947558723739e-04  ,2.292692151765e-04  
  1.140249787561e+02  ,1.947369920110e-04  ,2.291957747185e-04  
  1.142878334790e+02  ,1.947181307411e-04  ,2.291224428485e-04  
  1.145512941445e+02  ,1.946992885802e-04  ,2.290492194075e-04  
  1.148153621497e+02  ,1.946804655439e-04  ,2.289761042369e-04  
  1.150800388944e+02  ,1.946616616472e-04  ,2.289030971783e-04  
  1.153453257821e+02  ,1.946428769047e-04  ,2.288301980738e-04  
  1.156112242192e+02  ,1.946241113305e-04  ,2.287574067654e-04  
  1.158777356155e+02  ,1.946053649383e-04  ,2.286847230957e-04  
  1.161448613840e+02  ,1.945866377414e-04  ,2.286121469074e-04  
  1.164126029410e+02  ,1.945679297525e-04  ,2.285396780434e-04  
  1.166809617061e+02  ,1.945492409839e-04  ,2.284673163469e-04  
  1.169499391020e+02  ,1.945305714476e-04  ,2.283950616616e-04  
  1.172195365548e+02  ,1.945119211550e-04  ,2.283229138311e-04  
  1.174897554939e+02  ,1.944932901171e-04  ,2.282508726994e-04  
  1.177605973521e+02  ,1.944746783444e-04  ,2.281789381108e-04  
  1.180320635651e+02  ,1.944560858471e-04  ,2.281071099099e-04  
  1.183041555725e+02  ,1.944375126347e-04  ,2.280353879413e-04  
  1.185768748167e+02  ,1.944189587166e-04  ,2.279637720503e-04  
  1.188502227437e+02  ,1.944004241015e-04  ,2.278922620819e-04  
  1.191242008027e+02  ,1.943819087978e-04  ,2.278208578818e-04  
  1.193988104464e+02  ,1.943634128134e-04  ,2.277495592958e-04  
  1.196740531307e+02  ,1.943449361558e-04  ,2.276783661698e-04  
  1.199499303149e+02  ,1.943264788320e-04  ,2.276072783502e-04  
  1.202264434617e+02  ,1.943080408487e-04  ,2.275362956834e-04  
  1.205035940372e+02  ,1.942896222121e-04  ,2.274654180163e-04  
  1.207813835107e+02  ,1.942712229279e-04  ,2.273946451958e-04  
  1.210598133550e+02  ,1.942528430015e-04  ,2.273239770692e-04  
  1.213388850465e+02  ,1.942344824379e-04  ,2.272534134841e-04  
  1.216186000646e+02  ,1.942161412414e-04  ,2.271829542880e-04  
  1.218989598925e+02  ,1.941978194161e-04  ,2.271125993291e-04  
  1.221799660165e+02  ,1.941795169659e-04  ,2.270423484555e-04  
  1.224616199265e+02  ,1.941612338937e-04  ,2.269722015156e-04  
  1.227439231158e+02  ,1.941429702026e-04  ,2.269021583582e-04  
  1.230268770812e+02  ,1.941247258949e-04  ,2.268322188322e-04  
  1.233104833229e+02  ,1.941065009725e-04  ,2.267623827867e-04  
  1.235947433444e+02  ,1.940882954371e-04  ,2.266926500712e-04  
  1.238796586530e+02  ,1.940701092898e-04  ,2.266230205352e-04  
  1.241652307592e+02  ,1.940519425314e-04  ,2.265534940285e-04  
  1.244514611771e+02  ,1.940337951621e-04  ,2.264840704014e-04  
  1.247383514243e+02  ,1.940156671821e-04  ,2.264147495041e-04  
  1.250259030217e+02  ,1.939975585907e-04  ,2.263455311871e-04  
  1.253141174941e+02  ,1.939794693871e-04  ,2.262764153012e-04  
  1.256029963695e+02  ,1.939613995701e-04  ,2.262074016974e-04  
  1.258925411794e+02  ,1.939433491378e-04  ,2.261384902269e-04  
  1.261827534590e+02  ,1.939253180884e-04  ,2.260696807411e-04  
  1.264736347471e+02  ,1.939073064192e-04  ,2.260009730918e-04  
  1.267651865858e+02  ,1.938893141274e-04  ,2.259323671307e-04  
  1.270574105208e+02  ,1.938713412098e-04  ,2.258638627101e-04  
  1.273503081016e+02  ,1.938533876626e-04  ,2.257954596822e-04  
  1.276438808811e+02  ,1.938354534818e-04  ,2.257271578995e-04  
  1.279381304157e+02  ,1.938175386628e-04  ,2.256589572149e-04  
  1.282330582656e+02  ,1.937996432010e-04  ,2.255908574813e-04  
  1.285286659943e+02  ,1.937817670909e-04  ,2.255228585519e-04  
  1.288249551693e+02  ,1.937639103271e-04  ,2.254549602801e-04  
  1.291219273613e+02  ,1.937460729034e-04  ,2.253871625195e-04  
  1.294195841450e+02  ,1.937282548134e-04  ,2.253194651241e-04  
  1.297179270984e+02  ,1.937104560504e-04  ,2.252518679477e-04  
  1.300169578033e+02  ,1.936926766072e-04  ,2.251843708447e-04  
  1.303166778452e+02  ,1.936749164761e-04  ,2.251169736696e-04  
  1.306170888132e+02  ,1.936571756494e-04  ,2.250496762769e-04  
  1.309181922999e+02  ,1.936394541185e-04  ,2.249824785217e-04  
  1.312199899019e+02  ,1.936217518749e-04  ,2.249153802590e-04  
  1.315224832192e+02  ,1.936040689094e-04  ,2.248483813441e-04  
  1.318256738556e+02  ,1.935864052126e-04  ,2.247814816324e-04  
  1.321295634186e+02  ,1.935687607747e-04  ,2.247146809798e-04  
  1.324341535194e+02  ,1.935511355853e-04  ,2.246479792421e-04  
  1.327394457729e+02  ,1.935335296340e-04  ,2.245813762754e-04  
  1.330454417978e+02  ,1.935159429098e-04  ,2.245148719360e-04  
  1.333521432163e+02  ,1.934983754013e-04  ,2.244484660805e-04  
  1.336595516546e+02  ,1.934808270968e-04  ,2.243821585656e-04  
  1.339676687426e+02  ,1.934632979843e-04  ,2.243159492481e-04  
  1.342764961138e+02  ,1.934457880513e-04  ,2.242498379852e-04  
  1.345860354056e+02  ,1.934282972850e-04  ,2.241838246342e-04  
  1.348962882591e+02  ,1.934108256723e-04  ,2.241179090525e-04  
  1.352072563194e+02  ,1.933933731995e-04  ,2.240520910980e-04  
  1.355189412351e+02  ,1.933759398528e-04  ,2.239863706284e-04  
  1.358313446587e+02  ,1.933585256180e-04  ,2.239207475018e-04  
  1.361444682466e+02  ,1.933411304804e-04  ,2.238552215766e-04  
  1.364583136589e+02  ,1.933237544249e-04  ,2.237897927111e-04  
  1.367728825596e+02  ,1.933063974363e-04  ,2.237244607641e-04  
  1.370881766165e+02  ,1.932890594989e-04  ,2.236592255944e-04  
  1.374041975012e+02  ,1.932717405966e-04  ,2.235940870609e-04  
  1.377209468894e+02  ,1.932544407129e-04  ,2.235290450230e-04  
  1.380384264603e+02  ,1.932371598312e-04  ,2.234640993400e-04  
  1.383566378971e+02  ,1.932198979341e-04  ,2.233992498716e-04  
  1.386755828872e+02  ,1.932026550044e-04  ,2.233344964774e-04  
  1.389952631213e+02  ,1.931854310241e-04  ,2.232698390175e-04  
  1.393156802945e+02  ,1.931682259751e-04  ,2.232052773520e-04  
  1.396368361056e+02  ,1.931510398388e-04  ,2.231408113412e-04  
  1.399587322572e+02  ,1.931338725963e-04  ,2.230764408456e-04  
  1.402813704562e+02  ,1.931167242284e-04  ,2.230121657259e-04  
  1.406047524130e+02  ,1.930995947155e-04  ,2.229479858430e-04  
  1.409288798422e+02  ,1.930824840377e-04  ,2.228839010579e-04  
  1.412537544622e+02  ,1.930653921748e-04  ,2.228199112318e-04  
  1.415793779957e+02  ,1.930483191060e-04  ,2.227560162261e-04  
  1.419057521689e+02  ,1.930312648104e-04  ,2.226922159025e-04  
  1.422328787123e+02  ,1.930142292668e-04  ,2.226285101225e-04  
  1.425607593602e+02  ,1.929972124535e-04  ,2.225648987483e-04  
  1.428893958511e+02  ,1.929802143484e-04  ,2.225013816418e-04  
  1.432187899273e+02  ,1.929632349293e-04  ,2.224379586653e-04  
  1.435489433353e+02  ,1.929462741736e-04  ,2.223746296812e-04  
  1.438798578256e+02  ,1.929293320581e-04  ,2.223113945523e-04  
  1.442115351525e+02  ,1.929124085596e-04  ,2.222482531411e-04  
  1.445439770746e+02  ,1.928955036543e-04  ,2.221852053108e-04  
  1.448771853544e+02  ,1.928786173184e-04  ,2.221222509244e-04  
  1.452111617587e+02  ,1.928617495274e-04  ,2.220593898451e-04  
  1.455459080582e+02  ,1.928449002566e-04  ,2.219966219365e-04  
  1.458814260275e+02  ,1.928280694810e-04  ,2.219339470621e-04  
  1.462177174456e+02  ,1.928112571754e-04  ,2.218713650858e-04  
  1.465547840956e+02  ,1.927944633139e-04  ,2.218088758714e-04  
  1.468926277644e+02  ,1.927776878707e-04  ,2.217464792831e-04  
  1.472312502432e+02  ,1.927609308193e-04  ,2.216841751851e-04  
  1.475706533276e+02  ,1.927441921332e-04  ,2.216219634419e-04  
  1.479108388168e+02  ,1.927274717853e-04  ,2.215598439181e-04  
  1.482518085146e+02  ,1.927107697483e-04  ,2.214978164783e-04  
  1.485935642287e+02  ,1.926940859946e-04  ,2.214358809876e-04  
  1.489361077711e+02  ,1.926774204961e-04  ,2.213740373109e-04  
  1.492794409579e+02  ,1.926607732247e-04  ,2.213122853136e-04  
  1.496235656094e+02  ,1.926441441517e-04  ,2.212506248609e-04  
  1.499684835502e+02  ,1.926275332481e-04  ,2.211890558184e-04  
  1.503141966090e+02  ,1.926109404847e-04  ,2.211275780519e-04  
  1.506607066186e+02  ,1.925943658319e-04  ,2.210661914270e-04  
  1.510080154164e+02  ,1.925778092598e-04  ,2.210048958100e-04  
  1.513561248436e+02  ,1.925612707382e-04  ,2.209436910668e-04  
  1.517050367459e+02  ,1.925447502366e-04  ,2.208825770638e-04  
  1.520547529732e+02  ,1.925282477240e-04  ,2.208215536675e-04  
  1.524052753797e+02  ,1.925117631693e-04  ,2.207606207444e-04  
  1.527566058238e+02  ,1.924952965411e-04  ,2.206997781613e-04  
  1.531087461682e+02  ,1.924788478074e-04  ,2.206390257851e-04  
  1.534616982799e+02  ,1.924624169362e-04  ,2.205783634828e-04  
  1.538154640303e+02  ,1.924460038951e-04  ,2.205177911217e-04  
  1.541700452949e+02  ,1.924296086512e-04  ,2.204573085691e-04  
  1.545254439538e+02  ,1.924132311715e-04  ,2.203969156924e-04  
  1.548816618912e+02  ,1.923968714227e-04  ,2.203366123594e-04  
  1.552387009958e+02  ,1.923805293710e-04  ,2.202763984376e-04  
  1.555965631605e+02  ,1.923642049824e-04  ,2.202162737952e-04  
  1.559552502827e+02  ,1.923478982226e-04  ,2.201562383001e-04  
  1.563147642641e+02  ,1.923316090571e-04  ,2.200962918206e-04  
  1.566751070108e+02  ,1.923153374507e-04  ,2.200364342249e-04  
  1.570362804333e+02  ,1.922990833684e-04  ,2.199766653816e-04  
  1.573982864466e+02  ,1.922828467746e-04  ,2.199169851593e-04  
  1.577611269699e+02  ,1.922666276333e-04  ,2.198573934267e-04  
  1.581248039270e+02  ,1.922504259085e-04  ,2.197978900528e-04  
  1.584893192461e+02  ,1.922342415636e-04  ,2.197384749065e-04  
  1.588546748597e+02  ,1.922180745619e-04  ,2.196791478570e-04  
  1.592208727051e+02  ,1.922019248664e-04  ,2.196199087737e-04  
  1.595879147236e+02  ,1.921857924395e-04  ,2.195607575260e-04  
  1.599558028614e+02  ,1.921696772436e-04  ,2.195016939834e-04  
  1.603245390690e+02  ,1.921535792407e-04  ,2.194427180157e-04  
  1.606941253013e+02  ,1.921374983926e-04  ,2.193838294926e-04  
  1.610645635178e+02  ,1.921214346605e-04  ,2.193250282842e-04  
  1.614358556826e+02  ,1.921053880057e-04  ,2.192663142606e-04  
  1.618080037643e+02  ,1.920893583889e-04  ,2.192076872919e-04  
  1.621810097359e+02  ,1.920733457706e-04  ,2.191491472486e-04  
  1.625548755750e+02  ,1.920573501109e-04  ,2.190906940011e-04  
  1.629296032639e+02  ,1.920413713699e-04  ,2.190323274201e-04  
  1.633051947894e+02  ,1.920254095070e-04  ,2.189740473763e-04  
  1.636816521427e+02  ,1.920094644816e-04  ,2.189158537405e-04  
  1.640589773199e+02  ,1.919935362527e-04  ,2.188577463838e-04  
  1.644371723215e+02  ,1.919776247790e-04  ,2.187997251772e-04  
  1.648162391525e+02  ,1.919617300188e-04  ,2.187417899921e-04  
  1.651961798229e+02  ,1.919458519303e-04  ,2.186839406997e-04  
  1.655769963469e+02  ,1.919299904713e-04  ,2.186261771716e-04  
  1.659586907437e+02  ,1.919141455993e-04  ,2.185684992794e-04  
  1.663412650370e+02  ,1.918983172715e-04  ,2.185109068948e-04  
  1.667247212551e+02  ,1.918825054448e-04  ,2.184533998896e-04  
  1.671090614310e+02  ,1.918667100759e-04  ,2.183959781359e-04  
  1.674942876026e+02  ,1.918509311212e-04  ,2.183386415058e-04  
  1.678804018122e+02  ,1.918351685365e-04  ,2.182813898714e-04  
  1.682674061070e+02  ,1.918194222777e-04  ,2.182242231050e-04  
  1.686553025388e+02  ,1.918036923003e-04  ,2.181671410792e-04  
  1.690440931643e+02  ,1.917879785594e-04  ,2.181101436664e-04  
  1.694337800447e+02  ,1.917722810098e-04  ,2.180532307394e-04  
  1.698243652461e+02  ,1.917565996062e-04  ,2.179964021709e-04  
  1.702158508395e+02  ,1.917409343028e-04  ,2.179396578339e-04  
  1.706082389003e+02  ,1.917252850537e-04  ,2.178829976014e-04  
  1.710015315090e+02  ,1.917096518124e-04  ,2.178264213464e-04  
  1.713957307508e+02  ,1.916940345325e-04  ,2.177699289423e-04  
  1.717908387157e+02  ,1.916784331671e-04  ,2.177135202624e-04  
  1.721868574986e+02  ,1.916628476689e-04  ,2.176571951802e-04  
  1.725837891990e+02  ,1.916472779906e-04  ,2.176009535692e-04  
  1.729816359215e+02  ,1.916317240844e-04  ,2.175447953032e-04  
  1.733803997754e+02  ,1.916161859022e-04  ,2.174887202558e-04  
  1.737800828749e+02  ,1.916006633958e-04  ,2.174327283011e-04  
  1.741806873391e+02  ,1.915851565165e-04  ,2.173768193130e-04  
  1.745822152920e+02  ,1.915696652154e-04  ,2.173209931657e-04  
  1.749846688624e+02  ,1.915541894433e-04  ,2.172652497333e-04  
  1.753880501841e+02  ,1.915387291508e-04  ,2.172095888903e-04  
  1.757923613958e+02  ,1.915232842881e-04  ,2.171540105109e-04  
  1.761976046411e+02  ,1.915078548052e-04  ,2.170985144698e-04  
  1.766037820686e+02  ,1.914924406517e-04  ,2.170431006416e-04  
  1.770108958317e+02  ,1.914770417769e-04  ,2.169877689011e-04  
  1.774189480890e+02  ,1.914616581301e-04  ,2.169325191230e-04  
  1.778279410039e+02  ,1.914462896600e-04  ,2.168773511823e-04  
  1.782378767448e+02  ,1.914309363151e-04  ,2.168222649541e-04  
  1.786487574852e+02  ,1.914155980436e-04  ,2.167672603135e-04  
  1.790605854035e+02  ,1.914002747936e-04  ,2.167123371357e-04  
  1.794733626832e+02  ,1.913849665127e-04  ,2.166574952961e-04  
  1.798870915128e+02  ,1.913696731482e-04  ,2.166027346702e-04  
  1.803017740859e+02  ,1.913543946472e-04  ,2.165480551333e-04  
  1.807174126011e+02  ,1.913391309567e-04  ,2.164934565613e-04  
  1.811340092619e+02  ,1.913238820230e-04  ,2.164389388298e-04  
  1.815515662773e+02  ,1.913086477925e-04  ,2.163845018146e-04  
  1.819700858610e+02  ,1.912934282111e-04  ,2.163301453916e-04  
  1.823895702319e+02  ,1.912782232245e-04  ,2.162758694369e-04  
  1.828100216142e+02  ,1.912630327781e-04  ,2.162216738265e-04  
  1.832314422371e+02  ,1.912478568169e-04  ,2.161675584367e-04  
  1.836538343348e+02  ,1.912326952859e-04  ,2.161135231437e-04  
  1.840772001469e+02  ,1.912175481295e-04  ,2.160595678239e-04  
  1.845015419179e+02  ,1.912024152921e-04  ,2.160056923538e-04  
  1.849268618978e+02  ,1.911872967175e-04  ,2.159518966099e-04  
  1.853531623414e+02  ,1.911721923496e-04  ,2.158981804689e-04  
  1.857804455091e+02  ,1.911571021317e-04  ,2.158445438074e-04  
  1.862087136662e+02  ,1.911420260069e-04  ,2.157909865024e-04  
  1.866379690834e+02  ,1.911269639181e-04  ,2.157375084308e-04  
  1.870682140365e+02  ,1.911119158078e-04  ,2.156841094694e-04  
  1.874994508067e+02  ,1.910968816184e-04  ,2.156307894955e-04  
  1.879316816803e+02  ,1.910818612918e-04  ,2.155775483861e-04  
  1.883649089489e+02  ,1.910668547698e-04  ,2.155243860185e-04  
  1.887991349096e+02  ,1.910518619938e-04  ,2.154713022701e-04  
  1.892343618645e+02  ,1.910368829049e-04  ,2.154182970183e-04  
  1.896705921211e+02  ,1.910219174440e-04  ,2.153653701405e-04  
  1.901078279923e+02  ,1.910069655518e-04  ,2.153125215144e-04  
  1.905460717963e+02  ,1.909920271684e-04  ,2.152597510175e-04  
  1.909853258566e+02  ,1.909771022340e-04  ,2.152070585277e-04  
  1.914255925021e+02  ,1.909621906883e-04  ,2.151544439228e-04  
  1.918668740670e+02  ,1.909472924707e-04  ,2.151019070806e-04  
  1.923091728910e+02  ,1.909324075204e-04  ,2.150494478792e-04  
  1.927524913190e+02  ,1.909175357764e-04  ,2.149970661966e-04  
  1.931968317016e+02  ,1.909026771772e-04  ,2.149447619109e-04  
  1.936421963946e+02  ,1.908878316611e-04  ,2.148925349003e-04  
  1.940885877592e+02  ,1.908729991663e-04  ,2.148403850432e-04  
  1.945360081622e+02  ,1.908581796304e-04  ,2.147883122178e-04  
  1.949844599758e+02  ,1.908433729910e-04  ,2.147363163027e-04  
  1.954339455775e+02  ,1.908285791853e-04  ,2.146843971763e-04  
  1.958844673506e+02  ,1.908137981502e-04  ,2.146325547173e-04  
  1.963360276836e+02  ,1.907990298223e-04  ,2.145807888042e-04  
  1.967886289706e+02  ,1.907842741379e-04  ,2.145290993158e-04  
  1.972422736114e+02  ,1.907695310333e-04  ,2.144774861309e-04  
  1.976969640111e+02  ,1.907548004441e-04  ,2.144259491284e-04  
  1.981527025805e+02  ,1.907400823058e-04  ,2.143744881872e-04  
  1.986094917357e+02  ,1.907253765537e-04  ,2.143231031863e-04  
  1.990673338987e+02  ,1.907106831227e-04  ,2.142717940048e-04  
  1.995262314968e+02  ,1.906960019475e-04  ,2.142205605218e-04  
  1.999861869632e+02  ,1.906813329624e-04  ,2.141694026167e-04  
  2.004472027365e+02  ,1.906666761016e-04  ,2.141183201685e-04  
  2.009092812608e+02  ,1.906520312988e-04  ,2.140673130568e-04  
  2.013724249862e+02  ,1.906373984876e-04  ,2.140163811608e-04  
  2.018366363681e+02  ,1.906227776012e-04  ,2.139655243602e-04  
  2.023019178678e+02  ,1.906081685725e-04  ,2.139147425343e-04  
  2.027682719521e+02  ,1.905935713343e-04  ,2.138640355629e-04  
  2.032357010936e+02  ,1.905789858188e-04  ,2.138134033256e-04  
  2.037042077705e+02  ,1.905644119583e-04  ,2.137628457022e-04  
  2.041737944669e+02  ,1.905498496845e-04  ,2.137123625724e-04  
  2.046444636724e+02  ,1.905352989290e-04  ,2.136619538160e-04  
  2.051162178825e+02  ,1.905207596229e-04  ,2.136116193131e-04  
  2.055890595984e+02  ,1.905062316973e-04  ,2.135613589435e-04  
  2.060629913270e+02  ,1.904917150829e-04  ,2.135111725874e-04  
  2.065380155810e+02  ,1.904772097099e-04  ,2.134610601248e-04  
  2.070141348791e+02  ,1.904627155086e-04  ,2.134110214358e-04  
  2.074913517454e+02  ,1.904482324087e-04  ,2.133610564007e-04  
  2.079696687103e+02  ,1.904337603398e-04  ,2.133111648998e-04  
  2.084490883097e+02  ,1.904192992311e-04  ,2.132613468133e-04  
  2.089296130854e+02  ,1.904048490115e-04  ,2.132116020216e-04  
  2.094112455850e+02  ,1.903904096097e-04  ,2.131619304053e-04  
  2.098939883623e+02  ,1.903759809541e-04  ,2.131123318447e-04  
  2.103778439766e+02  ,1.903615629728e-04  ,2.130628062204e-04  
  2.108628149933e+02  ,1.903471555936e-04  ,2.130133534131e-04  
  2.113489039836e+02  ,1.903327587440e-04  ,2.129639733033e-04  
  2.118361135248e+02  ,1.903183723511e-04  ,2.129146657717e-04  
  2.123244462000e+02  ,1.903039963421e-04  ,2.128654306992e-04  
  2.128139045982e+02  ,1.902896306434e-04  ,2.128162679664e-04  
  2.133044913146e+02  ,1.902752751814e-04  ,2.127671774544e-04  
  2.137962089502e+02  ,1.902609298823e-04  ,2.127181590438e-04  
  2.142890601120e+02  ,1.902465946717e-04  ,2.126692126158e-04  
  2.147830474130e+02  ,1.902322694752e-04  ,2.126203380514e-04  
  2.152781734724e+02  ,1.902179542179e-04  ,2.125715352314e-04  
  2.157744409152e+02  ,1.902036488247e-04  ,2.125228040372e-04  
  2.162718523727e+02  ,1.901893532203e-04  ,2.124741443497e-04  
  2.167704104819e+02  ,1.901750673289e-04  ,2.124255560501e-04  
  2.172701178863e+02  ,1.901607910746e-04  ,2.123770390198e-04  
  2.177709772353e+02  ,1.901465243811e-04  ,2.123285931400e-04  
  2.182729911842e+02  ,1.901322671718e-04  ,2.122802182920e-04  
  2.187761623949e+02  ,1.901180193698e-04  ,2.122319143571e-04  
  2.192804935350e+02  ,1.901037808981e-04  ,2.121836812168e-04  
  2.197859872784e+02  ,1.900895516791e-04  ,2.121355187524e-04  
  2.202926463053e+02  ,1.900753316350e-04  ,2.120874268456e-04  
  2.208004733018e+02  ,1.900611206880e-04  ,2.120394053778e-04  
  2.213094709605e+02  ,1.900469187595e-04  ,2.119914542306e-04  
  2.218196419800e+02  ,1.900327257710e-04  ,2.119435732856e-04  
  2.223309890651e+02  ,1.900185416435e-04  ,2.118957624244e-04  
  2.228435149270e+02  ,1.900043662977e-04  ,2.118480215287e-04  
  2.233572222830e+02  ,1.899901996543e-04  ,2.118003504803e-04  
  2.238721138568e+02  ,1.899760416333e-04  ,2.117527491609e-04  
  2.243881923782e+02  ,1.899618921545e-04  ,2.117052174522e-04  
  2.249054605835e+02  ,1.899477511376e-04  ,2.116577552362e-04  
  2.254239212152e+02  ,1.899336185018e-04  ,2.116103623947e-04  
  2.259435770220e+02  ,1.899194941662e-04  ,2.115630388096e-04  
  2.264644307593e+02  ,1.899053780492e-04  ,2.115157843628e-04  
  2.269864851883e+02  ,1.898912700694e-04  ,2.114685989364e-04  
  2.275097430772e+02  ,1.898771701448e-04  ,2.114214824121e-04  
  2.280342072000e+02  ,1.898630781931e-04  ,2.113744346723e-04  
  2.285598803375e+02  ,1.898489941317e-04  ,2.113274555988e-04  
  2.290867652767e+02  ,1.898349178779e-04  ,2.112805450737e-04  
  2.296148648112e+02  ,1.898208493485e-04  ,2.112337029793e-04  
  2.301441817408e+02  ,1.898067884600e-04  ,2.111869291976e-04  
  2.306747188720e+02  ,1.897927351287e-04  ,2.111402236109e-04  
  2.312064790175e+02  ,1.897786892704e-04  ,2.110935861013e-04  
  2.317394649968e+02  ,1.897646508008e-04  ,2.110470165511e-04  
  2.322736796357e+02  ,1.897506196352e-04  ,2.110005148425e-04  
  2.328091257664e+02  ,1.897365956886e-04  ,2.109540808579e-04  
  2.333458062280e+02  ,1.897225788757e-04  ,2.109077144795e-04  
  2.338837238659e+02  ,1.897085691109e-04  ,2.108614155897e-04  
  2.344228815319e+02  ,1.896945663082e-04  ,2.108151840708e-04  
  2.349632820848e+02  ,1.896805703814e-04  ,2.107690198053e-04  
  2.355049283895e+02  ,1.896665812440e-04  ,2.107229226756e-04  
  2.360478233180e+02  ,1.896525988092e-04  ,2.106768925640e-04  
  2.365919697485e+02  ,1.896386229896e-04  ,2.106309293531e-04  
  2.371373705661e+02  ,1.896246536979e-04  ,2.105850329253e-04  
  2.376840286624e+02  ,1.896106908462e-04  ,2.105392031631e-04  
  2.382319469358e+02  ,1.895967343464e-04  ,2.104934399490e-04  
  2.387811282913e+02  ,1.895827841101e-04  ,2.104477431657e-04  
  2.393315756405e+02  ,1.895688400486e-04  ,2.104021126955e-04  
  2.398832919019e+02  ,1.895549020727e-04  ,2.103565484212e-04  
  2.404362800006e+02  ,1.895409700931e-04  ,2.103110502253e-04  
  2.409905428686e+02  ,1.895270440201e-04  ,2.102656179903e-04  
  2.415460834444e+02  ,1.895131237637e-04  ,2.102202515990e-04  
  2.421029046736e+02  ,1.894992092334e-04  ,2.101749509340e-04  
  2.426610095082e+02  ,1.894853003387e-04  ,2.101297158779e-04  
  2.432204009073e+02  ,1.894713969886e-04  ,2.100845463134e-04  
  2.437810818368e+02  ,1.894574990917e-04  ,2.100394421232e-04  
  2.443430552693e+02  ,1.894436065565e-04  ,2.099944031899e-04  
  2.449063241844e+02  ,1.894297192909e-04  ,2.099494293963e-04  
  2.454708915684e+02  ,1.894158372028e-04  ,2.099045206251e-04  
  2.460367604147e+02  ,1.894019601994e-04  ,2.098596767591e-04  
  2.466039337234e+02  ,1.893880881879e-04  ,2.098148976809e-04  
  2.471724145016e+02  ,1.893742210750e-04  ,2.097701832733e-04  
  2.477422057633e+02  ,1.893603587671e-04  ,2.097255334191e-04  
  2.483133105295e+02  ,1.893465011703e-04  ,2.096809480011e-04  
  2.488857318282e+02  ,1.893326481904e-04  ,2.096364269020e-04  
  2.494594726942e+02  ,1.893187997328e-04  ,2.095919700046e-04  
  2.500345361696e+02  ,1.893049557025e-04  ,2.095475771918e-04  
  2.506109253032e+02  ,1.892911160045e-04  ,2.095032483462e-04  
  2.511886431509e+02  ,1.892772805429e-04  ,2.094589833507e-04  
  2.517676927758e+02  ,1.892634492221e-04  ,2.094147820881e-04  
  2.523480772480e+02  ,1.892496219457e-04  ,2.093706444412e-04  
  2.529297996446e+02  ,1.892357986172e-04  ,2.093265702929e-04  
  2.535128630497e+02  ,1.892219791396e-04  ,2.092825595259e-04  
  2.540972705549e+02  ,1.892081634157e-04  ,2.092386120231e-04  
  2.546830252584e+02  ,1.891943513480e-04  ,2.091947276673e-04  
  2.552701302661e+02  ,1.891805428384e-04  ,2.091509063412e-04  
  2.558585886905e+02  ,1.891667377888e-04  ,2.091071479278e-04  
  2.564484036517e+02  ,1.891529361005e-04  ,2.090634523098e-04  
  2.570395782768e+02  ,1.891391376746e-04  ,2.090198193701e-04  
  2.576321157002e+02  ,1.891253424118e-04  ,2.089762489915e-04  
  2.582260190634e+02  ,1.891115502124e-04  ,2.089327410567e-04  
  2.588212915152e+02  ,1.890977609766e-04  ,2.088892954487e-04  
  2.594179362118e+02  ,1.890839746039e-04  ,2.088459120502e-04  
  2.600159563165e+02  ,1.890701909936e-04  ,2.088025907439e-04  
  2.606153549998e+02  ,1.890564100449e-04  ,2.087593314128e-04  
  2.612161354399e+02  ,1.890426316563e-04  ,2.087161339396e-04  
  2.618183008218e+02  ,1.890288557260e-04  ,2.086729982071e-04  
  2.624218543384e+02  ,1.890150821521e-04  ,2.086299240981e-04  
  2.630267991895e+02  ,1.890013108320e-04  ,2.085869114952e-04  
  2.636331385825e+02  ,1.889875416631e-04  ,2.085439602814e-04  
  2.642408757321e+02  ,1.889737745423e-04  ,2.085010703393e-04  
  2.648500138606e+02  ,1.889600093659e-04  ,2.084582415518e-04  
  2.654605561975e+02  ,1.889462460302e-04  ,2.084154738014e-04  
  2.660725059798e+02  ,1.889324844311e-04  ,2.083727669710e-04  
  2.666858664521e+02  ,1.889187244639e-04  ,2.083301209432e-04  
  2.673006408663e+02  ,1.889049660237e-04  ,2.082875356008e-04  
  2.679168324818e+02  ,1.888912090054e-04  ,2.082450108264e-04  
  2.685344445658e+02  ,1.888774533031e-04  ,2.082025465027e-04  
  2.691534803926e+02  ,1.888636988111e-04  ,2.081601425124e-04  
  2.697739432444e+02  ,1.888499454228e-04  ,2.081177987380e-04  
  2.703958364108e+02  ,1.888361930317e-04  ,2.080755150623e-04  
  2.710191631890e+02  ,1.888224415305e-04  ,2.080332913678e-04  
  2.716439268838e+02  ,1.888086908119e-04  ,2.079911275372e-04  
  2.722701308077e+02  ,1.887949407680e-04  ,2.079490234529e-04  
  2.728977782807e+02  ,1.887811912907e-04  ,2.079069789976e-04  
  2.735268726306e+02  ,1.887674422714e-04  ,2.078649940537e-04  
  2.741574171927e+02  ,1.887536936012e-04  ,2.078230685038e-04  
  2.747894153102e+02  ,1.887399451707e-04  ,2.077812022305e-04  
  2.754228703338e+02  ,1.887261968703e-04  ,2.077393951160e-04  
  2.760577856220e+02  ,1.887124485900e-04  ,2.076976470430e-04  
  2.766941645411e+02  ,1.886987002193e-04  ,2.076559578939e-04  
  2.773320104651e+02  ,1.886849516475e-04  ,2.076143275509e-04  
  2.779713267759e+02  ,1.886712027633e-04  ,2.075727558966e-04  
  2.786121168629e+02  ,1.886574534552e-04  ,2.075312428133e-04  
  2.792543841237e+02  ,1.886437036112e-04  ,2.074897881833e-04  
  2.798981319634e+02  ,1.886299531191e-04  ,2.074483918889e-04  
  2.805433637951e+02  ,1.886162018662e-04  ,2.074070538124e-04  
  2.811900830398e+02  ,1.886024497393e-04  ,2.073657738360e-04  
  2.818382931264e+02  ,1.885886966250e-04  ,2.073245518420e-04  
  2.824879974915e+02  ,1.885749424094e-04  ,2.072833877125e-04  
  2.831391995799e+02  ,1.885611869783e-04  ,2.072422813297e-04  
  2.837919028441e+02  ,1.885474302171e-04  ,2.072012325758e-04  
  2.844461107447e+02  ,1.885336720107e-04  ,2.071602413329e-04  
  2.851018267503e+02  ,1.885199122437e-04  ,2.071193074829e-04  
  2.857590543374e+02  ,1.885061508004e-04  ,2.070784309081e-04  
  2.864177969906e+02  ,1.884923875644e-04  ,2.070376114902e-04  
  2.870780582024e+02  ,1.884786224192e-04  ,2.069968491114e-04  
  2.877398414735e+02  ,1.884648552479e-04  ,2.069561436536e-04  
  2.884031503126e+02  ,1.884510859330e-04  ,2.069154949986e-04  
  2.890679882365e+02  ,1.884373143567e-04  ,2.068749030284e-04  
  2.897343587701e+02  ,1.884235404009e-04  ,2.068343676247e-04  
  2.904022654464e+02  ,1.884097639469e-04  ,2.067938886694e-04  
  2.910717118066e+02  ,1.883959848758e-04  ,2.067534660441e-04  
  2.917427014000e+02  ,1.883822030681e-04  ,2.067130996307e-04  
  2.924152377843e+02  ,1.883684184040e-04  ,2.066727893108e-04  
  2.930893245250e+02  ,1.883546307634e-04  ,2.066325349659e-04  
  2.937649651961e+02  ,1.883408400256e-04  ,2.065923364778e-04  
  2.944421633798e+02  ,1.883270460696e-04  ,2.065521937279e-04  
  2.951209226666e+02  ,1.883132487739e-04  ,2.065121065978e-04  
  2.958012466551e+02  ,1.882994480167e-04  ,2.064720749689e-04  
  2.964831389524e+02  ,1.882856436756e-04  ,2.064320987227e-04  
  2.971666031737e+02  ,1.882718356281e-04  ,2.063921777405e-04  
  2.978516429428e+02  ,1.882580237510e-04  ,2.063523119037e-04  
  2.985382618917e+02  ,1.882442079207e-04  ,2.063125010935e-04  
  2.992264636607e+02  ,1.882303880134e-04  ,2.062727451911e-04  
  2.999162518987e+02  ,1.882165639047e-04  ,2.062330440778e-04  
  3.006076302628e+02  ,1.882027354697e-04  ,2.061933976348e-04  
  3.013006024185e+02  ,1.881889025834e-04  ,2.061538057430e-04  
  3.019951720401e+02  ,1.881750651199e-04  ,2.061142682836e-04  
  3.026913428101e+02  ,1.881612229534e-04  ,2.060747851375e-04  
  3.033891184194e+02  ,1.881473759572e-04  ,2.060353561856e-04  
  3.040885025676e+02  ,1.881335240045e-04  ,2.059959813089e-04  
  3.047894989627e+02  ,1.881196669678e-04  ,2.059566603882e-04  
  3.054921113215e+02  ,1.881058047195e-04  ,2.059173933043e-04  
  3.061963433690e+02  ,1.880919371313e-04  ,2.058781799379e-04  
  3.069021988390e+02  ,1.880780640745e-04  ,2.058390201696e-04  
  3.076096814740e+02  ,1.880641854201e-04  ,2.057999138802e-04  
  3.083187950249e+02  ,1.880503010384e-04  ,2.057608609500e-04  
  3.090295432513e+02  ,1.880364107996e-04  ,2.057218612598e-04  
  3.097419299216e+02  ,1.880225145732e-04  ,2.056829146898e-04  
  3.104559588128e+02  ,1.880086122283e-04  ,2.056440211204e-04  
  3.111716337105e+02  ,1.879947036337e-04  ,2.056051804321e-04  
  3.118889584093e+02  ,1.879807886576e-04  ,2.055663925050e-04  
  3.126079367123e+02  ,1.879668671677e-04  ,2.055276572194e-04  
  3.133285724315e+02  ,1.879529390314e-04  ,2.054889744554e-04  
  3.140508693875e+02  ,1.879390041157e-04  ,2.054503440931e-04  
  3.147748314101e+02  ,1.879250622870e-04  ,2.054117660125e-04  
  3.155004623374e+02  ,1.879111134112e-04  ,2.053732400935e-04  
  3.162277660168e+02  ,1.878971573538e-04  ,2.053347662161e-04  
  3.169567463043e+02  ,1.878831939801e-04  ,2.052963442600e-04  
  3.176874070649e+02  ,1.878692231544e-04  ,2.052579741049e-04  
  3.184197521725e+02  ,1.878552447412e-04  ,2.052196556307e-04  
  3.191537855100e+02  ,1.878412586039e-04  ,2.051813887169e-04  
  3.198895109691e+02  ,1.878272646058e-04  ,2.051431732430e-04  
  3.206269324505e+02  ,1.878132626097e-04  ,2.051050090886e-04  
  3.213660538640e+02  ,1.877992524780e-04  ,2.050668961330e-04  
  3.221068791283e+02  ,1.877852340723e-04  ,2.050288342555e-04  
  3.228494121712e+02  ,1.877712072540e-04  ,2.049908233355e-04  
  3.235936569295e+02  ,1.877571718841e-04  ,2.049528632521e-04  
  3.243396173493e+02  ,1.877431278229e-04  ,2.049149538844e-04  
  3.250872973854e+02  ,1.877290749303e-04  ,2.048770951115e-04  
  3.258367010019e+02  ,1.877150130658e-04  ,2.048392868124e-04  
  3.265878321723e+02  ,1.877009420884e-04  ,2.048015288658e-04  
  3.273406948788e+02  ,1.876868618565e-04  ,2.047638211508e-04  
  3.280952931130e+02  ,1.876727722282e-04  ,2.047261635459e-04  
  3.288516308759e+02  ,1.876586730609e-04  ,2.046885559298e-04  
  3.296097121774e+02  ,1.876445642117e-04  ,2.046509981811e-04  
  3.303695410367e+02  ,1.876304455372e-04  ,2.046134901783e-04  
  3.311311214825e+02  ,1.876163168933e-04  ,2.045760317999e-04  
  3.318944575525e+02  ,1.876021781357e-04  ,2.045386229241e-04  
  3.326595532939e+02  ,1.875880291194e-04  ,2.045012634292e-04  
  3.334264127632e+02  ,1.875738696989e-04  ,2.044639531934e-04  
  3.341950400260e+02  ,1.875596997284e-04  ,2.044266920947e-04  
  3.349654391577e+02  ,1.875455190614e-04  ,2.043894800111e-04  
  3.357376142429e+02  ,1.875313275510e-04  ,2.043523168206e-04  
  3.365115693754e+02  ,1.875171250498e-04  ,2.043152024010e-04  
  3.372873086588e+02  ,1.875029114098e-04  ,2.042781366300e-04  
  3.380648362059e+02  ,1.874886864825e-04  ,2.042411193852e-04  
  3.388441561391e+02  ,1.874744501191e-04  ,2.042041505443e-04  
  3.396252725903e+02  ,1.874602021701e-04  ,2.041672299846e-04  
  3.404081897009e+02  ,1.874459424855e-04  ,2.041303575836e-04  
  3.411929116218e+02  ,1.874316709147e-04  ,2.040935332186e-04  
  3.419794425136e+02  ,1.874173873069e-04  ,2.040567567666e-04  
  3.427677865464e+02  ,1.874030915104e-04  ,2.040200281049e-04  
  3.435579478998e+02  ,1.873887833733e-04  ,2.039833471104e-04  
  3.443499307633e+02  ,1.873744627430e-04  ,2.039467136601e-04  
  3.451437393358e+02  ,1.873601294664e-04  ,2.039101276307e-04  
  3.459393778260e+02  ,1.873457833899e-04  ,2.038735888989e-04  
  3.467368504524e+02  ,1.873314243593e-04  ,2.038370973415e-04  
  3.475361614431e+02  ,1.873170522200e-04  ,2.038006528348e-04  
  3.483373150359e+02  ,1.873026668168e-04  ,2.037642552553e-04  
  3.491403154785e+02  ,1.872882679939e-04  ,2.037279044793e-04  
  3.499451670283e+02  ,1.872738555951e-04  ,2.036916003831e-04  
  3.507518739525e+02  ,1.872594294637e-04  ,2.036553428427e-04  
  3.515604405282e+02  ,1.872449894421e-04  ,2.036191317341e-04  
  3.523708710424e+02  ,1.872305353727e-04  ,2.035829669334e-04  
  3.531831697919e+02  ,1.872160670969e-04  ,2.035468483161e-04  
  3.539973410833e+02  ,1.872015844557e-04  ,2.035107757582e-04  
  3.548133892335e+02  ,1.871870872897e-04  ,2.034747491350e-04  
  3.556313185689e+02  ,1.871725754388e-04  ,2.034387683222e-04  
  3.564511334262e+02  ,1.871580487424e-04  ,2.034028331950e-04  
  3.572728381518e+02  ,1.871435070393e-04  ,2.033669436288e-04  
  3.580964371025e+02  ,1.871289501678e-04  ,2.033310994987e-04  
  3.589219346449e+02  ,1.871143779655e-04  ,2.032953006798e-04  
  3.597493351557e+02  ,1.870997902698e-04  ,2.032595470468e-04  
  3.605786430216e+02  ,1.870851869171e-04  ,2.032238384748e-04  
  3.614098626395e+02  ,1.870705677436e-04  ,2.031881748383e-04  
  3.622429984166e+02  ,1.870559325846e-04  ,2.031525560120e-04  
  3.630780547700e+02  ,1.870412812751e-04  ,2.031169818703e-04  
  3.639150361271e+02  ,1.870266136494e-04  ,2.030814522876e-04  
  3.647539469255e+02  ,1.870119295413e-04  ,2.030459671381e-04  
  3.655947916130e+02  ,1.869972287840e-04  ,2.030105262959e-04  
  3.664375746477e+02  ,1.869825112101e-04  ,2.029751296350e-04  
  3.672823004980e+02  ,1.869677766517e-04  ,2.029397770293e-04  
  3.681289736424e+02  ,1.869530249401e-04  ,2.029044683526e-04  
  3.689775985701e+02  ,1.869382559064e-04  ,2.028692034785e-04  
  3.698281797802e+02  ,1.869234693807e-04  ,2.028339822804e-04  
  3.706807217825e+02  ,1.869086651928e-04  ,2.027988046319e-04  
  3.715352290971e+02  ,1.868938431718e-04  ,2.027636704060e-04  
  3.723917062545e+02  ,1.868790031462e-04  ,2.027285794761e-04  
  3.732501577956e+02  ,1.868641449440e-04  ,2.026935317150e-04  
  3.741105882720e+02  ,1.868492683926e-04  ,2.026585269956e-04  
  3.749730022454e+02  ,1.868343733186e-04  ,2.026235651908e-04  
  3.758374042884e+02  ,1.868194595482e-04  ,2.025886461731e-04  
  3.767037989838e+02  ,1.868045269070e-04  ,2.025537698149e-04  
  3.775721909253e+02  ,1.867895752199e-04  ,2.025189359888e-04  
  3.784425847170e+02  ,1.867746043113e-04  ,2.024841445668e-04  
  3.793149849736e+02  ,1.867596140048e-04  ,2.024493954212e-04  
  3.801893963205e+02  ,1.867446041237e-04  ,2.024146884237e-04  
  3.810658233937e+02  ,1.867295744904e-04  ,2.023800234463e-04  
  3.819442708400e+02  ,1.867145249268e-04  ,2.023454003607e-04  
  3.828247433167e+02  ,1.866994552542e-04  ,2.023108190384e-04  
  3.837072454922e+02  ,1.866843652932e-04  ,2.022762793507e-04  
  3.845917820453e+02  ,1.866692548639e-04  ,2.022417811690e-04  
  3.854783576657e+02  ,1.866541237858e-04  ,2.022073243644e-04  
  3.863669770540e+02  ,1.866389718775e-04  ,2.021729088079e-04  
  3.872576449215e+02  ,1.866237989574e-04  ,2.021385343703e-04  
  3.881503659906e+02  ,1.866086048428e-04  ,2.021042009224e-04  
  3.890451449942e+02  ,1.865933893507e-04  ,2.020699083346e-04  
  3.899419866764e+02  ,1.865781522975e-04  ,2.020356564774e-04  
  3.908408957923e+02  ,1.865628934986e-04  ,2.020014452210e-04  
  3.917418771077e+02  ,1.865476127691e-04  ,2.019672744357e-04  
  3.926449353995e+02  ,1.865323099234e-04  ,2.019331439913e-04  
  3.935500754557e+02  ,1.865169847751e-04  ,2.018990537576e-04  
  3.944573020752e+02  ,1.865016371374e-04  ,2.018650036044e-04  
  3.953666200680e+02  ,1.864862668226e-04  ,2.018309934011e-04  
  3.962780342553e+02  ,1.864708736425e-04  ,2.017970230171e-04  
  3.971915494693e+02  ,1.864554574082e-04  ,2.017630923217e-04  
  3.981071705534e+02  ,1.864400179301e-04  ,2.017292011838e-04  
  3.990249023620e+02  ,1.864245550182e-04  ,2.016953494725e-04  
  3.999447497610e+02  ,1.864090684814e-04  ,2.016615370563e-04  
  4.008667176272e+02  ,1.863935581283e-04  ,2.016277638040e-04  
  4.017908108488e+02  ,1.863780237666e-04  ,2.015940295840e-04  
  4.027170343254e+02  ,1.863624652036e-04  ,2.015603342644e-04  
  4.036453929675e+02  ,1.863468822457e-04  ,2.015266777135e-04  
  4.045758916973e+02  ,1.863312746987e-04  ,2.014930597992e-04  
  4.055085354483e+02  ,1.863156423677e-04  ,2.014594803892e-04  
  4.064433291651e+02  ,1.862999850572e-04  ,2.014259393512e-04  
  4.073802778040e+02  ,1.862843025710e-04  ,2.013924365527e-04  
  4.083193863326e+02  ,1.862685947121e-04  ,2.013589718609e-04  
  4.092606597299e+02  ,1.862528612829e-04  ,2.013255451429e-04  
  4.102041029865e+02  ,1.862371020853e-04  ,2.012921562658e-04  
  4.111497211044e+02  ,1.862213169201e-04  ,2.012588050962e-04  
  4.120975190972e+02  ,1.862055055877e-04  ,2.012254915009e-04  
  4.130475019901e+02  ,1.861896678879e-04  ,2.011922153462e-04  
  4.139996748196e+02  ,1.861738036195e-04  ,2.011589764985e-04  
  4.149540426343e+02  ,1.861579125808e-04  ,2.011257748238e-04  
  4.159106104939e+02  ,1.861419945693e-04  ,2.010926101881e-04  
  4.168693834702e+02  ,1.861260493820e-04  ,2.010594824571e-04  
  4.178303666465e+02  ,1.861100768149e-04  ,2.010263914964e-04  
  4.187935651178e+02  ,1.860940766635e-04  ,2.009933371714e-04  
  4.197589839909e+02  ,1.860780487224e-04  ,2.009603193473e-04  
  4.207266283843e+02  ,1.860619927858e-04  ,2.009273378892e-04  
  4.216965034285e+02  ,1.860459086469e-04  ,2.008943926618e-04  
  4.226686142655e+02  ,1.860297960983e-04  ,2.008614835300e-04  
  4.236429660494e+02  ,1.860136549318e-04  ,2.008286103581e-04  
  4.246195639462e+02  ,1.859974849386e-04  ,2.007957730106e-04  
  4.255984131336e+02  ,1.859812859090e-04  ,2.007629713514e-04  
  4.265795188015e+02  ,1.859650576329e-04  ,2.007302052446e-04  
  4.275628861515e+02  ,1.859487998990e-04  ,2.006974745540e-04  
  4.285485203973e+02  ,1.859325124957e-04  ,2.006647791429e-04  
  4.295364267648e+02  ,1.859161952103e-04  ,2.006321188750e-04  
  4.305266104916e+02  ,1.858998478297e-04  ,2.005994936133e-04  
  4.315190768277e+02  ,1.858834701398e-04  ,2.005669032207e-04  
  4.325138310349e+02  ,1.858670619260e-04  ,2.005343475603e-04  
  4.335108783874e+02  ,1.858506229726e-04  ,2.005018264944e-04  
  4.345102241715e+02  ,1.858341530635e-04  ,2.004693398856e-04  
  4.355118736855e+02  ,1.858176519817e-04  ,2.004368875960e-04  
  4.365158322401e+02  ,1.858011195094e-04  ,2.004044694877e-04  
  4.375221051581e+02  ,1.857845554282e-04  ,2.003720854225e-04  
  4.385306977749e+02  ,1.857679595187e-04  ,2.003397352620e-04  
  4.395416154377e+02  ,1.857513315609e-04  ,2.003074188676e-04  
  4.405548635064e+02  ,1.857346713342e-04  ,2.002751361006e-04  
  4.415704473532e+02  ,1.857179786168e-04  ,2.002428868219e-04  
  4.425883723625e+02  ,1.857012531866e-04  ,2.002106708924e-04  
  4.436086439313e+02  ,1.856844948203e-04  ,2.001784881726e-04  
  4.446312674690e+02  ,1.856677032942e-04  ,2.001463385230e-04  
  4.456562483974e+02  ,1.856508783835e-04  ,2.001142218038e-04  
  4.466835921509e+02  ,1.856340198630e-04  ,2.000821378749e-04  
  4.477133041763e+02  ,1.856171275062e-04  ,2.000500865961e-04  
  4.487453899330e+02  ,1.856002010864e-04  ,2.000180678270e-04  
  4.497798548932e+02  ,1.855832403756e-04  ,1.999860814269e-04  
  4.508167045413e+02  ,1.855662451453e-04  ,1.999541272549e-04  
  4.518559443748e+02  ,1.855492151662e-04  ,1.999222051701e-04  
  4.528975799035e+02  ,1.855321502081e-04  ,1.998903150310e-04  
  4.539416166501e+02  ,1.855150500400e-04  ,1.998584566961e-04  
  4.549880601499e+02  ,1.854979144302e-04  ,1.998266300238e-04  
  4.560369159512e+02  ,1.854807431460e-04  ,1.997948348721e-04  
  4.570881896148e+02  ,1.854635359543e-04  ,1.997630710988e-04  
  4.581418867144e+02  ,1.854462926207e-04  ,1.997313385615e-04  
  4.591980128368e+02  ,1.854290129103e-04  ,1.996996371177e-04  
  4.602565735812e+02  ,1.854116965872e-04  ,1.996679666244e-04  
  4.613175745603e+02  ,1.853943434149e-04  ,1.996363269386e-04  
  4.623810213991e+02  ,1.853769531559e-04  ,1.996047179171e-04  
  4.634469197362e+02  ,1.853595255720e-04  ,1.995731394162e-04  
  4.645152752226e+02  ,1.853420604240e-04  ,1.995415912924e-04  
  4.655860935228e+02  ,1.853245574721e-04  ,1.995100734015e-04  
  4.666593803142e+02  ,1.853070164755e-04  ,1.994785855993e-04  
  4.677351412871e+02  ,1.852894371926e-04  ,1.994471277416e-04  
  4.688133821451e+02  ,1.852718193810e-04  ,1.994156996835e-04  
  4.698941086051e+02  ,1.852541627975e-04  ,1.993843012801e-04  
  4.709773263968e+02  ,1.852364671979e-04  ,1.993529323864e-04  
  4.720630412635e+02  ,1.852187323374e-04  ,1.993215928569e-04  
  4.731512589614e+02  ,1.852009579701e-04  ,1.992902825460e-04  
  4.742419852601e+02  ,1.851831438494e-04  ,1.992590013079e-04  
  4.753352259427e+02  ,1.851652897279e-04  ,1.992277489965e-04  
  4.764309868053e+02  ,1.851473953571e-04  ,1.991965254654e-04  
  4.775292736576e+02  ,1.851294604878e-04  ,1.991653305680e-04  
  4.786300923225e+02  ,1.851114848701e-04  ,1.991341641575e-04  
  4.797334486366e+02  ,1.850934682530e-04  ,1.991030260869e-04  
  4.808393484496e+02  ,1.850754103847e-04  ,1.990719162088e-04  
  4.819477976250e+02  ,1.850573110126e-04  ,1.990408343756e-04  
  4.830588020397e+02  ,1.850391698831e-04  ,1.990097804395e-04  
  4.841723675840e+02  ,1.850209867418e-04  ,1.989787542525e-04  
  4.852885001620e+02  ,1.850027613334e-04  ,1.989477556662e-04  
  4.864072056913e+02  ,1.849844934018e-04  ,1.989167845321e-04  
  4.875284901033e+02  ,1.849661826899e-04  ,1.988858407013e-04  
  4.886523593427e+02  ,1.849478289399e-04  ,1.988549240247e-04  
  4.897788193683e+02  ,1.849294318929e-04  ,1.988240343530e-04  
  4.909078761525e+02  ,1.849109912891e-04  ,1.987931715367e-04  
  4.920395356813e+02  ,1.848925068681e-04  ,1.987623354257e-04  
  4.931738039548e+02  ,1.848739783682e-04  ,1.987315258701e-04  
  4.943106869867e+02  ,1.848554055272e-04  ,1.987007427194e-04  
  4.954501908047e+02  ,1.848367880817e-04  ,1.986699858230e-04  
  4.965923214502e+02  ,1.848181257675e-04  ,1.986392550299e-04  
  4.977370849788e+02  ,1.847994183195e-04  ,1.986085501891e-04  
  4.988844874599e+02  ,1.847806654717e-04  ,1.985778711489e-04  
  5.000345349769e+02  ,1.847618669572e-04  ,1.985472177579e-04  
  5.011872336271e+02  ,1.847430225081e-04  ,1.985165898638e-04  
  5.023425895223e+02  ,1.847241318556e-04  ,1.984859873146e-04  
  5.035006087878e+02  ,1.847051947301e-04  ,1.984554099576e-04  
  5.046612975634e+02  ,1.846862108610e-04  ,1.984248576401e-04  
  5.058246620030e+02  ,1.846671799768e-04  ,1.983943302090e-04  
  5.069907082746e+02  ,1.846481018049e-04  ,1.983638275110e-04  
  5.081594425604e+02  ,1.846289760720e-04  ,1.983333493923e-04  
  5.093308710571e+02  ,1.846098025037e-04  ,1.983028956992e-04  
  5.105049999753e+02  ,1.845905808248e-04  ,1.982724662774e-04  
  5.116818355402e+02  ,1.845713107591e-04  ,1.982420609724e-04  
  5.128613839912e+02  ,1.845519920294e-04  ,1.982116796295e-04  
  5.140436515823e+02  ,1.845326243576e-04  ,1.981813220937e-04  
  5.152286445816e+02  ,1.845132074648e-04  ,1.981509882097e-04  
  5.164163692719e+02  ,1.844937410708e-04  ,1.981206778217e-04  
  5.176068319504e+02  ,1.844742248947e-04  ,1.980903907740e-04  
  5.188000389288e+02  ,1.844546586547e-04  ,1.980601269104e-04  
  5.199959965334e+02  ,1.844350420678e-04  ,1.980298860743e-04  
  5.211947111049e+02  ,1.844153748502e-04  ,1.979996681090e-04  
  5.223961889990e+02  ,1.843956567172e-04  ,1.979694728575e-04  
  5.236004365856e+02  ,1.843758873829e-04  ,1.979393001624e-04  
  5.248074602496e+02  ,1.843560665607e-04  ,1.979091498660e-04  
  5.260172663906e+02  ,1.843361939627e-04  ,1.978790218103e-04  
  5.272298614227e+02  ,1.843162693005e-04  ,1.978489158373e-04  
  5.284452517750e+02  ,1.842962922842e-04  ,1.978188317882e-04  
  5.296634438915e+02  ,1.842762626232e-04  ,1.977887695043e-04  
  5.308844442309e+02  ,1.842561800259e-04  ,1.977587288263e-04  
  5.321082592667e+02  ,1.842360441997e-04  ,1.977287095949e-04  
  5.333348954875e+02  ,1.842158548509e-04  ,1.976987116503e-04  
  5.345643593968e+02  ,1.841956116851e-04  ,1.976687348323e-04  
  5.357966575132e+02  ,1.841753144065e-04  ,1.976387789807e-04  
  5.370317963701e+02  ,1.841549627186e-04  ,1.976088439348e-04  
  5.382697825162e+02  ,1.841345563237e-04  ,1.975789295334e-04  
  5.395106225150e+02  ,1.841140949234e-04  ,1.975490356155e-04  
  5.407543229454e+02  ,1.840935782179e-04  ,1.975191620192e-04  
  5.420008904015e+02  ,1.840730059066e-04  ,1.974893085828e-04  
  5.432503314923e+02  ,1.840523776880e-04  ,1.974594751438e-04  
  5.445026528423e+02  ,1.840316932594e-04  ,1.974296615399e-04  
  5.457578610911e+02  ,1.840109523171e-04  ,1.973998676080e-04  
  5.470159628938e+02  ,1.839901545565e-04  ,1.973700931849e-04  
  5.482769649207e+02  ,1.839692996718e-04  ,1.973403381072e-04  
  5.495408738575e+02  ,1.839483873563e-04  ,1.973106022110e-04  
  5.508076964053e+02  ,1.839274173022e-04  ,1.972808853321e-04  
  5.520774392806e+02  ,1.839063892008e-04  ,1.972511873059e-04  
  5.533501092156e+02  ,1.838853027423e-04  ,1.972215079678e-04  
  5.546257129578e+02  ,1.838641576157e-04  ,1.971918471524e-04  
  5.559042572703e+02  ,1.838429535092e-04  ,1.971622046944e-04  
  5.571857489318e+02  ,1.838216901098e-04  ,1.971325804279e-04  
  5.584701947367e+02  ,1.838003671036e-04  ,1.971029741867e-04  
  5.597576014950e+02  ,1.837789841755e-04  ,1.970733858043e-04  
  5.610479760323e+02  ,1.837575410095e-04  ,1.970438151140e-04  
  5.623413251902e+02  ,1.837360372883e-04  ,1.970142619486e-04  
  5.636376558258e+02  ,1.837144726939e-04  ,1.969847261406e-04  
  5.649369748122e+02  ,1.836928469069e-04  ,1.969552075221e-04  
  5.662392890381e+02  ,1.836711596070e-04  ,1.969257059249e-04  
  5.675446054084e+02  ,1.836494104730e-04  ,1.968962211806e-04  
  5.688529308437e+02  ,1.836275991823e-04  ,1.968667531203e-04  
  5.701642722806e+02  ,1.836057254114e-04  ,1.968373015747e-04  
  5.714786366717e+02  ,1.835837888357e-04  ,1.968078663744e-04  
  5.727960309857e+02  ,1.835617891297e-04  ,1.967784473494e-04  
  5.741164622072e+02  ,1.835397259666e-04  ,1.967490443294e-04  
  5.754399373370e+02  ,1.835175990185e-04  ,1.967196571439e-04  
  5.767664633921e+02  ,1.834954079566e-04  ,1.966902856219e-04  
  5.780960474056e+02  ,1.834731524509e-04  ,1.966609295921e-04  
  5.794286964267e+02  ,1.834508321703e-04  ,1.966315888828e-04  
  5.807644175212e+02  ,1.834284467828e-04  ,1.966022633221e-04  
  5.821032177707e+02  ,1.834059959550e-04  ,1.965729527374e-04  
  5.834451042736e+02  ,1.833834793526e-04  ,1.965436569562e-04  
  5.847900841443e+02  ,1.833608966402e-04  ,1.965143758052e-04  
  5.861381645139e+02  ,1.833382474812e-04  ,1.964851091111e-04  
  5.874893525296e+02  ,1.833155315381e-04  ,1.964558567000e-04  
  5.888436553554e+02  ,1.832927484721e-04  ,1.964266183977e-04  
  5.902010801717e+02  ,1.832698979433e-04  ,1.963973940297e-04  
  5.915616341753e+02  ,1.832469796107e-04  ,1.963681834211e-04  
  5.929253245798e+02  ,1.832239931324e-04  ,1.963389863965e-04  
  5.942921586154e+02  ,1.832009381651e-04  ,1.963098027803e-04  
  5.956621435289e+02  ,1.831778143646e-04  ,1.962806323965e-04  
  5.970352865837e+02  ,1.831546213853e-04  ,1.962514750687e-04  
  5.984115950602e+02  ,1.831313588809e-04  ,1.962223306200e-04  
  5.997910762554e+02  ,1.831080265035e-04  ,1.961931988734e-04  
  6.011737374831e+02  ,1.830846239045e-04  ,1.961640796512e-04  
  6.025595860742e+02  ,1.830611507338e-04  ,1.961349727757e-04  
  6.039486293762e+02  ,1.830376066405e-04  ,1.961058780684e-04  
  6.053408747538e+02  ,1.830139912723e-04  ,1.960767953508e-04  
  6.067363295884e+02  ,1.829903042759e-04  ,1.960477244437e-04  
  6.081350012786e+02  ,1.829665452969e-04  ,1.960186651677e-04  
  6.095368972400e+02  ,1.829427139797e-04  ,1.959896173431e-04  
  6.109420249054e+02  ,1.829188099674e-04  ,1.959605807895e-04  
  6.123503917246e+02  ,1.828948329023e-04  ,1.959315553264e-04  
  6.137620051646e+02  ,1.828707824253e-04  ,1.959025407727e-04  
  6.151768727097e+02  ,1.828466581761e-04  ,1.958735369472e-04  
  6.165950018613e+02  ,1.828224597934e-04  ,1.958445436679e-04  
  6.180164001383e+02  ,1.827981869148e-04  ,1.958155607529e-04  
  6.194410750766e+02  ,1.827738391765e-04  ,1.957865880193e-04  
  6.208690342299e+02  ,1.827494162138e-04  ,1.957576252844e-04  
  6.223002851690e+02  ,1.827249176607e-04  ,1.957286723648e-04  
  6.237348354823e+02  ,1.827003431500e-04  ,1.956997290766e-04  
  6.251726927755e+02  ,1.826756923134e-04  ,1.956707952357e-04  
  6.266138646722e+02  ,1.826509647814e-04  ,1.956418706576e-04  
  6.280583588132e+02  ,1.826261601834e-04  ,1.956129551573e-04  
  6.295061828570e+02  ,1.826012781475e-04  ,1.955840485493e-04  
  6.309573444800e+02  ,1.825763183008e-04  ,1.955551506479e-04  
  6.324118513761e+02  ,1.825512802691e-04  ,1.955262612670e-04  
  6.338697112568e+02  ,1.825261636770e-04  ,1.954973802199e-04  
  6.353309318516e+02  ,1.825009681479e-04  ,1.954685073195e-04  
  6.367955209078e+02  ,1.824756933042e-04  ,1.954396423785e-04  
  6.382634861904e+02  ,1.824503387670e-04  ,1.954107852091e-04  
  6.397348354825e+02  ,1.824249041560e-04  ,1.953819356229e-04  
  6.412095765850e+02  ,1.823993890902e-04  ,1.953530934312e-04  
  6.426877173169e+02  ,1.823737931869e-04  ,1.953242584451e-04  
  6.441692655150e+02  ,1.823481160625e-04  ,1.952954304750e-04  
  6.456542290345e+02  ,1.823223573322e-04  ,1.952666093308e-04  
  6.471426157484e+02  ,1.822965166098e-04  ,1.952377948224e-04  
  6.486344335481e+02  ,1.822705935082e-04  ,1.952089867589e-04  
  6.501296903429e+02  ,1.822445876387e-04  ,1.951801849490e-04  
  6.516283940607e+02  ,1.822184986118e-04  ,1.951513892013e-04  
  6.531305526473e+02  ,1.821923260366e-04  ,1.951225993235e-04  
  6.546361740671e+02  ,1.821660695210e-04  ,1.950938151232e-04  
  6.561452663027e+02  ,1.821397286717e-04  ,1.950650364075e-04  
  6.576578373553e+02  ,1.821133030942e-04  ,1.950362629830e-04  
  6.591738952442e+02  ,1.820867923927e-04  ,1.950074946560e-04  
  6.606934480074e+02  ,1.820601961703e-04  ,1.949787312322e-04  
  6.622165037016e+02  ,1.820335140289e-04  ,1.949499725169e-04  
  6.637430704017e+02  ,1.820067455692e-04  ,1.949212183151e-04  
  6.652731562016e+02  ,1.819798903904e-04  ,1.948924684312e-04  
  6.668067692134e+02  ,1.819529480908e-04  ,1.948637226692e-04  
  6.683439175684e+02  ,1.819259182674e-04  ,1.948349808327e-04  
  6.698846094164e+02  ,1.818988005159e-04  ,1.948062427249e-04  
  6.714288529258e+02  ,1.818715944307e-04  ,1.947775081484e-04  
  6.729766562841e+02  ,1.818442996053e-04  ,1.947487769054e-04  
  6.745280276977e+02  ,1.818169156316e-04  ,1.947200487979e-04  
  6.760829753918e+02  ,1.817894421004e-04  ,1.946913236270e-04  
  6.776415076105e+02  ,1.817618786013e-04  ,1.946626011938e-04  
  6.792036326170e+02  ,1.817342247227e-04  ,1.946338812986e-04  
  6.807693586936e+02  ,1.817064800518e-04  ,1.946051637415e-04  
  6.823386941415e+02  ,1.816786441743e-04  ,1.945764483220e-04  
  6.839116472813e+02  ,1.816507166748e-04  ,1.945477348391e-04  
  6.854882264525e+02  ,1.816226971369e-04  ,1.945190230915e-04  
  6.870684400141e+02  ,1.815945851426e-04  ,1.944903128774e-04  
  6.886522963441e+02  ,1.815663802729e-04  ,1.944616039944e-04  
  6.902398038401e+02  ,1.815380821074e-04  ,1.944328962398e-04  
  6.918309709188e+02  ,1.815096902245e-04  ,1.944041894104e-04  
  6.934258060164e+02  ,1.814812042014e-04  ,1.943754833025e-04  
  6.950243175886e+02  ,1.814526236140e-04  ,1.943467777119e-04  
  6.966265141106e+02  ,1.814239480370e-04  ,1.943180724341e-04  
  6.982324040770e+02  ,1.813951770438e-04  ,1.942893672639e-04  
  6.998419960021e+02  ,1.813663102066e-04  ,1.942606619958e-04  
  7.014552984198e+02  ,1.813373470962e-04  ,1.942319564237e-04  
  7.030723198837e+02  ,1.813082872823e-04  ,1.942032503413e-04  
  7.046930689670e+02  ,1.812791303334e-04  ,1.941745435414e-04  
  7.063175542628e+02  ,1.812498758166e-04  ,1.941458358167e-04  
  7.079457843840e+02  ,1.812205232976e-04  ,1.941171269592e-04  
  7.095777679632e+02  ,1.811910723413e-04  ,1.940884167606e-04  
  7.112135136531e+02  ,1.811615225108e-04  ,1.940597050119e-04  
  7.128530301263e+02  ,1.811318733684e-04  ,1.940309915039e-04  
  7.144963260753e+02  ,1.811021244749e-04  ,1.940022760266e-04  
  7.161434102127e+02  ,1.810722753898e-04  ,1.939735583697e-04  
  7.177942912712e+02  ,1.810423256714e-04  ,1.939448383225e-04  
  7.194489780035e+02  ,1.810122748769e-04  ,1.939161156737e-04  
  7.211074791827e+02  ,1.809821225619e-04  ,1.938873902114e-04  
  7.227698036020e+02  ,1.809518682810e-04  ,1.938586617234e-04  
  7.244359600748e+02  ,1.809215115875e-04  ,1.938299299971e-04  
  7.261059574350e+02  ,1.808910520332e-04  ,1.938011948190e-04  
  7.277798045366e+02  ,1.808604891690e-04  ,1.937724559755e-04  
  7.294575102544e+02  ,1.808298225442e-04  ,1.937437132524e-04  
  7.311390834832e+02  ,1.807990517071e-04  ,1.937149664349e-04  
  7.328245331387e+02  ,1.807681762045e-04  ,1.936862153078e-04  
  7.345138681569e+02  ,1.807371955820e-04  ,1.936574596555e-04  
  7.362070974945e+02  ,1.807061093841e-04  ,1.936286992616e-04  
  7.379042301289e+02  ,1.806749171538e-04  ,1.935999339096e-04  
  7.396052750580e+02  ,1.806436184328e-04  ,1.935711633821e-04  
  7.413102413007e+02  ,1.806122127618e-04  ,1.935423874615e-04  
  7.430191378965e+02  ,1.805806996800e-04  ,1.935136059295e-04  
  7.447319739058e+02  ,1.805490787255e-04  ,1.934848185675e-04  
  7.464487584099e+02  ,1.805173494348e-04  ,1.934560251562e-04  
  7.481695005110e+02  ,1.804855113435e-04  ,1.934272254759e-04  
  7.498942093323e+02  ,1.804535639857e-04  ,1.933984193063e-04  
  7.516228940180e+02  ,1.804215068944e-04  ,1.933696064268e-04  
  7.533555637335e+02  ,1.803893396011e-04  ,1.933407866159e-04  
  7.550922276652e+02  ,1.803570616362e-04  ,1.933119596521e-04  
  7.568328950208e+02  ,1.803246725288e-04  ,1.932831253130e-04  
  7.585775750290e+02  ,1.802921718066e-04  ,1.932542833758e-04  
  7.603262769400e+02  ,1.802595589962e-04  ,1.932254336171e-04  
  7.620790100252e+02  ,1.802268336229e-04  ,1.931965758133e-04  
  7.638357835775e+02  ,1.801939952105e-04  ,1.931677097399e-04  
  7.655966069111e+02  ,1.801610432819e-04  ,1.931388351721e-04  
  7.673614893616e+02  ,1.801279773583e-04  ,1.931099518845e-04  
  7.691304402864e+02  ,1.800947969601e-04  ,1.930810596512e-04  
  7.709034690642e+02  ,1.800615016060e-04  ,1.930521582458e-04  
  7.726805850955e+02  ,1.800280908136e-04  ,1.930232474414e-04  
  7.744617978023e+02  ,1.799945640993e-04  ,1.929943270104e-04  
  7.762471166285e+02  ,1.799609209782e-04  ,1.929653967250e-04  
  7.780365510396e+02  ,1.799271609640e-04  ,1.929364563565e-04  
  7.798301105231e+02  ,1.798932835692e-04  ,1.929075056760e-04  
  7.816278045881e+02  ,1.798592883051e-04  ,1.928785444539e-04  
  7.834296427660e+02  ,1.798251746817e-04  ,1.928495724600e-04  
  7.852356346099e+02  ,1.797909422077e-04  ,1.928205894638e-04  
  7.870457896949e+02  ,1.797565903904e-04  ,1.927915952340e-04  
  7.888601176183e+02  ,1.797221187361e-04  ,1.927625895391e-04  
  7.906786279996e+02  ,1.796875267496e-04  ,1.927335721467e-04  
  7.925013304803e+02  ,1.796528139347e-04  ,1.927045428242e-04  
  7.943282347241e+02  ,1.796179797936e-04  ,1.926755013381e-04  
  7.961593504171e+02  ,1.795830238274e-04  ,1.926464474548e-04  
  7.979946872678e+02  ,1.795479455361e-04  ,1.926173809397e-04  
  7.998342550068e+02  ,1.795127444181e-04  ,1.925883015581e-04  
  8.016780633875e+02  ,1.794774199708e-04  ,1.925592090744e-04  
  8.035261221854e+02  ,1.794419716903e-04  ,1.925301032528e-04  
  8.053784411989e+02  ,1.794063990713e-04  ,1.925009838565e-04  
  8.072350302486e+02  ,1.793707016073e-04  ,1.924718506487e-04  
  8.090958991782e+02  ,1.793348787907e-04  ,1.924427033916e-04  
  8.109610578536e+02  ,1.792989301125e-04  ,1.924135418471e-04  
  8.128305161639e+02  ,1.792628550625e-04  ,1.923843657766e-04  
  8.147042840206e+02  ,1.792266531291e-04  ,1.923551749407e-04  
  8.165823713584e+02  ,1.791903237996e-04  ,1.923259690996e-04  
  8.184647881346e+02  ,1.791538665601e-04  ,1.922967480131e-04  
  8.203515443296e+02  ,1.791172808953e-04  ,1.922675114403e-04  
  8.222426499469e+02  ,1.790805662887e-04  ,1.922382591396e-04  
  8.241381150128e+02  ,1.790437222227e-04  ,1.922089908692e-04  
  8.260379495770e+02  ,1.790067481782e-04  ,1.921797063864e-04  
  8.279421637121e+02  ,1.789696436351e-04  ,1.921504054482e-04  
  8.298507675142e+02  ,1.789324080719e-04  ,1.921210878109e-04  
  8.317637711025e+02  ,1.788950409659e-04  ,1.920917532304e-04  
  8.336811846194e+02  ,1.788575417932e-04  ,1.920624014618e-04  
  8.356030182310e+02  ,1.788199100287e-04  ,1.920330322599e-04  
  8.375292821267e+02  ,1.787821451461e-04  ,1.920036453788e-04  
  8.394599865192e+02  ,1.787442466176e-04  ,1.919742405720e-04  
  8.413951416450e+02  ,1.787062139144e-04  ,1.919448175927e-04  
  8.433347577641e+02  ,1.786680465066e-04  ,1.919153761932e-04  
  8.452788451601e+02  ,1.786297438628e-04  ,1.918859161255e-04  
  8.472274141404e+02  ,1.785913054505e-04  ,1.918564371409e-04  
  8.491804750361e+02  ,1.785527307361e-04  ,1.918269389901e-04  
  8.511380382022e+02  ,1.785140191845e-04  ,1.917974214235e-04  
  8.531001140174e+02  ,1.784751702597e-04  ,1.917678841907e-04  
  8.550667128845e+02  ,1.784361834244e-04  ,1.917383270407e-04  
  8.570378452301e+02  ,1.783970581399e-04  ,1.917087497221e-04  
  8.590135215052e+02  ,1.783577938665e-04  ,1.916791519829e-04  
  8.609937521844e+02  ,1.783183900633e-04  ,1.916495335704e-04  
  8.629785477667e+02  ,1.782788461880e-04  ,1.916198942316e-04  
  8.649679187755e+02  ,1.782391616975e-04  ,1.915902337126e-04  
  8.669618757580e+02  ,1.781993360471e-04  ,1.915605517592e-04  
  8.689604292861e+02  ,1.781593686911e-04  ,1.915308481166e-04  
  8.709635899559e+02  ,1.781192590826e-04  ,1.915011225293e-04  
  8.729713683879e+02  ,1.780790066735e-04  ,1.914713747412e-04  
  8.749837752272e+02  ,1.780386109146e-04  ,1.914416044959e-04  
  8.770008211434e+02  ,1.779980712554e-04  ,1.914118115363e-04  
  8.790225168307e+02  ,1.779573871443e-04  ,1.913819956045e-04  
  8.810488730078e+02  ,1.779165580285e-04  ,1.913521564424e-04  
  8.830799004183e+02  ,1.778755833541e-04  ,1.913222937910e-04  
  8.851156098306e+02  ,1.778344625660e-04  ,1.912924073910e-04  
  8.871560120377e+02  ,1.777931951079e-04  ,1.912624969824e-04  
  8.892011178577e+02  ,1.777517804224e-04  ,1.912325623047e-04  
  8.912509381335e+02  ,1.777102179510e-04  ,1.912026030966e-04  
  8.933054837331e+02  ,1.776685071340e-04  ,1.911726190965e-04  
  8.953647655494e+02  ,1.776266474105e-04  ,1.911426100421e-04  
  8.974287945005e+02  ,1.775846382185e-04  ,1.911125756706e-04  
  8.994975815298e+02  ,1.775424789949e-04  ,1.910825157185e-04  
  9.015711376057e+02  ,1.775001691756e-04  ,1.910524299219e-04  
  9.036494737221e+02  ,1.774577081951e-04  ,1.910223180161e-04  
  9.057326008980e+02  ,1.774150954869e-04  ,1.909921797360e-04  
  9.078205301779e+02  ,1.773723304835e-04  ,1.909620148159e-04  
  9.099132726320e+02  ,1.773294126162e-04  ,1.909318229894e-04  
  9.120108393557e+02  ,1.772863413152e-04  ,1.909016039898e-04  
  9.141132414700e+02  ,1.772431160095e-04  ,1.908713575495e-04  
  9.162204901218e+02  ,1.771997361272e-04  ,1.908410834005e-04  
  9.183325964833e+02  ,1.771562010951e-04  ,1.908107812742e-04  
  9.204495717529e+02  ,1.771125103391e-04  ,1.907804509015e-04  
  9.225714271545e+02  ,1.770686632840e-04  ,1.907500920125e-04  
  9.246981739380e+02  ,1.770246593534e-04  ,1.907197043369e-04  
  9.268298233791e+02  ,1.769804979699e-04  ,1.906892876039e-04  
  9.289663867797e+02  ,1.769361785550e-04  ,1.906588415418e-04  
  9.311078754676e+02  ,1.768917005293e-04  ,1.906283658787e-04  
  9.332543007967e+02  ,1.768470633120e-04  ,1.905978603419e-04  
  9.354056741473e+02  ,1.768022663218e-04  ,1.905673246582e-04  
  9.375620069256e+02  ,1.767573089757e-04  ,1.905367585537e-04  
  9.397233105644e+02  ,1.767121906903e-04  ,1.905061617542e-04  
  9.418895965226e+02  ,1.766669108806e-04  ,1.904755339845e-04  
  9.440608762857e+02  ,1.766214689610e-04  ,1.904448749692e-04  
  9.462371613655e+02  ,1.765758643447e-04  ,1.904141844322e-04  
  9.484184633006e+02  ,1.765300964439e-04  ,1.903834620968e-04  
  9.506047936560e+02  ,1.764841646698e-04  ,1.903527076857e-04  
  9.527961640234e+02  ,1.764380684327e-04  ,1.903219209210e-04  
  9.549925860212e+02  ,1.763918071416e-04  ,1.902911015244e-04  
  9.571940712946e+02  ,1.763453802049e-04  ,1.902602492168e-04  
  9.594006315157e+02  ,1.762987870299e-04  ,1.902293637186e-04  
  9.616122783834e+02  ,1.762520270227e-04  ,1.901984447497e-04  
  9.638290236237e+02  ,1.762050995886e-04  ,1.901674920294e-04  
  9.660508789896e+02  ,1.761580041321e-04  ,1.901365052763e-04  
  9.682778562610e+02  ,1.761107400565e-04  ,1.901054842086e-04  
  9.705099672452e+02  ,1.760633067643e-04  ,1.900744285438e-04  
  9.727472237767e+02  ,1.760157036569e-04  ,1.900433379988e-04  
  9.749896377171e+02  ,1.759679301350e-04  ,1.900122122900e-04  
  9.772372209556e+02  ,1.759199855981e-04  ,1.899810511333e-04  
  9.794899854084e+02  ,1.758718694451e-04  ,1.899498542438e-04  
  9.817479430197e+02  ,1.758235810737e-04  ,1.899186213363e-04  
  9.840111057609e+02  ,1.757751198808e-04  ,1.898873521248e-04  
  9.862794856309e+02  ,1.757264852626e-04  ,1.898560463228e-04  
  9.885530946567e+02  ,1.756776766140e-04  ,1.898247036433e-04  
  9.908319448925e+02  ,1.756286933294e-04  ,1.897933237986e-04  
  9.931160484207e+02  ,1.755795348022e-04  ,1.897619065005e-04  
  9.954054173513e+02  ,1.755302004249e-04  ,1.897304514602e-04  
  9.977000638223e+02  ,1.754806895891e-04  ,1.896989583885e-04  
  9.999999999997e+02  ,1.754310016856e-04  ,1.896674269953e-04  
  1.002305238078e+03  ,1.753811361045e-04  ,1.896358569901e-04  
  1.004615790278e+03  ,1.753310922350e-04  ,1.896042480820e-04  
  1.006931668852e+03  ,1.752808694652e-04  ,1.895725999792e-04  
  1.009252886076e+03  ,1.752304671828e-04  ,1.895409123896e-04  
  1.011579454260e+03  ,1.751798847745e-04  ,1.895091850204e-04  
  1.013911385736e+03  ,1.751291216261e-04  ,1.894774175783e-04  
  1.016248692870e+03  ,1.750781771229e-04  ,1.894456097693e-04  
  1.018591388054e+03  ,1.750270506491e-04  ,1.894137612990e-04  
  1.020939483707e+03  ,1.749757415884e-04  ,1.893818718724e-04  
  1.023292992280e+03  ,1.749242493235e-04  ,1.893499411938e-04  
  1.025651926251e+03  ,1.748725732366e-04  ,1.893179689671e-04  
  1.028016298126e+03  ,1.748207127090e-04  ,1.892859548956e-04  
  1.030386120441e+03  ,1.747686671213e-04  ,1.892538986820e-04  
  1.032761405761e+03  ,1.747164358534e-04  ,1.892218000284e-04  
  1.035142166679e+03  ,1.746640182845e-04  ,1.891896586365e-04  
  1.037528415818e+03  ,1.746114137930e-04  ,1.891574742072e-04  
  1.039920165829e+03  ,1.745586217567e-04  ,1.891252464411e-04  
  1.042317429393e+03  ,1.745056415527e-04  ,1.890929750380e-04  
  1.044720219221e+03  ,1.744524725574e-04  ,1.890606596974e-04  
  1.047128548051e+03  ,1.743991141467e-04  ,1.890283001180e-04  
  1.049542428652e+03  ,1.743455656956e-04  ,1.889958959981e-04  
  1.051961873823e+03  ,1.742918265787e-04  ,1.889634470354e-04  
  1.054386896391e+03  ,1.742378961697e-04  ,1.889309529271e-04  
  1.056817509213e+03  ,1.741837738418e-04  ,1.888984133697e-04  
  1.059253725177e+03  ,1.741294589678e-04  ,1.888658280593e-04  
  1.061695557198e+03  ,1.740749509197e-04  ,1.888331966914e-04  
  1.064143018224e+03  ,1.740202490688e-04  ,1.888005189610e-04  
  1.066596121230e+03  ,1.739653527861e-04  ,1.887677945624e-04  
  1.069054879222e+03  ,1.739102614418e-04  ,1.887350231896e-04  
  1.071519305237e+03  ,1.738549744057e-04  ,1.887022045359e-04  
  1.073989412341e+03  ,1.737994910471e-04  ,1.886693382940e-04  
  1.076465213630e+03  ,1.737438107345e-04  ,1.886364241562e-04  
  1.078946722230e+03  ,1.736879328362e-04  ,1.886034618142e-04  
  1.081433951298e+03  ,1.736318567199e-04  ,1.885704509592e-04  
  1.083926914021e+03  ,1.735755817526e-04  ,1.885373912817e-04  
  1.086425623617e+03  ,1.735191073012e-04  ,1.885042824720e-04  
  1.088930093333e+03  ,1.734624327317e-04  ,1.884711242196e-04  
  1.091440336448e+03  ,1.734055574100e-04  ,1.884379162134e-04  
  1.093956366272e+03  ,1.733484807014e-04  ,1.884046581420e-04  
  1.096478196143e+03  ,1.732912019707e-04  ,1.883713496935e-04  
  1.099005839432e+03  ,1.732337205825e-04  ,1.883379905551e-04  
  1.101539309541e+03  ,1.731760359008e-04  ,1.883045804140e-04  
  1.104078619902e+03  ,1.731181472892e-04  ,1.882711189564e-04  
  1.106623783977e+03  ,1.730600541111e-04  ,1.882376058682e-04  
  1.109174815262e+03  ,1.730017557294e-04  ,1.882040408349e-04  
  1.111731727281e+03  ,1.729432515066e-04  ,1.881704235413e-04  
  1.114294533591e+03  ,1.728845408051e-04  ,1.881367536717e-04  
  1.116863247780e+03  ,1.728256229865e-04  ,1.881030309098e-04  
  1.119437883467e+03  ,1.727664974127e-04  ,1.880692549392e-04  
  1.122018454302e+03  ,1.727071634448e-04  ,1.880354254424e-04  
  1.124604973967e+03  ,1.726476204438e-04  ,1.880015421019e-04  
  1.127197456175e+03  ,1.725878677705e-04  ,1.879676045994e-04  
  1.129795914672e+03  ,1.725279047854e-04  ,1.879336126162e-04  
  1.132400363235e+03  ,1.724677308487e-04  ,1.878995658331e-04  
  1.135010815672e+03  ,1.724073453203e-04  ,1.878654639304e-04  
  1.137627285823e+03  ,1.723467475601e-04  ,1.878313065878e-04  
  1.140249787561e+03  ,1.722859369277e-04  ,1.877970934846e-04  
  1.142878334789e+03  ,1.722249127824e-04  ,1.877628242997e-04  
  1.145512941445e+03  ,1.721636744835e-04  ,1.877284987113e-04  
  1.148153621497e+03  ,1.721022213900e-04  ,1.876941163973e-04  
  1.150800388944e+03  ,1.720405528610e-04  ,1.876596770351e-04  
  1.153453257821e+03  ,1.719786682551e-04  ,1.876251803014e-04  
  1.156112242192e+03  ,1.719165669311e-04  ,1.875906258726e-04  
  1.158777356155e+03  ,1.718542482476e-04  ,1.875560134247e-04  
  1.161448613840e+03  ,1.717917115631e-04  ,1.875213426330e-04  
  1.164126029410e+03  ,1.717289562361e-04  ,1.874866131725e-04  
  1.166809617061e+03  ,1.716659816249e-04  ,1.874518247177e-04  
  1.169499391020e+03  ,1.716027870880e-04  ,1.874169769425e-04  
  1.172195365548e+03  ,1.715393719837e-04  ,1.873820695206e-04  
  1.174897554939e+03  ,1.714757356704e-04  ,1.873471021250e-04  
  1.177605973520e+03  ,1.714118775065e-04  ,1.873120744283e-04  
  1.180320635651e+03  ,1.713477968503e-04  ,1.872769861027e-04  
  1.183041555725e+03  ,1.712834930604e-04  ,1.872418368199e-04  
  1.185768748167e+03  ,1.712189654952e-04  ,1.872066262511e-04  
  1.188502227437e+03  ,1.711542135134e-04  ,1.871713540672e-04  
  1.191242008027e+03  ,1.710892364737e-04  ,1.871360199385e-04  
  1.193988104464e+03  ,1.710240337348e-04  ,1.871006235349e-04  
  1.196740531307e+03  ,1.709586046559e-04  ,1.870651645259e-04  
  1.199499303149e+03  ,1.708929485959e-04  ,1.870296425806e-04  
  1.202264434617e+03  ,1.708270649142e-04  ,1.869940573675e-04  
  1.205035940371e+03  ,1.707609529702e-04  ,1.869584085549e-04  
  1.207813835106e+03  ,1.706946121236e-04  ,1.869226958105e-04  
  1.210598133550e+03  ,1.706280417343e-04  ,1.868869188016e-04  
  1.213388850465e+03  ,1.705612411624e-04  ,1.868510771951e-04  
  1.216186000646e+03  ,1.704942097684e-04  ,1.868151706574e-04  
  1.218989598925e+03  ,1.704269469128e-04  ,1.867791988548e-04  
  1.221799660165e+03  ,1.703594519566e-04  ,1.867431614528e-04  
  1.224616199265e+03  ,1.702917242611e-04  ,1.867070581167e-04  
  1.227439231158e+03  ,1.702237631880e-04  ,1.866708885113e-04  
  1.230268770812e+03  ,1.701555680991e-04  ,1.866346523010e-04  
  1.233104833229e+03  ,1.700871383568e-04  ,1.865983491500e-04  
  1.235947433444e+03  ,1.700184733238e-04  ,1.865619787219e-04  
  1.238796586530e+03  ,1.699495723631e-04  ,1.865255406799e-04  
  1.241652307592e+03  ,1.698804348385e-04  ,1.864890346869e-04  
  1.244514611771e+03  ,1.698110601137e-04  ,1.864524604055e-04  
  1.247383514243e+03  ,1.697414475533e-04  ,1.864158174976e-04  
  1.250259030217e+03  ,1.696715965222e-04  ,1.863791056251e-04  
  1.253141174941e+03  ,1.696015063859e-04  ,1.863423244494e-04  
  1.256029963695e+03  ,1.695311765103e-04  ,1.863054736313e-04  
  1.258925411794e+03  ,1.694606062618e-04  ,1.862685528317e-04  
  1.261827534590e+03  ,1.693897950077e-04  ,1.862315617106e-04  
  1.264736347471e+03  ,1.693187421154e-04  ,1.861944999281e-04  
  1.267651865858e+03  ,1.692474469533e-04  ,1.861573671437e-04  
  1.270574105208e+03  ,1.691759088903e-04  ,1.861201630166e-04  
  1.273503081016e+03  ,1.691041272958e-04  ,1.860828872057e-04  
  1.276438808811e+03  ,1.690321015401e-04  ,1.860455393696e-04  
  1.279381304157e+03  ,1.689598309940e-04  ,1.860081191663e-04  
  1.282330582656e+03  ,1.688873150291e-04  ,1.859706262539e-04  
  1.285286659943e+03  ,1.688145530177e-04  ,1.859330602897e-04  
  1.288249551693e+03  ,1.687415443329e-04  ,1.858954209311e-04  
  1.291219273613e+03  ,1.686682883485e-04  ,1.858577078349e-04  
  1.294195841450e+03  ,1.685947844391e-04  ,1.858199206576e-04  
  1.297179270984e+03  ,1.685210319802e-04  ,1.857820590557e-04  
  1.300169578033e+03  ,1.684470303480e-04  ,1.857441226849e-04  
  1.303166778452e+03  ,1.683727789196e-04  ,1.857061112010e-04  
  1.306170888131e+03  ,1.682982770731e-04  ,1.856680242594e-04  
  1.309181922999e+03  ,1.682235241873e-04  ,1.856298615150e-04  
  1.312199899019e+03  ,1.681485196421e-04  ,1.855916226228e-04  
  1.315224832192e+03  ,1.680732628183e-04  ,1.855533072372e-04  
  1.318256738556e+03  ,1.679977530976e-04  ,1.855149150123e-04  
  1.321295634186e+03  ,1.679219898626e-04  ,1.854764456022e-04  
  1.324341535194e+03  ,1.678459724973e-04  ,1.854378986606e-04  
  1.327394457729e+03  ,1.677697003863e-04  ,1.853992738408e-04  
  1.330454417978e+03  ,1.676931729155e-04  ,1.853605707961e-04  
  1.333521432163e+03  ,1.676163894719e-04  ,1.853217891792e-04  
  1.336595516546e+03  ,1.675393494433e-04  ,1.852829286429e-04  
  1.339676687426e+03  ,1.674620522191e-04  ,1.852439888396e-04  
  1.342764961137e+03  ,1.673844971894e-04  ,1.852049694215e-04  
  1.345860354056e+03  ,1.673066837458e-04  ,1.851658700405e-04  
  1.348962882591e+03  ,1.672286112810e-04  ,1.851266903482e-04  
  1.352072563194e+03  ,1.671502791888e-04  ,1.850874299962e-04  
  1.355189412351e+03  ,1.670716868644e-04  ,1.850480886358e-04  
  1.358313446587e+03  ,1.669928337042e-04  ,1.850086659180e-04  
  1.361444682466e+03  ,1.669137191060e-04  ,1.849691614937e-04  
  1.364583136589e+03  ,1.668343424686e-04  ,1.849295750135e-04  
  1.367728825595e+03  ,1.667547031926e-04  ,1.848899061278e-04  
  1.370881766164e+03  ,1.666748006796e-04  ,1.848501544869e-04  
  1.374041975012e+03  ,1.665946343329e-04  ,1.848103197410e-04  
  1.377209468894e+03  ,1.665142035568e-04  ,1.847704015398e-04  
  1.380384264603e+03  ,1.664335077574e-04  ,1.847303995331e-04  
  1.383566378971e+03  ,1.663525463422e-04  ,1.846903133705e-04  
  1.386755828872e+03  ,1.662713187200e-04  ,1.846501427013e-04  
  1.389952631213e+03  ,1.661898243014e-04  ,1.846098871749e-04  
  1.393156802945e+03  ,1.661080624984e-04  ,1.845695464401e-04  
  1.396368361056e+03  ,1.660260327244e-04  ,1.845291201461e-04  
  1.399587322572e+03  ,1.659437343947e-04  ,1.844886079415e-04  
  1.402813704562e+03  ,1.658611669260e-04  ,1.844480094752e-04  
  1.406047524130e+03  ,1.657783297367e-04  ,1.844073243955e-04  
  1.409288798421e+03  ,1.656952222469e-04  ,1.843665523509e-04  
  1.412537544622e+03  ,1.656118438784e-04  ,1.843256929897e-04  
  1.415793779957e+03  ,1.655281940547e-04  ,1.842847459601e-04  
  1.419057521689e+03  ,1.654442722010e-04  ,1.842437109102e-04  
  1.422328787122e+03  ,1.653600777443e-04  ,1.842025874879e-04  
  1.425607593602e+03  ,1.652756101135e-04  ,1.841613753412e-04  
  1.428893958511e+03  ,1.651908687391e-04  ,1.841200741180e-04  
  1.432187899273e+03  ,1.651058530537e-04  ,1.840786834658e-04  
  1.435489433353e+03  ,1.650205624916e-04  ,1.840372030324e-04  
  1.438798578255e+03  ,1.649349964891e-04  ,1.839956324655e-04  
  1.442115351524e+03  ,1.648491544843e-04  ,1.839539714124e-04  
  1.445439770746e+03  ,1.647630359175e-04  ,1.839122195208e-04  
  1.448771853544e+03  ,1.646766402307e-04  ,1.838703764381e-04  
  1.452111617587e+03  ,1.645899668682e-04  ,1.838284418117e-04  
  1.455459080582e+03  ,1.645030152761e-04  ,1.837864152889e-04  
  1.458814260275e+03  ,1.644157849027e-04  ,1.837442965172e-04  
  1.462177174456e+03  ,1.643282751983e-04  ,1.837020851438e-04  
  1.465547840956e+03  ,1.642404856153e-04  ,1.836597808160e-04  
  1.468926277643e+03  ,1.641524156085e-04  ,1.836173831813e-04  
  1.472312502432e+03  ,1.640640646346e-04  ,1.835748918869e-04  
  1.475706533275e+03  ,1.639754321526e-04  ,1.835323065802e-04  
  1.479108388168e+03  ,1.638865176238e-04  ,1.834896269084e-04  
  1.482518085146e+03  ,1.637973205115e-04  ,1.834468525190e-04  
  1.485935642287e+03  ,1.637078402816e-04  ,1.834039830594e-04  
  1.489361077711e+03  ,1.636180764023e-04  ,1.833610181770e-04  
  1.492794409579e+03  ,1.635280283438e-04  ,1.833179575192e-04  
  1.496235656094e+03  ,1.634376955791e-04  ,1.832748007338e-04  
  1.499684835502e+03  ,1.633470775832e-04  ,1.832315474681e-04  
  1.503141966090e+03  ,1.632561738340e-04  ,1.831881973699e-04  
  1.506607066186e+03  ,1.631649838113e-04  ,1.831447500870e-04  
  1.510080154164e+03  ,1.630735069979e-04  ,1.831012052672e-04  
  1.513561248436e+03  ,1.629817428788e-04  ,1.830575625583e-04  
  1.517050367459e+03  ,1.628896909416e-04  ,1.830138216083e-04  
  1.520547529732e+03  ,1.627973506765e-04  ,1.829699820655e-04  
  1.524052753797e+03  ,1.627047215764e-04  ,1.829260435780e-04  
  1.527566058238e+03  ,1.626118031366e-04  ,1.828820057942e-04  
  1.531087461682e+03  ,1.625185948552e-04  ,1.828378683624e-04  
  1.534616982799e+03  ,1.624250962329e-04  ,1.827936309315e-04  
  1.538154640303e+03  ,1.623313067734e-04  ,1.827492931500e-04  
  1.541700452949e+03  ,1.622372259828e-04  ,1.827048546669e-04  
  1.545254439538e+03  ,1.621428533700e-04  ,1.826603151312e-04  
  1.548816618912e+03  ,1.620481884470e-04  ,1.826156741923e-04  
  1.552387009958e+03  ,1.619532307282e-04  ,1.825709314995e-04  
  1.555965631605e+03  ,1.618579797313e-04  ,1.825260867023e-04  
  1.559552502827e+03  ,1.617624349767e-04  ,1.824811394506e-04  
  1.563147642641e+03  ,1.616665959875e-04  ,1.824360893943e-04  
  1.566751070108e+03  ,1.615704622901e-04  ,1.823909361837e-04  
  1.570362804333e+03  ,1.614740334137e-04  ,1.823456794690e-04  
  1.573982864466e+03  ,1.613773088906e-04  ,1.823003189010e-04  
  1.577611269699e+03  ,1.612802882560e-04  ,1.822548541306e-04  
  1.581248039270e+03  ,1.611829710483e-04  ,1.822092848087e-04  
  1.584893192461e+03  ,1.610853568089e-04  ,1.821636105868e-04  
  1.588546748597e+03  ,1.609874450825e-04  ,1.821178311164e-04  
  1.592208727051e+03  ,1.608892354167e-04  ,1.820719460495e-04  
  1.595879147236e+03  ,1.607907273624e-04  ,1.820259550381e-04  
  1.599558028614e+03  ,1.606919204738e-04  ,1.819798577348e-04  
  1.603245390690e+03  ,1.605928143084e-04  ,1.819336537922e-04  
  1.606941253012e+03  ,1.604934084267e-04  ,1.818873428633e-04  
  1.610645635178e+03  ,1.603937023927e-04  ,1.818409246015e-04  
  1.614358556826e+03  ,1.602936957737e-04  ,1.817943986604e-04  
  1.618080037643e+03  ,1.601933881405e-04  ,1.817477646940e-04  
  1.621810097358e+03  ,1.600927790671e-04  ,1.817010223566e-04  
  1.625548755750e+03  ,1.599918681309e-04  ,1.816541713029e-04  
  1.629296032639e+03  ,1.598906549130e-04  ,1.816072111879e-04  
  1.633051947894e+03  ,1.597891389978e-04  ,1.815601416669e-04  
  1.636816521427e+03  ,1.596873199733e-04  ,1.815129623957e-04  
  1.640589773199e+03  ,1.595851974310e-04  ,1.814656730304e-04  
  1.644371723214e+03  ,1.594827709659e-04  ,1.814182732275e-04  
  1.648162391525e+03  ,1.593800401769e-04  ,1.813707626440e-04  
  1.651961798229e+03  ,1.592770046663e-04  ,1.813231409371e-04  
  1.655769963469e+03  ,1.591736640400e-04  ,1.812754077645e-04  
  1.659586907437e+03  ,1.590700179078e-04  ,1.812275627845e-04  
  1.663412650370e+03  ,1.589660658831e-04  ,1.811796056557e-04  
  1.667247212551e+03  ,1.588618075832e-04  ,1.811315360370e-04  
  1.671090614310e+03  ,1.587572426291e-04  ,1.810833535880e-04  
  1.674942876026e+03  ,1.586523706456e-04  ,1.810350579687e-04  
  1.678804018122e+03  ,1.585471912614e-04  ,1.809866488394e-04  
  1.682674061070e+03  ,1.584417041090e-04  ,1.809381258611e-04  
  1.686553025388e+03  ,1.583359088249e-04  ,1.808894886951e-04  
  1.690440931643e+03  ,1.582298050496e-04  ,1.808407370035e-04  
  1.694337800447e+03  ,1.581233924275e-04  ,1.807918704485e-04  
  1.698243652461e+03  ,1.580166706069e-04  ,1.807428886932e-04  
  1.702158508394e+03  ,1.579096392403e-04  ,1.806937914011e-04  
  1.706082389003e+03  ,1.578022979842e-04  ,1.806445782360e-04  
  1.710015315090e+03  ,1.576946464992e-04  ,1.805952488627e-04  
  1.713957307508e+03  ,1.575866844500e-04  ,1.805458029461e-04  
  1.717908387157e+03  ,1.574784115055e-04  ,1.804962401520e-04  
  1.721868574986e+03  ,1.573698273389e-04  ,1.804465601467e-04  
  1.725837891990e+03  ,1.572609316273e-04  ,1.803967625971e-04  
  1.729816359215e+03  ,1.571517240523e-04  ,1.803468471704e-04  
  1.733803997754e+03  ,1.570422042998e-04  ,1.802968135350e-04  
  1.737800828749e+03  ,1.569323720599e-04  ,1.802466613593e-04  
  1.741806873391e+03  ,1.568222270269e-04  ,1.801963903128e-04  
  1.745822152920e+03  ,1.567117688998e-04  ,1.801460000654e-04  
  1.749846688624e+03  ,1.566009973818e-04  ,1.800954902876e-04  
  1.753880501841e+03  ,1.564899121806e-04  ,1.800448606508e-04  
  1.757923613958e+03  ,1.563785130082e-04  ,1.799941108268e-04  
  1.761976046411e+03  ,1.562667995813e-04  ,1.799432404884e-04  
  1.766037820686e+03  ,1.561547716210e-04  ,1.798922493087e-04  
  1.770108958317e+03  ,1.560424288530e-04  ,1.798411369618e-04  
  1.774189480890e+03  ,1.559297710075e-04  ,1.797899031224e-04  
  1.778279410038e+03  ,1.558167978194e-04  ,1.797385474659e-04  
  1.782378767448e+03  ,1.557035090282e-04  ,1.796870696685e-04  
  1.786487574852e+03  ,1.555899043780e-04  ,1.796354694070e-04  
  1.790605854035e+03  ,1.554759836178e-04  ,1.795837463592e-04  
  1.794733626832e+03  ,1.553617465011e-04  ,1.795319002034e-04  
  1.798870915128e+03  ,1.552471927863e-04  ,1.794799306188e-04  
  1.803017740859e+03  ,1.551323222365e-04  ,1.794278372855e-04  
  1.807174126010e+03  ,1.550171346197e-04  ,1.793756198841e-04  
  1.811340092619e+03  ,1.549016297087e-04  ,1.793232780962e-04  
  1.815515662773e+03  ,1.547858072811e-04  ,1.792708116042e-04  
  1.819700858609e+03  ,1.546696671195e-04  ,1.792182200914e-04  
  1.823895702319e+03  ,1.545532090114e-04  ,1.791655032417e-04  
  1.828100216142e+03  ,1.544364327494e-04  ,1.791126607401e-04  
  1.832314422371e+03  ,1.543193381308e-04  ,1.790596922722e-04  
  1.836538343348e+03  ,1.542019249582e-04  ,1.790065975248e-04  
  1.840772001468e+03  ,1.540841930390e-04  ,1.789533761853e-04  
  1.845015419179e+03  ,1.539661421859e-04  ,1.789000279420e-04  
  1.849268618978e+03  ,1.538477722167e-04  ,1.788465524843e-04  
  1.853531623414e+03  ,1.537290829540e-04  ,1.787929495024e-04  
  1.857804455091e+03  ,1.536100742260e-04  ,1.787392186873e-04  
  1.862087136662e+03  ,1.534907458659e-04  ,1.786853597311e-04  
  1.866379690834e+03  ,1.533710977121e-04  ,1.786313723268e-04  
  1.870682140365e+03  ,1.532511296082e-04  ,1.785772561684e-04  
  1.874994508067e+03  ,1.531308414032e-04  ,1.785230109507e-04  
  1.879316816803e+03  ,1.530102329513e-04  ,1.784686363696e-04  
  1.883649089489e+03  ,1.528893041122e-04  ,1.784141321220e-04  
  1.887991349096e+03  ,1.527680547507e-04  ,1.783594979058e-04  
  1.892343618644e+03  ,1.526464847371e-04  ,1.783047334198e-04  
  1.896705921211e+03  ,1.525245939473e-04  ,1.782498383639e-04  
  1.901078279923e+03  ,1.524023822624e-04  ,1.781948124391e-04  
  1.905460717963e+03  ,1.522798495691e-04  ,1.781396553473e-04  
  1.909853258566e+03  ,1.521569957594e-04  ,1.780843667915e-04  
  1.914255925021e+03  ,1.520338207311e-04  ,1.780289464759e-04  
  1.918668740670e+03  ,1.519103243874e-04  ,1.779733941055e-04  
  1.923091728910e+03  ,1.517865066370e-04  ,1.779177093866e-04  
  1.927524913190e+03  ,1.516623673944e-04  ,1.778618920266e-04  
  1.931968317016e+03  ,1.515379065796e-04  ,1.778059417338e-04  
  1.936421963946e+03  ,1.514131241182e-04  ,1.777498582179e-04  
  1.940885877592e+03  ,1.512880199417e-04  ,1.776936411896e-04  
  1.945360081622e+03  ,1.511625939871e-04  ,1.776372903606e-04  
  1.949844599757e+03  ,1.510368461972e-04  ,1.775808054440e-04  
  1.954339455775e+03  ,1.509107765206e-04  ,1.775241861540e-04  
  1.958844673505e+03  ,1.507843849115e-04  ,1.774674322057e-04  
  1.963360276835e+03  ,1.506576713303e-04  ,1.774105433158e-04  
  1.967886289706e+03  ,1.505306357429e-04  ,1.773535192020e-04  
  1.972422736114e+03  ,1.504032781210e-04  ,1.772963595831e-04  
  1.976969640111e+03  ,1.502755984426e-04  ,1.772390641794e-04  
  1.981527025805e+03  ,1.501475966911e-04  ,1.771816327121e-04  
  1.986094917357e+03  ,1.500192728563e-04  ,1.771240649038e-04  
  1.990673338987e+03  ,1.498906269337e-04  ,1.770663604785e-04  
  1.995262314968e+03  ,1.497616589247e-04  ,1.770085191612e-04  
  1.999861869632e+03  ,1.496323688370e-04  ,1.769505406784e-04  
  2.004472027365e+03  ,1.495027566841e-04  ,1.768924247577e-04  
  2.009092812608e+03  ,1.493728224856e-04  ,1.768341711280e-04  
  2.013724249862e+03  ,1.492425662673e-04  ,1.767757795198e-04  
  2.018366363681e+03  ,1.491119880609e-04  ,1.767172496645e-04  
  2.023019178678e+03  ,1.489810879043e-04  ,1.766585812952e-04  
  2.027682719521e+03  ,1.488498658418e-04  ,1.765997741460e-04  
  2.032357010936e+03  ,1.487183219235e-04  ,1.765408279527e-04  
  2.037042077705e+03  ,1.485864562058e-04  ,1.764817424523e-04  
  2.041737944669e+03  ,1.484542687515e-04  ,1.764225173830e-04  
  2.046444636724e+03  ,1.483217596294e-04  ,1.763631524847e-04  
  2.051162178825e+03  ,1.481889289148e-04  ,1.763036474985e-04  
  2.055890595984e+03  ,1.480557766890e-04  ,1.762440021670e-04  
  2.060629913269e+03  ,1.479223030398e-04  ,1.761842162342e-04  
  2.065380155810e+03  ,1.477885080613e-04  ,1.761242894454e-04  
  2.070141348790e+03  ,1.476543918539e-04  ,1.760642215477e-04  
  2.074913517454e+03  ,1.475199545244e-04  ,1.760040122892e-04  
  2.079696687103e+03  ,1.473851961860e-04  ,1.759436614197e-04  
  2.084490883097e+03  ,1.472501169583e-04  ,1.758831686905e-04  
  2.089296130853e+03  ,1.471147169673e-04  ,1.758225338544e-04  
  2.094112455850e+03  ,1.469789963455e-04  ,1.757617566656e-04  
  2.098939883623e+03  ,1.468429552318e-04  ,1.757008368798e-04  
  2.103778439766e+03  ,1.467065937717e-04  ,1.756397742544e-04  
  2.108628149933e+03  ,1.465699121170e-04  ,1.755785685480e-04  
  2.113489039836e+03  ,1.464329104263e-04  ,1.755172195211e-04  
  2.118361135248e+03  ,1.462955888645e-04  ,1.754557269356e-04  
  2.123244462000e+03  ,1.461579476033e-04  ,1.753940905549e-04  
  2.128139045982e+03  ,1.460199868207e-04  ,1.753323101441e-04  
  2.133044913146e+03  ,1.458817067016e-04  ,1.752703854699e-04  
  2.137962089502e+03  ,1.457431074374e-04  ,1.752083163003e-04  
  2.142890601119e+03  ,1.456041892260e-04  ,1.751461024053e-04  
  2.147830474130e+03  ,1.454649522722e-04  ,1.750837435563e-04  
  2.152781734724e+03  ,1.453253967872e-04  ,1.750212395265e-04  
  2.157744409152e+03  ,1.451855229892e-04  ,1.749585900905e-04  
  2.162718523726e+03  ,1.450453311028e-04  ,1.748957950247e-04  
  2.167704104819e+03  ,1.449048213595e-04  ,1.748328541072e-04  
  2.172701178863e+03  ,1.447639939976e-04  ,1.747697671176e-04  
  2.177709772353e+03  ,1.446228492619e-04  ,1.747065338375e-04  
  2.182729911842e+03  ,1.444813874043e-04  ,1.746431540499e-04  
  2.187761623949e+03  ,1.443396086832e-04  ,1.745796275395e-04  
  2.192804935350e+03  ,1.441975133640e-04  ,1.745159540931e-04  
  2.197859872784e+03  ,1.440551017187e-04  ,1.744521334987e-04  
  2.202926463053e+03  ,1.439123740264e-04  ,1.743881655463e-04  
  2.208004733018e+03  ,1.437693305728e-04  ,1.743240500279e-04  
  2.213094709605e+03  ,1.436259716506e-04  ,1.742597867367e-04  
  2.218196419800e+03  ,1.434822975593e-04  ,1.741953754682e-04  
  2.223309890651e+03  ,1.433383086054e-04  ,1.741308160193e-04  
  2.228435149270e+03  ,1.431940051022e-04  ,1.740661081890e-04  
  2.233572222830e+03  ,1.430493873700e-04  ,1.740012517778e-04  
  2.238721138568e+03  ,1.429044557358e-04  ,1.739362465883e-04  
  2.243881923782e+03  ,1.427592105337e-04  ,1.738710924247e-04  
  2.249054605835e+03  ,1.426136521049e-04  ,1.738057890932e-04  
  2.254239212152e+03  ,1.424677807973e-04  ,1.737403364017e-04  
  2.259435770220e+03  ,1.423215969659e-04  ,1.736747341601e-04  
  2.264644307592e+03  ,1.421751009726e-04  ,1.736089821800e-04  
  2.269864851883e+03  ,1.420282931865e-04  ,1.735430802751e-04  
  2.275097430771e+03  ,1.418811739834e-04  ,1.734770282607e-04  
  2.280342072000e+03  ,1.417337437463e-04  ,1.734108259543e-04  
  2.285598803375e+03  ,1.415860028653e-04  ,1.733444731751e-04  
  2.290867652767e+03  ,1.414379517374e-04  ,1.732779697442e-04  
  2.296148648112e+03  ,1.412895907665e-04  ,1.732113154848e-04  
  2.301441817408e+03  ,1.411409203640e-04  ,1.731445102219e-04  
  2.306747188719e+03  ,1.409919409479e-04  ,1.730775537825e-04  
  2.312064790175e+03  ,1.408426529436e-04  ,1.730104459956e-04  
  2.317394649968e+03  ,1.406930567833e-04  ,1.729431866920e-04  
  2.322736796356e+03  ,1.405431529065e-04  ,1.728757757047e-04  
  2.328091257664e+03  ,1.403929417597e-04  ,1.728082128685e-04  
  2.333458062280e+03  ,1.402424237965e-04  ,1.727404980202e-04  
  2.338837238659e+03  ,1.400915994776e-04  ,1.726726309989e-04  
  2.344228815319e+03  ,1.399404692710e-04  ,1.726046116453e-04  
  2.349632820848e+03  ,1.397890336515e-04  ,1.725364398024e-04  
  2.355049283895e+03  ,1.396372931012e-04  ,1.724681153152e-04  
  2.360478233180e+03  ,1.394852481094e-04  ,1.723996380306e-04  
  2.365919697485e+03  ,1.393328991724e-04  ,1.723310077977e-04  
  2.371373705661e+03  ,1.391802467937e-04  ,1.722622244677e-04  
  2.376840286624e+03  ,1.390272914839e-04  ,1.721932878937e-04  
  2.382319469358e+03  ,1.388740337608e-04  ,1.721241979310e-04  
  2.387811282912e+03  ,1.387204741494e-04  ,1.720549544370e-04  
  2.393315756405e+03  ,1.385666131818e-04  ,1.719855572712e-04  
  2.398832919019e+03  ,1.384124513972e-04  ,1.719160062951e-04  
  2.404362800006e+03  ,1.382579893421e-04  ,1.718463013724e-04  
  2.409905428686e+03  ,1.381032275700e-04  ,1.717764423690e-04  
  2.415460834444e+03  ,1.379481666418e-04  ,1.717064291529e-04  
  2.421029046735e+03  ,1.377928071253e-04  ,1.716362615942e-04  
  2.426610095082e+03  ,1.376371495956e-04  ,1.715659395651e-04  
  2.432204009073e+03  ,1.374811946350e-04  ,1.714954629402e-04  
  2.437810818368e+03  ,1.373249428331e-04  ,1.714248315959e-04  
  2.443430552693e+03  ,1.371683947863e-04  ,1.713540454112e-04  
  2.449063241844e+03  ,1.370115510985e-04  ,1.712831042670e-04  
  2.454708915684e+03  ,1.368544123807e-04  ,1.712120080465e-04  
  2.460367604147e+03  ,1.366969792509e-04  ,1.711407566351e-04  
  2.466039337234e+03  ,1.365392523346e-04  ,1.710693499204e-04  
  2.471724145015e+03  ,1.363812322643e-04  ,1.709977877923e-04  
  2.477422057633e+03  ,1.362229196794e-04  ,1.709260701428e-04  
  2.483133105295e+03  ,1.360643152270e-04  ,1.708541968664e-04  
  2.488857318282e+03  ,1.359054195610e-04  ,1.707821678594e-04  
  2.494594726942e+03  ,1.357462333425e-04  ,1.707099830209e-04  
  2.500345361696e+03  ,1.355867572398e-04  ,1.706376422518e-04  
  2.506109253031e+03  ,1.354269919285e-04  ,1.705651454556e-04  
  2.511886431509e+03  ,1.352669380911e-04  ,1.704924925379e-04  
  2.517676927758e+03  ,1.351065964175e-04  ,1.704196834067e-04  
  2.523480772480e+03  ,1.349459676045e-04  ,1.703467179722e-04  
  2.529297996445e+03  ,1.347850523561e-04  ,1.702735961470e-04  
  2.535128630497e+03  ,1.346238513836e-04  ,1.702003178459e-04  
  2.540972705549e+03  ,1.344623654054e-04  ,1.701268829862e-04  
  2.546830252584e+03  ,1.343005951467e-04  ,1.700532914873e-04  
  2.552701302661e+03  ,1.341385413403e-04  ,1.699795432712e-04  
  2.558585886905e+03  ,1.339762047257e-04  ,1.699056382620e-04  
  2.564484036517e+03  ,1.338135860497e-04  ,1.698315763863e-04  
  2.570395782768e+03  ,1.336506860662e-04  ,1.697573575730e-04  
  2.576321157002e+03  ,1.334875055361e-04  ,1.696829817534e-04  
  2.582260190634e+03  ,1.333240452275e-04  ,1.696084488612e-04  
  2.588212915152e+03  ,1.331603059155e-04  ,1.695337588324e-04  
  2.594179362118e+03  ,1.329962883823e-04  ,1.694589116055e-04  
  2.600159563165e+03  ,1.328319934170e-04  ,1.693839071212e-04  
  2.606153549998e+03  ,1.326674218160e-04  ,1.693087453228e-04  
  2.612161354398e+03  ,1.325025743825e-04  ,1.692334261559e-04  
  2.618183008218e+03  ,1.323374519268e-04  ,1.691579495686e-04  
  2.624218543384e+03  ,1.321720552664e-04  ,1.690823155113e-04  
  2.630267991895e+03  ,1.320063852255e-04  ,1.690065239370e-04  
  2.636331385825e+03  ,1.318404426355e-04  ,1.689305748010e-04  
  2.642408757321e+03  ,1.316742283347e-04  ,1.688544680610e-04  
  2.648500138606e+03  ,1.315077431683e-04  ,1.687782036774e-04  
  2.654605561975e+03  ,1.313409879887e-04  ,1.687017816127e-04  
  2.660725059798e+03  ,1.311739636550e-04  ,1.686252018321e-04  
  2.666858664521e+03  ,1.310066710333e-04  ,1.685484643032e-04  
  2.673006408663e+03  ,1.308391109966e-04  ,1.684715689962e-04  
  2.679168324818e+03  ,1.306712844249e-04  ,1.683945158834e-04  
  2.685344445658e+03  ,1.305031922050e-04  ,1.683173049401e-04  
  2.691534803926e+03  ,1.303348352306e-04  ,1.682399361436e-04  
  2.697739432444e+03  ,1.301662144022e-04  ,1.681624094741e-04  
  2.703958364108e+03  ,1.299973306273e-04  ,1.680847249140e-04  
  2.710191631890e+03  ,1.298281848200e-04  ,1.680068824484e-04  
  2.716439268838e+03  ,1.296587779015e-04  ,1.679288820648e-04  
  2.722701308077e+03  ,1.294891107995e-04  ,1.678507237532e-04  
  2.728977782807e+03  ,1.293191844487e-04  ,1.677724075063e-04  
  2.735268726306e+03  ,1.291489997904e-04  ,1.676939333191e-04  
  2.741574171927e+03  ,1.289785577729e-04  ,1.676153011893e-04  
  2.747894153102e+03  ,1.288078593508e-04  ,1.675365111170e-04  
  2.754228703337e+03  ,1.286369054859e-04  ,1.674575631049e-04  
  2.760577856220e+03  ,1.284656971463e-04  ,1.673784571583e-04  
  2.766941645411e+03  ,1.282942353071e-04  ,1.672991932851e-04  
  2.773320104651e+03  ,1.281225209497e-04  ,1.672197714954e-04  
  2.779713267758e+03  ,1.279505550624e-04  ,1.671401918024e-04  
  2.786121168629e+03  ,1.277783386400e-04  ,1.670604542213e-04  
  2.792543841237e+03  ,1.276058726841e-04  ,1.669805587704e-04  
  2.798981319634e+03  ,1.274331582024e-04  ,1.669005054702e-04  
  2.805433637951e+03  ,1.272601962097e-04  ,1.668202943439e-04  
  2.811900830398e+03  ,1.270869877271e-04  ,1.667399254172e-04  
  2.818382931264e+03  ,1.269135337820e-04  ,1.666593987186e-04  
  2.824879974915e+03  ,1.267398354087e-04  ,1.665787142790e-04  
  2.831391995799e+03  ,1.265658936476e-04  ,1.664978721319e-04  
  2.837919028441e+03  ,1.263917095458e-04  ,1.664168723134e-04  
  2.844461107447e+03  ,1.262172841567e-04  ,1.663357148622e-04  
  2.851018267503e+03  ,1.260426185401e-04  ,1.662543998198e-04  
  2.857590543374e+03  ,1.258677137622e-04  ,1.661729272300e-04  
  2.864177969906e+03  ,1.256925708956e-04  ,1.660912971394e-04  
  2.870780582024e+03  ,1.255171910191e-04  ,1.660095095970e-04  
  2.877398414735e+03  ,1.253415752179e-04  ,1.659275646548e-04  
  2.884031503126e+03  ,1.251657245835e-04  ,1.658454623669e-04  
  2.890679882365e+03  ,1.249896402136e-04  ,1.657632027906e-04  
  2.897343587700e+03  ,1.248133232121e-04  ,1.656807859853e-04  
  2.904022654464e+03  ,1.246367746891e-04  ,1.655982120133e-04  
  2.910717118066e+03  ,1.244599957610e-04  ,1.655154809394e-04  
  2.917427014000e+03  ,1.242829875502e-04  ,1.654325928313e-04  
  2.924152377842e+03  ,1.241057511853e-04  ,1.653495477590e-04  
  2.930893245249e+03  ,1.239282878010e-04  ,1.652663457952e-04  
  2.937649651961e+03  ,1.237505985381e-04  ,1.651829870154e-04  
  2.944421633798e+03  ,1.235726845432e-04  ,1.650994714976e-04  
  2.951209226666e+03  ,1.233945469692e-04  ,1.650157993224e-04  
  2.958012466551e+03  ,1.232161869749e-04  ,1.649319705732e-04  
  2.964831389523e+03  ,1.230376057251e-04  ,1.648479853360e-04  
  2.971666031737e+03  ,1.228588043903e-04  ,1.647638436993e-04  
  2.978516429428e+03  ,1.226797841471e-04  ,1.646795457545e-04  
  2.985382618917e+03  ,1.225005461779e-04  ,1.645950915952e-04  
  2.992264636607e+03  ,1.223210916711e-04  ,1.645104813182e-04  
  2.999162518987e+03  ,1.221414218207e-04  ,1.644257150227e-04  
  3.006076302627e+03  ,1.219615378264e-04  ,1.643407928103e-04  
  3.013006024185e+03  ,1.217814408940e-04  ,1.642557147857e-04  
  3.019951720401e+03  ,1.216011322347e-04  ,1.641704810560e-04  
  3.026913428100e+03  ,1.214206130654e-04  ,1.640850917309e-04  
  3.033891184193e+03  ,1.212398846089e-04  ,1.639995469229e-04  
  3.040885025675e+03  ,1.210589480933e-04  ,1.639138467471e-04  
  3.047894989627e+03  ,1.208778047526e-04  ,1.638279913213e-04  
  3.054921113215e+03  ,1.206964558261e-04  ,1.637419807659e-04  
  3.061963433690e+03  ,1.205149025587e-04  ,1.636558152038e-04  
  3.069021988390e+03  ,1.203331462008e-04  ,1.635694947609e-04  
  3.076096814740e+03  ,1.201511880083e-04  ,1.634830195655e-04  
  3.083187950248e+03  ,1.199690292426e-04  ,1.633963897486e-04  
  3.090295432513e+03  ,1.197866711702e-04  ,1.633096054440e-04  
  3.097419299216e+03  ,1.196041150631e-04  ,1.632226667878e-04  
  3.104559588127e+03  ,1.194213621988e-04  ,1.631355739191e-04  
  3.111716337105e+03  ,1.192384138599e-04  ,1.630483269795e-04  
  3.118889584093e+03  ,1.190552713341e-04  ,1.629609261134e-04  
  3.126079367123e+03  ,1.188719359148e-04  ,1.628733714675e-04  
  3.133285724315e+03  ,1.186884089000e-04  ,1.627856631916e-04  
  3.140508693875e+03  ,1.185046915932e-04  ,1.626978014378e-04  
  3.147748314100e+03  ,1.183207853029e-04  ,1.626097863611e-04  
  3.155004623374e+03  ,1.181366913428e-04  ,1.625216181189e-04  
  3.162277660167e+03  ,1.179524110314e-04  ,1.624332968714e-04  
  3.169567463043e+03  ,1.177679456924e-04  ,1.623448227814e-04  
  3.176874070649e+03  ,1.175832966544e-04  ,1.622561960143e-04  
  3.184197521725e+03  ,1.173984652508e-04  ,1.621674167384e-04  
  3.191537855100e+03  ,1.172134528201e-04  ,1.620784851242e-04  
  3.198895109690e+03  ,1.170282607055e-04  ,1.619894013451e-04  
  3.206269324505e+03  ,1.168428902550e-04  ,1.619001655772e-04  
  3.213660538639e+03  ,1.166573428216e-04  ,1.618107779991e-04  
  3.221068791282e+03  ,1.164716197626e-04  ,1.617212387920e-04  
  3.228494121712e+03  ,1.162857224404e-04  ,1.616315481398e-04  
  3.235936569295e+03  ,1.160996522219e-04  ,1.615417062290e-04  
  3.243396173493e+03  ,1.159134104786e-04  ,1.614517132488e-04  
  3.250872973853e+03  ,1.157269985866e-04  ,1.613615693909e-04  
  3.258367010019e+03  ,1.155404179266e-04  ,1.612712748497e-04  
  3.265878321722e+03  ,1.153536698837e-04  ,1.611808298222e-04  
  3.273406948787e+03  ,1.151667558474e-04  ,1.610902345079e-04  
  3.280952931130e+03  ,1.149796772118e-04  ,1.609994891091e-04  
  3.288516308759e+03  ,1.147924353753e-04  ,1.609085938306e-04  
  3.296097121774e+03  ,1.146050317406e-04  ,1.608175488797e-04  
  3.303695410367e+03  ,1.144174677147e-04  ,1.607263544666e-04  
  3.311311214825e+03  ,1.142297447089e-04  ,1.606350108037e-04  
  3.318944575525e+03  ,1.140418641387e-04  ,1.605435181064e-04  
  3.326595532939e+03  ,1.138538274238e-04  ,1.604518765923e-04  
  3.334264127631e+03  ,1.136656359880e-04  ,1.603600864818e-04  
  3.341950400260e+03  ,1.134772912590e-04  ,1.602681479979e-04  
  3.349654391577e+03  ,1.132887946690e-04  ,1.601760613661e-04  
  3.357376142429e+03  ,1.131001476538e-04  ,1.600838268145e-04  
  3.365115693754e+03  ,1.129113516533e-04  ,1.599914445737e-04  
  3.372873086588e+03  ,1.127224081113e-04  ,1.598989148769e-04  
  3.380648362059e+03  ,1.125333184756e-04  ,1.598062379601e-04  
  3.388441561391e+03  ,1.123440841976e-04  ,1.597134140613e-04  
  3.396252725903e+03  ,1.121547067327e-04  ,1.596204434217e-04  
  3.404081897009e+03  ,1.119651875401e-04  ,1.595273262845e-04  
  3.411929116218e+03  ,1.117755280823e-04  ,1.594340628957e-04  
  3.419794425136e+03  ,1.115857298260e-04  ,1.593406535039e-04  
  3.427677865463e+03  ,1.113957942412e-04  ,1.592470983601e-04  
  3.435579478998e+03  ,1.112057228015e-04  ,1.591533977178e-04  
  3.443499307632e+03  ,1.110155169840e-04  ,1.590595518330e-04  
  3.451437393358e+03  ,1.108251782695e-04  ,1.589655609645e-04  
  3.459393778260e+03  ,1.106347081421e-04  ,1.588714253732e-04  
  3.467368504524e+03  ,1.104441080892e-04  ,1.587771453228e-04  
  3.475361614431e+03  ,1.102533796016e-04  ,1.586827210793e-04  
  3.483373150359e+03  ,1.100625241737e-04  ,1.585881529114e-04  
  3.491403154785e+03  ,1.098715433027e-04  ,1.584934410901e-04  
  3.499451670283e+03  ,1.096804384894e-04  ,1.583985858889e-04  
  3.507518739525e+03  ,1.094892112375e-04  ,1.583035875839e-04  
  3.515604405282e+03  ,1.092978630540e-04  ,1.582084464536e-04  
  3.523708710424e+03  ,1.091063954490e-04  ,1.581131627789e-04  
  3.531831697919e+03  ,1.089148099356e-04  ,1.580177368432e-04  
  3.539973410833e+03  ,1.087231080297e-04  ,1.579221689324e-04  
  3.548133892335e+03  ,1.085312912505e-04  ,1.578264593347e-04  
  3.556313185689e+03  ,1.083393611198e-04  ,1.577306083409e-04  
  3.564511334261e+03  ,1.081473191625e-04  ,1.576346162442e-04  
  3.572728381518e+03  ,1.079551669061e-04  ,1.575384833400e-04  
  3.580964371025e+03  ,1.077629058810e-04  ,1.574422099265e-04  
  3.589219346449e+03  ,1.075705376202e-04  ,1.573457963039e-04  
  3.597493351556e+03  ,1.073780636596e-04  ,1.572492427752e-04  
  3.605786430215e+03  ,1.071854855374e-04  ,1.571525496453e-04  
  3.614098626395e+03  ,1.069928047947e-04  ,1.570557172221e-04  
  3.622429984166e+03  ,1.068000229750e-04  ,1.569587458153e-04  
  3.630780547700e+03  ,1.066071416242e-04  ,1.568616357373e-04  
  3.639150361271e+03  ,1.064141622907e-04  ,1.567643873029e-04  
  3.647539469255e+03  ,1.062210865254e-04  ,1.566670008289e-04  
  3.655947916130e+03  ,1.060279158815e-04  ,1.565694766349e-04  
  3.664375746477e+03  ,1.058346519143e-04  ,1.564718150425e-04  
  3.672823004980e+03  ,1.056412961816e-04  ,1.563740163758e-04  
  3.681289736424e+03  ,1.054478502434e-04  ,1.562760809611e-04  
  3.689775985700e+03  ,1.052543156617e-04  ,1.561780091272e-04  
  3.698281797802e+03  ,1.050606940008e-04  ,1.560798012051e-04  
  3.706807217825e+03  ,1.048669868268e-04  ,1.559814575280e-04  
  3.715352290971e+03  ,1.046731957082e-04  ,1.558829784315e-04  
  3.723917062545e+03  ,1.044793222151e-04  ,1.557843642535e-04  
  3.732501577956e+03  ,1.042853679197e-04  ,1.556856153342e-04  
  3.741105882719e+03  ,1.040913343961e-04  ,1.555867320159e-04  
  3.749730022454e+03  ,1.038972232202e-04  ,1.554877146433e-04  
  3.758374042883e+03  ,1.037030359696e-04  ,1.553885635633e-04  
  3.767037989838e+03  ,1.035087742238e-04  ,1.552892791250e-04  
  3.775721909253e+03  ,1.033144395639e-04  ,1.551898616798e-04  
  3.784425847170e+03  ,1.031200335726e-04  ,1.550903115813e-04  
  3.793149849736e+03  ,1.029255578342e-04  ,1.549906291853e-04  
  3.801893963204e+03  ,1.027310139347e-04  ,1.548908148498e-04  
  3.810658233937e+03  ,1.025364034614e-04  ,1.547908689350e-04  
  3.819442708399e+03  ,1.023417280030e-04  ,1.546907918032e-04  
  3.828247433167e+03  ,1.021469891500e-04  ,1.545905838190e-04  
  3.837072454922e+03  ,1.019521884938e-04  ,1.544902453491e-04  
  3.845917820452e+03  ,1.017573276273e-04  ,1.543897767623e-04  
  3.854783576657e+03  ,1.015624081448e-04  ,1.542891784297e-04  
  3.863669770540e+03  ,1.013674316415e-04  ,1.541884507244e-04  
  3.872576449215e+03  ,1.011723997140e-04  ,1.540875940217e-04  
  3.881503659905e+03  ,1.009773139600e-04  ,1.539866086988e-04  
  3.890451449942e+03  ,1.007821759782e-04  ,1.538854951353e-04  
  3.899419866764e+03  ,1.005869873683e-04  ,1.537842537128e-04  
  3.908408957923e+03  ,1.003917497311e-04  ,1.536828848148e-04  
  3.917418771077e+03  ,1.001964646683e-04  ,1.535813888272e-04  
  3.926449353995e+03  ,1.000011337822e-04  ,1.534797661377e-04  
  3.935500754557e+03  ,9.980575867646e-05  ,1.533780171361e-04  
  3.944573020752e+03  ,9.961034095505e-05  ,1.532761422143e-04  
  3.953666200680e+03  ,9.941488222292e-05  ,1.531741417662e-04  
  3.962780342553e+03  ,9.921938408565e-05  ,1.530720161878e-04  
  3.971915494693e+03  ,9.902384814946e-05  ,1.529697658769e-04  
  3.981071705534e+03  ,9.882827602118e-05  ,1.528673912335e-04  
  3.990249023620e+03  ,9.863266930819e-05  ,1.527648926596e-04  
  3.999447497610e+03  ,9.843702961835e-05  ,1.526622705589e-04  
  4.008667176272e+03  ,9.824135856000e-05  ,1.525595253374e-04  
  4.017908108488e+03  ,9.804565774189e-05  ,1.524566574029e-04  
  4.027170343253e+03  ,9.784992877309e-05  ,1.523536671650e-04  
  4.036453929675e+03  ,9.765417326304e-05  ,1.522505550357e-04  
  4.045758916973e+03  ,9.745839282140e-05  ,1.521473214283e-04  
  4.055085354483e+03  ,9.726258905808e-05  ,1.520439667584e-04  
  4.064433291651e+03  ,9.706676358315e-05  ,1.519404914435e-04  
  4.073802778040e+03  ,9.687091800679e-05  ,1.518368959029e-04  
  4.083193863326e+03  ,9.667505393930e-05  ,1.517331805576e-04  
  4.092606597299e+03  ,9.647917299096e-05  ,1.516293458308e-04  
  4.102041029865e+03  ,9.628327677209e-05  ,1.515253921474e-04  
  4.111497211044e+03  ,9.608736689290e-05  ,1.514213199340e-04  
  4.120975190972e+03  ,9.589144496353e-05  ,1.513171296192e-04  
  4.130475019900e+03  ,9.569551259395e-05  ,1.512128216333e-04  
  4.139996748196e+03  ,9.549957139392e-05  ,1.511083964086e-04  
  4.149540426342e+03  ,9.530362297296e-05  ,1.510038543790e-04  
  4.159106104939e+03  ,9.510766894032e-05  ,1.508991959803e-04  
  4.168693834702e+03  ,9.491171090487e-05  ,1.507944216499e-04  
  4.178303666465e+03  ,9.471575047513e-05  ,1.506895318271e-04  
  4.187935651178e+03  ,9.451978925916e-05  ,1.505845269529e-04  
  4.197589839909e+03  ,9.432382886458e-05  ,1.504794074701e-04  
  4.207266283843e+03  ,9.412787089845e-05  ,1.503741738231e-04  
  4.216965034285e+03  ,9.393191696727e-05  ,1.502688264580e-04  
  4.226686142655e+03  ,9.373596867695e-05  ,1.501633658228e-04  
  4.236429660494e+03  ,9.354002763271e-05  ,1.500577923669e-04  
  4.246195639462e+03  ,9.334409543908e-05  ,1.499521065415e-04  
  4.255984131336e+03  ,9.314817369984e-05  ,1.498463087996e-04  
  4.265795188015e+03  ,9.295226401797e-05  ,1.497403995956e-04  
  4.275628861515e+03  ,9.275636799561e-05  ,1.496343793857e-04  
  4.285485203973e+03  ,9.256048723401e-05  ,1.495282486275e-04  
  4.295364267648e+03  ,9.236462333350e-05  ,1.494220077805e-04  
  4.305266104916e+03  ,9.216877789343e-05  ,1.493156573056e-04  
  4.315190768276e+03  ,9.197295251213e-05  ,1.492091976653e-04  
  4.325138310349e+03  ,9.177714878686e-05  ,1.491026293238e-04  
  4.335108783874e+03  ,9.158136831377e-05  ,1.489959527466e-04  
  4.345102241714e+03  ,9.138561268787e-05  ,1.488891684009e-04  
  4.355118736854e+03  ,9.118988350295e-05  ,1.487822767555e-04  
  4.365158322400e+03  ,9.099418235159e-05  ,1.486752782806e-04  
  4.375221051581e+03  ,9.079851082506e-05  ,1.485681734479e-04  
  4.385306977749e+03  ,9.060287051330e-05  ,1.484609627306e-04  
  4.395416154377e+03  ,9.040726300489e-05  ,1.483536466035e-04  
  4.405548635064e+03  ,9.021168988698e-05  ,1.482462255426e-04  
  4.415704473532e+03  ,9.001615274527e-05  ,1.481387000256e-04  
  4.425883723625e+03  ,8.982065316395e-05  ,1.480310705315e-04  
  4.436086439313e+03  ,8.962519272568e-05  ,1.479233375408e-04  
  4.446312674690e+03  ,8.942977301149e-05  ,1.478155015353e-04  
  4.456562483974e+03  ,8.923439560083e-05  ,1.477075629983e-04  
  4.466835921508e+03  ,8.903906207143e-05  ,1.475995224144e-04  
  4.477133041762e+03  ,8.884377399932e-05  ,1.474913802697e-04  
  4.487453899330e+03  ,8.864853295878e-05  ,1.473831370514e-04  
  4.497798548932e+03  ,8.845334052226e-05  ,1.472747932484e-04  
  4.508167045413e+03  ,8.825819826040e-05  ,1.471663493506e-04  
  4.518559443748e+03  ,8.806310774192e-05  ,1.470578058493e-04  
  4.528975799035e+03  ,8.786807053363e-05  ,1.469491632373e-04  
  4.539416166501e+03  ,8.767308820037e-05  ,1.468404220084e-04  
  4.549880601499e+03  ,8.747816230495e-05  ,1.467315826578e-04  
  4.560369159512e+03  ,8.728329440813e-05  ,1.466226456821e-04  
  4.570881896147e+03  ,8.708848606861e-05  ,1.465136115788e-04  
  4.581418867144e+03  ,8.689373884290e-05  ,1.464044808470e-04  
  4.591980128367e+03  ,8.669905428537e-05  ,1.462952539867e-04  
  4.602565735812e+03  ,8.650443394817e-05  ,1.461859314994e-04  
  4.613175745602e+03  ,8.630987938116e-05  ,1.460765138876e-04  
  4.623810213991e+03  ,8.611539213195e-05  ,1.459670016549e-04  
  4.634469197361e+03  ,8.592097374576e-05  ,1.458573953063e-04  
  4.645152752226e+03  ,8.572662576547e-05  ,1.457476953479e-04  
  4.655860935228e+03  ,8.553234973151e-05  ,1.456379022867e-04  
  4.666593803141e+03  ,8.533814718188e-05  ,1.455280166310e-04  
  4.677351412871e+03  ,8.514401965206e-05  ,1.454180388903e-04  
  4.688133821451e+03  ,8.494996867500e-05  ,1.453079695750e-04  
  4.698941086051e+03  ,8.475599578107e-05  ,1.451978091966e-04  
  4.709773263968e+03  ,8.456210249802e-05  ,1.450875582678e-04  
  4.720630412634e+03  ,8.436829035095e-05  ,1.449772173023e-04  
  4.731512589613e+03  ,8.417456086226e-05  ,1.448667868147e-04  
  4.742419852601e+03  ,8.398091555161e-05  ,1.447562673207e-04  
  4.753352259427e+03  ,8.378735593592e-05  ,1.446456593372e-04  
  4.764309868053e+03  ,8.359388352926e-05  ,1.445349633818e-04  
  4.775292736575e+03  ,8.340049984288e-05  ,1.444241799732e-04  
  4.786300923225e+03  ,8.320720638513e-05  ,1.443133096311e-04  
  4.797334486365e+03  ,8.301400466143e-05  ,1.442023528762e-04  
  4.808393484496e+03  ,8.282089617426e-05  ,1.440913102298e-04  
  4.819477976250e+03  ,8.262788242309e-05  ,1.439801822147e-04  
  4.830588020396e+03  ,8.243496490436e-05  ,1.438689693540e-04  
  4.841723675840e+03  ,8.224214511142e-05  ,1.437576721721e-04  
  4.852885001620e+03  ,8.204942453453e-05  ,1.436462911942e-04  
  4.864072056913e+03  ,8.185680466080e-05  ,1.435348269463e-04  
  4.875284901032e+03  ,8.166428697415e-05  ,1.434232799552e-04  
  4.886523593427e+03  ,8.147187295530e-05  ,1.433116507487e-04  
  4.897788193683e+03  ,8.127956408168e-05  ,1.431999398552e-04  
  4.909078761525e+03  ,8.108736182747e-05  ,1.430881478042e-04  
  4.920395356813e+03  ,8.089526766350e-05  ,1.429762751257e-04  
  4.931738039548e+03  ,8.070328305724e-05  ,1.428643223507e-04  
  4.943106869867e+03  ,8.051140947278e-05  ,1.427522900109e-04  
  4.954501908046e+03  ,8.031964837075e-05  ,1.426401786386e-04  
  4.965923214502e+03  ,8.012800120835e-05  ,1.425279887671e-04  
  4.977370849788e+03  ,7.993646943925e-05  ,1.424157209303e-04  
  4.988844874599e+03  ,7.974505451360e-05  ,1.423033756627e-04  
  5.000345349768e+03  ,7.955375787796e-05  ,1.421909534996e-04  
  5.011872336271e+03  ,7.936258097531e-05  ,1.420784549770e-04  
  5.023425895222e+03  ,7.917152524499e-05  ,1.419658806315e-04  
  5.035006087878e+03  ,7.898059212265e-05  ,1.418532310005e-04  
  5.046612975634e+03  ,7.878978304026e-05  ,1.417405066219e-04  
  5.058246620030e+03  ,7.859909942603e-05  ,1.416277080342e-04  
  5.069907082745e+03  ,7.840854270440e-05  ,1.415148357765e-04  
  5.081594425604e+03  ,7.821811429604e-05  ,1.414018903887e-04  
  5.093308710570e+03  ,7.802781561773e-05  ,1.412888724110e-04  
  5.105049999753e+03  ,7.783764808244e-05  ,1.411757823844e-04  
  5.116818355402e+03  ,7.764761309919e-05  ,1.410626208503e-04  
  5.128613839912e+03  ,7.745771207309e-05  ,1.409493883507e-04  
  5.140436515823e+03  ,7.726794640528e-05  ,1.408360854282e-04  
  5.152286445816e+03  ,7.707831749291e-05  ,1.407227126257e-04  
  5.164163692719e+03  ,7.688882672910e-05  ,1.406092704867e-04  
  5.176068319504e+03  ,7.669947550290e-05  ,1.404957595554e-04  
  5.188000389288e+03  ,7.651026519929e-05  ,1.403821803760e-04  
  5.199959965334e+03  ,7.632119719912e-05  ,1.402685334937e-04  
  5.211947111049e+03  ,7.613227287909e-05  ,1.401548194536e-04  
  5.223961889990e+03  ,7.594349361171e-05  ,1.400410388016e-04  
  5.236004365856e+03  ,7.575486076529e-05  ,1.399271920840e-04  
  5.248074602496e+03  ,7.556637570390e-05  ,1.398132798472e-04  
  5.260172663905e+03  ,7.537803978733e-05  ,1.396993026383e-04  
  5.272298614227e+03  ,7.518985437108e-05  ,1.395852610047e-04  
  5.284452517750e+03  ,7.500182080631e-05  ,1.394711554939e-04  
  5.296634438915e+03  ,7.481394043983e-05  ,1.393569866541e-04  
  5.308844442308e+03  ,7.462621461407e-05  ,1.392427550336e-04  
  5.321082592666e+03  ,7.443864466701e-05  ,1.391284611811e-04  
  5.333348954875e+03  ,7.425123193224e-05  ,1.390141056455e-04  
  5.345643593968e+03  ,7.406397773883e-05  ,1.388996889763e-04  
  5.357966575132e+03  ,7.387688341137e-05  ,1.387852117227e-04  
  5.370317963701e+03  ,7.368995026993e-05  ,1.386706744348e-04  
  5.382697825161e+03  ,7.350317963001e-05  ,1.385560776624e-04  
  5.395106225150e+03  ,7.331657280254e-05  ,1.384414219559e-04  
  5.407543229454e+03  ,7.313013109382e-05  ,1.383267078658e-04  
  5.420008904015e+03  ,7.294385580553e-05  ,1.382119359427e-04  
  5.432503314923e+03  ,7.275774823469e-05  ,1.380971067374e-04  
  5.445026528423e+03  ,7.257180967363e-05  ,1.379822208012e-04  
  5.457578610911e+03  ,7.238604140996e-05  ,1.378672786850e-04  
  5.470159628938e+03  ,7.220044472653e-05  ,1.377522809404e-04  
  5.482769649207e+03  ,7.201502090146e-05  ,1.376372281188e-04  
  5.495408738575e+03  ,7.182977120805e-05  ,1.375221207717e-04  
  5.508076964052e+03  ,7.164469691480e-05  ,1.374069594510e-04  
  5.520774392806e+03  ,7.145979928536e-05  ,1.372917447084e-04  
  5.533501092156e+03  ,7.127507957849e-05  ,1.371764770958e-04  
  5.546257129577e+03  ,7.109053904810e-05  ,1.370611571651e-04  
  5.559042572702e+03  ,7.090617894316e-05  ,1.369457854684e-04  
  5.571857489318e+03  ,7.072200050769e-05  ,1.368303625577e-04  
  5.584701947367e+03  ,7.053800498077e-05  ,1.367148889851e-04  
  5.597576014949e+03  ,7.035419359647e-05  ,1.365993653027e-04  
  5.610479760323e+03  ,7.017056758386e-05  ,1.364837920624e-04  
  5.623413251902e+03  ,6.998712816697e-05  ,1.363681698165e-04  
  5.636376558258e+03  ,6.980387656478e-05  ,1.362524991169e-04  
  5.649369748121e+03  ,6.962081399118e-05  ,1.361367805157e-04  
  5.662392890381e+03  ,6.943794165496e-05  ,1.360210145647e-04  
  5.675446054084e+03  ,6.925526075979e-05  ,1.359052018159e-04  
  5.688529308437e+03  ,6.907277250418e-05  ,1.357893428210e-04  
  5.701642722806e+03  ,6.889047808148e-05  ,1.356734381318e-04  
  5.714786366717e+03  ,6.870837867984e-05  ,1.355574882999e-04  
  5.727960309857e+03  ,6.852647548221e-05  ,1.354414938767e-04  
  5.741164622072e+03  ,6.834476966631e-05  ,1.353254554135e-04  
  5.754399373370e+03  ,6.816326240458e-05  ,1.352093734617e-04  
  5.767664633921e+03  ,6.798195486420e-05  ,1.350932485721e-04  
  5.780960474055e+03  ,6.780084820706e-05  ,1.349770812957e-04  
  5.794286964267e+03  ,6.761994358973e-05  ,1.348608721832e-04  
  5.807644175211e+03  ,6.743924216343e-05  ,1.347446217851e-04  
  5.821032177707e+03  ,6.725874507404e-05  ,1.346283306516e-04  
  5.834451042736e+03  ,6.707845346206e-05  ,1.345119993328e-04  
  5.847900841443e+03  ,6.689836846260e-05  ,1.343956283786e-04  
  5.861381645138e+03  ,6.671849120533e-05  ,1.342792183384e-04  
  5.874893525296e+03  ,6.653882281453e-05  ,1.341627697617e-04  
  5.888436553554e+03  ,6.635936440899e-05  ,1.340462831974e-04  
  5.902010801717e+03  ,6.618011710205e-05  ,1.339297591944e-04  
  5.915616341753e+03  ,6.600108200156e-05  ,1.338131983010e-04  
  5.929253245798e+03  ,6.582226020985e-05  ,1.336966010655e-04  
  5.942921586154e+03  ,6.564365282373e-05  ,1.335799680357e-04  
  5.956621435288e+03  ,6.546526093449e-05  ,1.334632997590e-04  
  5.970352865837e+03  ,6.528708562783e-05  ,1.333465967826e-04  
  5.984115950601e+03  ,6.510912798390e-05  ,1.332298596534e-04  
  5.997910762553e+03  ,6.493138907724e-05  ,1.331130889177e-04  
  6.011737374831e+03  ,6.475386997678e-05  ,1.329962851215e-04  
  6.025595860742e+03  ,6.457657174583e-05  ,1.328794488106e-04  
  6.039486293762e+03  ,6.439949544207e-05  ,1.327625805301e-04  
  6.053408747537e+03  ,6.422264211749e-05  ,1.326456808249e-04  
  6.067363295883e+03  ,6.404601281844e-05  ,1.325287502393e-04  
  6.081350012785e+03  ,6.386960858556e-05  ,1.324117893174e-04  
  6.095368972400e+03  ,6.369343045379e-05  ,1.322947986025e-04  
  6.109420249054e+03  ,6.351747945236e-05  ,1.321777786377e-04  
  6.123503917246e+03  ,6.334175660474e-05  ,1.320607299656e-04  
  6.137620051646e+03  ,6.316626292869e-05  ,1.319436531282e-04  
  6.151768727097e+03  ,6.299099943617e-05  ,1.318265486671e-04  
  6.165950018613e+03  ,6.281596713338e-05  ,1.317094171233e-04  
  6.180164001382e+03  ,6.264116702074e-05  ,1.315922590373e-04  
  6.194410750766e+03  ,6.246660009284e-05  ,1.314750749491e-04  
  6.208690342299e+03  ,6.229226733846e-05  ,1.313578653982e-04  
  6.223002851690e+03  ,6.211816974056e-05  ,1.312406309233e-04  
  6.237348354822e+03  ,6.194430827626e-05  ,1.311233720629e-04  
  6.251726927755e+03  ,6.177068391679e-05  ,1.310060893547e-04  
  6.266138646721e+03  ,6.159729762754e-05  ,1.308887833357e-04  
  6.280583588131e+03  ,6.142415036801e-05  ,1.307714545426e-04  
  6.295061828570e+03  ,6.125124309181e-05  ,1.306541035112e-04  
  6.309573444800e+03  ,6.107857674664e-05  ,1.305367307768e-04  
  6.324118513760e+03  ,6.090615227428e-05  ,1.304193368741e-04  
  6.338697112567e+03  ,6.073397061058e-05  ,1.303019223370e-04  
  6.353309318515e+03  ,6.056203268546e-05  ,1.301844876991e-04  
  6.367955209077e+03  ,6.039033942289e-05  ,1.300670334928e-04  
  6.382634861904e+03  ,6.021889174086e-05  ,1.299495602502e-04  
  6.397348354824e+03  ,6.004769055142e-05  ,1.298320685027e-04  
  6.412095765850e+03  ,5.987673676060e-05  ,1.297145587808e-04  
  6.426877173168e+03  ,5.970603126847e-05  ,1.295970316144e-04  
  6.441692655150e+03  ,5.953557496908e-05  ,1.294794875328e-04  
  6.456542290345e+03  ,5.936536875048e-05  ,1.293619270643e-04  
  6.471426157484e+03  ,5.919541349469e-05  ,1.292443507367e-04  
  6.486344335480e+03  ,5.902571007770e-05  ,1.291267590769e-04  
  6.501296903429e+03  ,5.885625936948e-05  ,1.290091526110e-04  
  6.516283940606e+03  ,5.868706223392e-05  ,1.288915318646e-04  
  6.531305526473e+03  ,5.851811952889e-05  ,1.287738973622e-04  
  6.546361740671e+03  ,5.834943210617e-05  ,1.286562496277e-04  
  6.561452663027e+03  ,5.818100081149e-05  ,1.285385891841e-04  
  6.576578373552e+03  ,5.801282648447e-05  ,1.284209165536e-04  
  6.591738952441e+03  ,5.784490995868e-05  ,1.283032322576e-04  
  6.606934480074e+03  ,5.767725206157e-05  ,1.281855368167e-04  
  6.622165037016e+03  ,5.750985361450e-05  ,1.280678307505e-04  
  6.637430704017e+03  ,5.734271543271e-05  ,1.279501145780e-04  
  6.652731562015e+03  ,5.717583832535e-05  ,1.278323888172e-04  
  6.668067692134e+03  ,5.700922309542e-05  ,1.277146539851e-04  
  6.683439175684e+03  ,5.684287053981e-05  ,1.275969105981e-04  
  6.698846094163e+03  ,5.667678144928e-05  ,1.274791591715e-04  
  6.714288529257e+03  ,5.651095660843e-05  ,1.273614002197e-04  
  6.729766562841e+03  ,5.634539679574e-05  ,1.272436342563e-04  
  6.745280276977e+03  ,5.618010278353e-05  ,1.271258617939e-04  
  6.760829753918e+03  ,5.601507533797e-05  ,1.270080833442e-04  
  6.776415076105e+03  ,5.585031521906e-05  ,1.268902994180e-04  
  6.792036326170e+03  ,5.568582318064e-05  ,1.267725105250e-04  
  6.807693586935e+03  ,5.552159997040e-05  ,1.266547171742e-04  
  6.823386941415e+03  ,5.535764632982e-05  ,1.265369198735e-04  
  6.839116472812e+03  ,5.519396299424e-05  ,1.264191191297e-04  
  6.854882264524e+03  ,5.503055069280e-05  ,1.263013154488e-04  
  6.870684400140e+03  ,5.486741014847e-05  ,1.261835093357e-04  
  6.886522963441e+03  ,5.470454207801e-05  ,1.260657012945e-04  
  6.902398038400e+03  ,5.454194719201e-05  ,1.259478918279e-04  
  6.918309709187e+03  ,5.437962619487e-05  ,1.258300814380e-04  
  6.934258060164e+03  ,5.421757978478e-05  ,1.257122706256e-04  
  6.950243175886e+03  ,5.405580865374e-05  ,1.255944598907e-04  
  6.966265141106e+03  ,5.389431348755e-05  ,1.254766497319e-04  
  6.982324040770e+03  ,5.373309496580e-05  ,1.253588406472e-04  
  6.998419960021e+03  ,5.357215376189e-05  ,1.252410331331e-04  
  7.014552984198e+03  ,5.341149054301e-05  ,1.251232276854e-04  
  7.030723198836e+03  ,5.325110597012e-05  ,1.250054247986e-04  
  7.046930689669e+03  ,5.309100069802e-05  ,1.248876249662e-04  
  7.063175542627e+03  ,5.293117537526e-05  ,1.247698286805e-04  
  7.079457843839e+03  ,5.277163064420e-05  ,1.246520364330e-04  
  7.095777679632e+03  ,5.261236714098e-05  ,1.245342487137e-04  
  7.112135136531e+03  ,5.245338549554e-05  ,1.244164660117e-04  
  7.128530301263e+03  ,5.229468633161e-05  ,1.242986888150e-04  
  7.144963260753e+03  ,5.213627026669e-05  ,1.241809176105e-04  
  7.161434102127e+03  ,5.197813791210e-05  ,1.240631528837e-04  
  7.177942912711e+03  ,5.182028987294e-05  ,1.239453951192e-04  
  7.194489780035e+03  ,5.166272674809e-05  ,1.238276448004e-04  
  7.211074791827e+03  ,5.150544913023e-05  ,1.237099024095e-04  
  7.227698036019e+03  ,5.134845760585e-05  ,1.235921684277e-04  
  7.244359600748e+03  ,5.119175275521e-05  ,1.234744433347e-04  
  7.261059574349e+03  ,5.103533515239e-05  ,1.233567276092e-04  
  7.277798045366e+03  ,5.087920536525e-05  ,1.232390217288e-04  
  7.294575102543e+03  ,5.072336395546e-05  ,1.231213261698e-04  
  7.311390834832e+03  ,5.056781147850e-05  ,1.230036414073e-04  
  7.328245331387e+03  ,5.041254848365e-05  ,1.228859679152e-04  
  7.345138681569e+03  ,5.025757551400e-05  ,1.227683061662e-04  
  7.362070974945e+03  ,5.010289310644e-05  ,1.226506566317e-04  
  7.379042301289e+03  ,4.994850179170e-05  ,1.225330197820e-04  
  7.396052750580e+03  ,4.979440209430e-05  ,1.224153960861e-04  
  7.413102413007e+03  ,4.964059453261e-05  ,1.222977860117e-04  
  7.430191378965e+03  ,4.948707961879e-05  ,1.221801900253e-04  
  7.447319739058e+03  ,4.933385785887e-05  ,1.220626085922e-04  
  7.464487584098e+03  ,4.918092975268e-05  ,1.219450421763e-04  
  7.481695005109e+03  ,4.902829579391e-05  ,1.218274912404e-04  
  7.498942093322e+03  ,4.887595647008e-05  ,1.217099562460e-04  
  7.516228940180e+03  ,4.872391226255e-05  ,1.215924376531e-04  
  7.533555637335e+03  ,4.857216364656e-05  ,1.214749359206e-04  
  7.550922276652e+03  ,4.842071109118e-05  ,1.213574515061e-04  
  7.568328950207e+03  ,4.826955505935e-05  ,1.212399848660e-04  
  7.585775750289e+03  ,4.811869600788e-05  ,1.211225364551e-04  
  7.603262769399e+03  ,4.796813438746e-05  ,1.210051067271e-04  
  7.620790100252e+03  ,4.781787064265e-05  ,1.208876961344e-04  
  7.638357835775e+03  ,4.766790521190e-05  ,1.207703051281e-04  
  7.655966069110e+03  ,4.751823852755e-05  ,1.206529341577e-04  
  7.673614893616e+03  ,4.736887101583e-05  ,1.205355836716e-04  
  7.691304402864e+03  ,4.721980309690e-05  ,1.204182541170e-04  
  7.709034690642e+03  ,4.707103518481e-05  ,1.203009459394e-04  
  7.726805850955e+03  ,4.692256768754e-05  ,1.201836595832e-04  
  7.744617978023e+03  ,4.677440100699e-05  ,1.200663954913e-04  
  7.762471166284e+03  ,4.662653553900e-05  ,1.199491541055e-04  
  7.780365510396e+03  ,4.647897167334e-05  ,1.198319358658e-04  
  7.798301105230e+03  ,4.633170979375e-05  ,1.197147412113e-04  
  7.816278045881e+03  ,4.618475027791e-05  ,1.195975705793e-04  
  7.834296427660e+03  ,4.603809349748e-05  ,1.194804244061e-04  
  7.852356346098e+03  ,4.589173981807e-05  ,1.193633031264e-04  
  7.870457896949e+03  ,4.574568959930e-05  ,1.192462071734e-04  
  7.888601176183e+03  ,4.559994319477e-05  ,1.191291369792e-04  
  7.906786279996e+03  ,4.545450095209e-05  ,1.190120929744e-04  
  7.925013304802e+03  ,4.530936321286e-05  ,1.188950755880e-04  
  7.943282347240e+03  ,4.516453031271e-05  ,1.187780852478e-04  
  7.961593504171e+03  ,4.502000258130e-05  ,1.186611223802e-04  
  7.979946872677e+03  ,4.487578034234e-05  ,1.185441874100e-04  
  7.998342550068e+03  ,4.473186391356e-05  ,1.184272807607e-04  
  8.016780633874e+03  ,4.458825360678e-05  ,1.183104028545e-04  
  8.035261221854e+03  ,4.444494972786e-05  ,1.181935541118e-04  
  8.053784411988e+03  ,4.430195257676e-05  ,1.180767349521e-04  
  8.072350302486e+03  ,4.415926244752e-05  ,1.179599457929e-04  
  8.090958991781e+03  ,4.401687962829e-05  ,1.178431870506e-04  
  8.109610578536e+03  ,4.387480440131e-05  ,1.177264591401e-04  
  8.128305161638e+03  ,4.373303704297e-05  ,1.176097624749e-04  
  8.147042840206e+03  ,4.359157782377e-05  ,1.174930974668e-04  
  8.165823713583e+03  ,4.345042700838e-05  ,1.173764645264e-04  
  8.184647881345e+03  ,4.330958485560e-05  ,1.172598640628e-04  
  8.203515443296e+03  ,4.316905161842e-05  ,1.171432964835e-04  
  8.222426499468e+03  ,4.302882754400e-05  ,1.170267621946e-04  
  8.241381150127e+03  ,4.288891287370e-05  ,1.169102616009e-04  
  8.260379495769e+03  ,4.274930784308e-05  ,1.167937951054e-04  
  8.279421637121e+03  ,4.261001268192e-05  ,1.166773631099e-04  
  8.298507675142e+03  ,4.247102761422e-05  ,1.165609660146e-04  
  8.317637711024e+03  ,4.233235285825e-05  ,1.164446042181e-04  
  8.336811846194e+03  ,4.219398862651e-05  ,1.163282781179e-04  
  8.356030182310e+03  ,4.205593512578e-05  ,1.162119881095e-04  
  8.375292821266e+03  ,4.191819255712e-05  ,1.160957345872e-04  
  8.394599865191e+03  ,4.178076111590e-05  ,1.159795179439e-04  
  8.413951416449e+03  ,4.164364099177e-05  ,1.158633385707e-04  
  8.433347577640e+03  ,4.150683236874e-05  ,1.157471968574e-04  
  8.452788451600e+03  ,4.137033542514e-05  ,1.156310931923e-04  
  8.472274141403e+03  ,4.123415033364e-05  ,1.155150279622e-04  
  8.491804750360e+03  ,4.109827726130e-05  ,1.153990015521e-04  
  8.511380382021e+03  ,4.096271636954e-05  ,1.152830143459e-04  
  8.531001140173e+03  ,4.082746781418e-05  ,1.151670667258e-04  
  8.550667128844e+03  ,4.069253174547e-05  ,1.150511590724e-04  
  8.570378452301e+03  ,4.055790830806e-05  ,1.149352917649e-04  
  8.590135215051e+03  ,4.042359764105e-05  ,1.148194651810e-04  
  8.609937521843e+03  ,4.028959987800e-05  ,1.147036796967e-04  
  8.629785477667e+03  ,4.015591514692e-05  ,1.145879356867e-04  
  8.649679187754e+03  ,4.002254357033e-05  ,1.144722335240e-04  
  8.669618757579e+03  ,3.988948526524e-05  ,1.143565735802e-04  
  8.689604292860e+03  ,3.975674034318e-05  ,1.142409562251e-04  
  8.709635899558e+03  ,3.962430891021e-05  ,1.141253818274e-04  
  8.729713683878e+03  ,3.949219106695e-05  ,1.140098507539e-04  
  8.749837752272e+03  ,3.936038690856e-05  ,1.138943633700e-04  
  8.770008211434e+03  ,3.922889652481e-05  ,1.137789200395e-04  
  8.790225168306e+03  ,3.909772000006e-05  ,1.136635211248e-04  
  8.810488730077e+03  ,3.896685741327e-05  ,1.135481669866e-04  
  8.830799004183e+03  ,3.883630883806e-05  ,1.134328579841e-04  
  8.851156098306e+03  ,3.870607434267e-05  ,1.133175944749e-04  
  8.871560120377e+03  ,3.857615399002e-05  ,1.132023768153e-04  
  8.892011178577e+03  ,3.844654783771e-05  ,1.130872053597e-04  
  8.912509381335e+03  ,3.831725593805e-05  ,1.129720804612e-04  
  8.933054837330e+03  ,3.818827833805e-05  ,1.128570024713e-04  
  8.953647655493e+03  ,3.805961507946e-05  ,1.127419717397e-04  
  8.974287945005e+03  ,3.793126619880e-05  ,1.126269886150e-04  
  8.994975815297e+03  ,3.780323172733e-05  ,1.125120534439e-04  
  9.015711376057e+03  ,3.767551169114e-05  ,1.123971665716e-04  
  9.036494737220e+03  ,3.754810611107e-05  ,1.122823283418e-04  
  9.057326008979e+03  ,3.742101500285e-05  ,1.121675390967e-04  
  9.078205301779e+03  ,3.729423837699e-05  ,1.120527991768e-04  
  9.099132726320e+03  ,3.716777623892e-05  ,1.119381089211e-04  
  9.120108393556e+03  ,3.704162858890e-05  ,1.118234686670e-04  
  9.141132414700e+03  ,3.691579542212e-05  ,1.117088787505e-04  
  9.162204901217e+03  ,3.679027672867e-05  ,1.115943395058e-04  
  9.183325964833e+03  ,3.666507249360e-05  ,1.114798512658e-04  
  9.204495717529e+03  ,3.654018269689e-05  ,1.113654143616e-04  
  9.225714271545e+03  ,3.641560731351e-05  ,1.112510291227e-04  
  9.246981739379e+03  ,3.629134631342e-05  ,1.111366958774e-04  
  9.268298233791e+03  ,3.616739966158e-05  ,1.110224149521e-04  
  9.289663867796e+03  ,3.604376731801e-05  ,1.109081866717e-04  
  9.311078754675e+03  ,3.592044923776e-05  ,1.107940113596e-04  
  9.332543007967e+03  ,3.579744537096e-05  ,1.106798893376e-04  
  9.354056741473e+03  ,3.567475566284e-05  ,1.105658209260e-04  
  9.375620069256e+03  ,3.555238005372e-05  ,1.104518064433e-04  
  9.397233105643e+03  ,3.543031847907e-05  ,1.103378462068e-04  
  9.418895965225e+03  ,3.530857086952e-05  ,1.102239405319e-04  
  9.440608762856e+03  ,3.518713715083e-05  ,1.101100897326e-04  
  9.462371613655e+03  ,3.506601724401e-05  ,1.099962941214e-04  
  9.484184633006e+03  ,3.494521106524e-05  ,1.098825540091e-04  
  9.506047936560e+03  ,3.482471852595e-05  ,1.097688697049e-04  
  9.527961640233e+03  ,3.470453953283e-05  ,1.096552415165e-04  
  9.549925860211e+03  ,3.458467398782e-05  ,1.095416697502e-04  
  9.571940712945e+03  ,3.446512178818e-05  ,1.094281547105e-04  
  9.594006315156e+03  ,3.434588282648e-05  ,1.093146967004e-04  
  9.616122783834e+03  ,3.422695699063e-05  ,1.092012960214e-04  
  9.638290236237e+03  ,3.410834416388e-05  ,1.090879529734e-04  
  9.660508789895e+03  ,3.399004422488e-05  ,1.089746678546e-04  
  9.682778562609e+03  ,3.387205704767e-05  ,1.088614409620e-04  
  9.705099672452e+03  ,3.375438250172e-05  ,1.087482725906e-04  
  9.727472237767e+03  ,3.363702045194e-05  ,1.086351630342e-04  
  9.749896377171e+03  ,3.351997075870e-05  ,1.085221125848e-04  
  9.772372209555e+03  ,3.340323327787e-05  ,1.084091215329e-04  
  9.794899854084e+03  ,3.328680786081e-05  ,1.082961901676e-04  
  9.817479430197e+03  ,3.317069435441e-05  ,1.081833187763e-04  
  9.840111057608e+03  ,3.305489260114e-05  ,1.080705076448e-04  
  9.862794856309e+03  ,3.293940243902e-05  ,1.079577570574e-04  
  9.885530946566e+03  ,3.282422370166e-05  ,1.078450672969e-04  
  9.908319448925e+03  ,3.270935621830e-05  ,1.077324386444e-04  
  9.931160484206e+03  ,3.259479981381e-05  ,1.076198713797e-04  
  9.954054173512e+03  ,3.248055430875e-05  ,1.075073657809e-04  
  9.977000638222e+03  ,3.236661951932e-05  ,1.073949221245e-04  
  9.999999999997e+03  ,3.225299525746e-05  ,1.072825406854e-04  
  1.002305238078e+04  ,3.213968133083e-05  ,1.071702217372e-04  
  1.004615790278e+04  ,3.202667754283e-05  ,1.070579655518e-04  
  1.006931668851e+04  ,3.191398369265e-05  ,1.069457723995e-04  
  1.009252886076e+04  ,3.180159957527e-05  ,1.068336425492e-04  
  1.011579454260e+04  ,3.168952498147e-05  ,1.067215762682e-04  
  1.013911385736e+04  ,3.157775969791e-05  ,1.066095738221e-04  
  1.016248692870e+04  ,3.146630350709e-05  ,1.064976354753e-04  
  1.018591388054e+04  ,3.135515618739e-05  ,1.063857614904e-04  
  1.020939483707e+04  ,3.124431751312e-05  ,1.062739521286e-04  
  1.023292992280e+04  ,3.113378725451e-05  ,1.061622076494e-04  
  1.025651926251e+04  ,3.102356517775e-05  ,1.060505283110e-04  
  1.028016298126e+04  ,3.091365104501e-05  ,1.059389143698e-04  
  1.030386120441e+04  ,3.080404461445e-05  ,1.058273660810e-04  
  1.032761405761e+04  ,3.069474564028e-05  ,1.057158836980e-04  
  1.035142166679e+04  ,3.058575387273e-05  ,1.056044674728e-04  
  1.037528415818e+04  ,3.047706905812e-05  ,1.054931176559e-04  
  1.039920165829e+04  ,3.036869093886e-05  ,1.053818344962e-04  
  1.042317429393e+04  ,3.026061925348e-05  ,1.052706182411e-04  
  1.044720219220e+04  ,3.015285373664e-05  ,1.051594691366e-04  
  1.047128548051e+04  ,3.004539411917e-05  ,1.050483874270e-04  
  1.049542428652e+04  ,2.993824012811e-05  ,1.049373733552e-04  
  1.051961873823e+04  ,2.983139148667e-05  ,1.048264271626e-04  
  1.054386896391e+04  ,2.972484791433e-05  ,1.047155490891e-04  
  1.056817509213e+04  ,2.961860912681e-05  ,1.046047393730e-04  
  1.059253725177e+04  ,2.951267483612e-05  ,1.044939982513e-04  
  1.061695557198e+04  ,2.940704475058e-05  ,1.043833259592e-04  
  1.064143018224e+04  ,2.930171857482e-05  ,1.042727227307e-04  
  1.066596121230e+04  ,2.919669600985e-05  ,1.041621887981e-04  
  1.069054879222e+04  ,2.909197675302e-05  ,1.040517243923e-04  
  1.071519305237e+04  ,2.898756049813e-05  ,1.039413297428e-04  
  1.073989412341e+04  ,2.888344693535e-05  ,1.038310050773e-04  
  1.076465213629e+04  ,2.877963575135e-05  ,1.037207506225e-04  
  1.078946722229e+04  ,2.867612662923e-05  ,1.036105666031e-04  
  1.081433951298e+04  ,2.857291924860e-05  ,1.035004532427e-04  
  1.083926914021e+04  ,2.847001328559e-05  ,1.033904107633e-04  
  1.086425623617e+04  ,2.836740841289e-05  ,1.032804393853e-04  
  1.088930093333e+04  ,2.826510429972e-05  ,1.031705393279e-04  
  1.091440336448e+04  ,2.816310061192e-05  ,1.030607108086e-04  
  1.093956366272e+04  ,2.806139701193e-05  ,1.029509540436e-04  
  1.096478196143e+04  ,2.795999315885e-05  ,1.028412692474e-04  
  1.099005839432e+04  ,2.785888870841e-05  ,1.027316566333e-04  
  1.101539309541e+04  ,2.775808331305e-05  ,1.026221164130e-04  
  1.104078619902e+04  ,2.765757662191e-05  ,1.025126487968e-04  
  1.106623783977e+04  ,2.755736828087e-05  ,1.024032539935e-04  
  1.109174815262e+04  ,2.745745793257e-05  ,1.022939322106e-04  
  1.111731727281e+04  ,2.735784521642e-05  ,1.021846836539e-04  
  1.114294533591e+04  ,2.725852976866e-05  ,1.020755085280e-04  
  1.116863247780e+04  ,2.715951122233e-05  ,1.019664070359e-04  
  1.119437883467e+04  ,2.706078920734e-05  ,1.018573793793e-04  
  1.122018454302e+04  ,2.696236335048e-05  ,1.017484257583e-04  
  1.124604973967e+04  ,2.686423327544e-05  ,1.016395463718e-04  
  1.127197456175e+04  ,2.676639860284e-05  ,1.015307414170e-04  
  1.129795914672e+04  ,2.666885895023e-05  ,1.014220110899e-04  
  1.132400363235e+04  ,2.657161393217e-05  ,1.013133555850e-04  
  1.135010815672e+04  ,2.647466316019e-05  ,1.012047750953e-04  
  1.137627285823e+04  ,2.637800624284e-05  ,1.010962698126e-04  
  1.140249787561e+04  ,2.628164278573e-05  ,1.009878399271e-04  
  1.142878334789e+04  ,2.618557239154e-05  ,1.008794856277e-04  
  1.145512941445e+04  ,2.608979466004e-05  ,1.007712071017e-04  
  1.148153621497e+04  ,2.599430918811e-05  ,1.006630045353e-04  
  1.150800388944e+04  ,2.589911556979e-05  ,1.005548781132e-04  
  1.153453257821e+04  ,2.580421339626e-05  ,1.004468280185e-04  
  1.156112242192e+04  ,2.570960225591e-05  ,1.003388544332e-04  
  1.158777356155e+04  ,2.561528173434e-05  ,1.002309575378e-04  
  1.161448613840e+04  ,2.552125141438e-05  ,1.001231375114e-04  
  1.164126029410e+04  ,2.542751087613e-05  ,1.000153945316e-04  
  1.166809617061e+04  ,2.533405969696e-05  ,9.990772877499e-05  
  1.169499391019e+04  ,2.524089745158e-05  ,9.980014041638e-05  
  1.172195365548e+04  ,2.514802371199e-05  ,9.969262962945e-05  
  1.174897554939e+04  ,2.505543804757e-05  ,9.958519658646e-05  
  1.177605973520e+04  ,2.496314002509e-05  ,9.947784145831e-05  
  1.180320635651e+04  ,2.487112920870e-05  ,9.937056441453e-05  
  1.183041555725e+04  ,2.477940516000e-05  ,9.926336562331e-05  
  1.185768748167e+04  ,2.468796743802e-05  ,9.915624525149e-05  
  1.188502227437e+04  ,2.459681559928e-05  ,9.904920346457e-05  
  1.191242008027e+04  ,2.450594919779e-05  ,9.894224042669e-05  
  1.193988104464e+04  ,2.441536778508e-05  ,9.883535630069e-05  
  1.196740531307e+04  ,2.432507091024e-05  ,9.872855124802e-05  
  1.199499303149e+04  ,2.423505811991e-05  ,9.862182542886e-05  
  1.202264434617e+04  ,2.414532895834e-05  ,9.851517900202e-05  
  1.205035940371e+04  ,2.405588296739e-05  ,9.840861212501e-05  
  1.207813835106e+04  ,2.396671968654e-05  ,9.830212495401e-05  
  1.210598133550e+04  ,2.387783865296e-05  ,9.819571764389e-05  
  1.213388850465e+04  ,2.378923940150e-05  ,9.808939034821e-05  
  1.216186000646e+04  ,2.370092146471e-05  ,9.798314321924e-05  
  1.218989598924e+04  ,2.361288437287e-05  ,9.787697640791e-05  
  1.221799660164e+04  ,2.352512765403e-05  ,9.777089006387e-05  
  1.224616199265e+04  ,2.343765083402e-05  ,9.766488433550e-05  
  1.227439231158e+04  ,2.335045343645e-05  ,9.755895936985e-05  
  1.230268770812e+04  ,2.326353498278e-05  ,9.745311531270e-05  
  1.233104833229e+04  ,2.317689499230e-05  ,9.734735230856e-05  
  1.235947433444e+04  ,2.309053298218e-05  ,9.724167050064e-05  
  1.238796586530e+04  ,2.300444846749e-05  ,9.713607003089e-05  
  1.241652307592e+04  ,2.291864096121e-05  ,9.703055103997e-05  
  1.244514611771e+04  ,2.283310997425e-05  ,9.692511366731e-05  
  1.247383514243e+04  ,2.274785501551e-05  ,9.681975805104e-05  
  1.250259030217e+04  ,2.266287559184e-05  ,9.671448432805e-05  
  1.253141174941e+04  ,2.257817120814e-05  ,9.660929263397e-05  
  1.256029963694e+04  ,2.249374136730e-05  ,9.650418310320e-05  
  1.258925411794e+04  ,2.240958557030e-05  ,9.639915586886e-05  
  1.261827534590e+04  ,2.232570331616e-05  ,9.629421106286e-05  
  1.264736347471e+04  ,2.224209410204e-05  ,9.618934881586e-05  
  1.267651865857e+04  ,2.215875742318e-05  ,9.608456925727e-05  
  1.270574105208e+04  ,2.207569277299e-05  ,9.597987251530e-05  
  1.273503081016e+04  ,2.199289964304e-05  ,9.587525871692e-05  
  1.276438808811e+04  ,2.191037752308e-05  ,9.577072798789e-05  
  1.279381304157e+04  ,2.182812590109e-05  ,9.566628045274e-05  
  1.282330582656e+04  ,2.174614426326e-05  ,9.556191623479e-05  
  1.285286659943e+04  ,2.166443209406e-05  ,9.545763545616e-05  
  1.288249551693e+04  ,2.158298887621e-05  ,9.535343823777e-05  
  1.291219273613e+04  ,2.150181409074e-05  ,9.524932469932e-05  
  1.294195841450e+04  ,2.142090721702e-05  ,9.514529495935e-05  
  1.297179270984e+04  ,2.134026773272e-05  ,9.504134913517e-05  
  1.300169578033e+04  ,2.125989511392e-05  ,9.493748734293e-05  
  1.303166778452e+04  ,2.117978883506e-05  ,9.483370969759e-05  
  1.306170888131e+04  ,2.109994836899e-05  ,9.473001631293e-05  
  1.309181922999e+04  ,2.102037318700e-05  ,9.462640730157e-05  
  1.312199899019e+04  ,2.094106275882e-05  ,9.452288277494e-05  
  1.315224832192e+04  ,2.086201655267e-05  ,9.441944284333e-05  
  1.318256738556e+04  ,2.078323403524e-05  ,9.431608761584e-05  
  1.321295634186e+04  ,2.070471467175e-05  ,9.421281720045e-05  
  1.324341535194e+04  ,2.062645792595e-05  ,9.410963170395e-05  
  1.327394457729e+04  ,2.054846326016e-05  ,9.400653123202e-05  
  1.330454417978e+04  ,2.047073013527e-05  ,9.390351588916e-05  
  1.333521432163e+04  ,2.039325801078e-05  ,9.380058577877e-05  
  1.336595516546e+04  ,2.031604634478e-05  ,9.369774100309e-05  
  1.339676687425e+04  ,2.023909459405e-05  ,9.359498166324e-05  
  1.342764961137e+04  ,2.016240221399e-05  ,9.349230785921e-05  
  1.345860354056e+04  ,2.008596865872e-05  ,9.338971968988e-05  
  1.348962882591e+04  ,2.000979338102e-05  ,9.328721725300e-05  
  1.352072563194e+04  ,1.993387583245e-05  ,9.318480064521e-05  
  1.355189412351e+04  ,1.985821546326e-05  ,9.308246996206e-05  
  1.358313446587e+04  ,1.978281172252e-05  ,9.298022529798e-05  
  1.361444682466e+04  ,1.970766405804e-05  ,9.287806674630e-05  
  1.364583136588e+04  ,1.963277191646e-05  ,9.277599439926e-05  
  1.367728825595e+04  ,1.955813474326e-05  ,9.267400834803e-05  
  1.370881766164e+04  ,1.948375198273e-05  ,9.257210868266e-05  
  1.374041975012e+04  ,1.940962307806e-05  ,9.247029549215e-05  
  1.377209468893e+04  ,1.933574747131e-05  ,9.236856886440e-05  
  1.380384264602e+04  ,1.926212460346e-05  ,9.226692888626e-05  
  1.383566378971e+04  ,1.918875391440e-05  ,9.216537564348e-05  
  1.386755828871e+04  ,1.911563484300e-05  ,9.206390922080e-05  
  1.389952631213e+04  ,1.904276682705e-05  ,9.196252970184e-05  
  1.393156802945e+04  ,1.897014930336e-05  ,9.186123716922e-05  
  1.396368361055e+04  ,1.889778170774e-05  ,9.176003170447e-05  
  1.399587322572e+04  ,1.882566347502e-05  ,9.165891338810e-05  
  1.402813704561e+04  ,1.875379403908e-05  ,9.155788229957e-05  
  1.406047524129e+04  ,1.868217283285e-05  ,9.145693851732e-05  
  1.409288798421e+04  ,1.861079928836e-05  ,9.135608211872e-05  
  1.412537544622e+04  ,1.853967283674e-05  ,9.125531318015e-05  
  1.415793779957e+04  ,1.846879290823e-05  ,9.115463177695e-05  
  1.419057521689e+04  ,1.839815893223e-05  ,9.105403798345e-05  
  1.422328787122e+04  ,1.832777033727e-05  ,9.095353187296e-05  
  1.425607593602e+04  ,1.825762655108e-05  ,9.085311351779e-05  
  1.428893958511e+04  ,1.818772700059e-05  ,9.075278298923e-05  
  1.432187899273e+04  ,1.811807111194e-05  ,9.065254035758e-05  
  1.435489433353e+04  ,1.804865831048e-05  ,9.055238569215e-05  
  1.438798578255e+04  ,1.797948802084e-05  ,9.045231906125e-05  
  1.442115351524e+04  ,1.791055966692e-05  ,9.035234053220e-05  
  1.445439770745e+04  ,1.784187267190e-05  ,9.025245017134e-05  
  1.448771853544e+04  ,1.777342645826e-05  ,9.015264804404e-05  
  1.452111617587e+04  ,1.770522044783e-05  ,9.005293421470e-05  
  1.455459080581e+04  ,1.763725406174e-05  ,8.995330874672e-05  
  1.458814260275e+04  ,1.756952672053e-05  ,8.985377170257e-05  
  1.462177174456e+04  ,1.750203784409e-05  ,8.975432314375e-05  
  1.465547840955e+04  ,1.743478685171e-05  ,8.965496313080e-05  
  1.468926277643e+04  ,1.736777316209e-05  ,8.955569172331e-05  
  1.472312502432e+04  ,1.730099619338e-05  ,8.945650897992e-05  
  1.475706533275e+04  ,1.723445536316e-05  ,8.935741495833e-05  
  1.479108388168e+04  ,1.716815008848e-05  ,8.925840971532e-05  
  1.482518085145e+04  ,1.710207978588e-05  ,8.915949330671e-05  
  1.485935642287e+04  ,1.703624387140e-05  ,8.906066578739e-05  
  1.489361077710e+04  ,1.697064176059e-05  ,8.896192721136e-05  
  1.492794409579e+04  ,1.690527286854e-05  ,8.886327763166e-05  
  1.496235656094e+04  ,1.684013660989e-05  ,8.876471710044e-05  
  1.499684835502e+04  ,1.677523239886e-05  ,8.866624566892e-05  
  1.503141966090e+04  ,1.671055964924e-05  ,8.856786338744e-05  
  1.506607066186e+04  ,1.664611777442e-05  ,8.846957030540e-05  
  1.510080154164e+04  ,1.658190618742e-05  ,8.837136647134e-05  
  1.513561248436e+04  ,1.651792430089e-05  ,8.827325193288e-05  
  1.517050367459e+04  ,1.645417152714e-05  ,8.817522673677e-05  
  1.520547529732e+04  ,1.639064727812e-05  ,8.807729092885e-05  
  1.524052753797e+04  ,1.632735096550e-05  ,8.797944455410e-05  
  1.527566058238e+04  ,1.626428200063e-05  ,8.788168765663e-05  
  1.531087461682e+04  ,1.620143979457e-05  ,8.778402027965e-05  
  1.534616982799e+04  ,1.613882375812e-05  ,8.768644246552e-05  
  1.538154640303e+04  ,1.607643330182e-05  ,8.758895425575e-05  
  1.541700452949e+04  ,1.601426783600e-05  ,8.749155569097e-05  
  1.545254439538e+04  ,1.595232677072e-05  ,8.739424681096e-05  
  1.548816618912e+04  ,1.589060951588e-05  ,8.729702765466e-05  
  1.552387009958e+04  ,1.582911548117e-05  ,8.719989826015e-05  
  1.555965631605e+04  ,1.576784407609e-05  ,8.710285866469e-05  
  1.559552502826e+04  ,1.570679471001e-05  ,8.700590890467e-05  
  1.563147642640e+04  ,1.564596679214e-05  ,8.690904901568e-05  
  1.566751070108e+04  ,1.558535973155e-05  ,8.681227903246e-05  
  1.570362804333e+04  ,1.552497293721e-05  ,8.671559898895e-05  
  1.573982864466e+04  ,1.546480581798e-05  ,8.661900891823e-05  
  1.577611269699e+04  ,1.540485778265e-05  ,8.652250885261e-05  
  1.581248039270e+04  ,1.534512823991e-05  ,8.642609882356e-05  
  1.584893192461e+04  ,1.528561659843e-05  ,8.632977886176e-05  
  1.588546748597e+04  ,1.522632226680e-05  ,8.623354899706e-05  
  1.592208727051e+04  ,1.516724465362e-05  ,8.613740925853e-05  
  1.595879147236e+04  ,1.510838316745e-05  ,8.604135967447e-05  
  1.599558028614e+04  ,1.504973721687e-05  ,8.594540027234e-05  
  1.603245390690e+04  ,1.499130621044e-05  ,8.584953107885e-05  
  1.606941253012e+04  ,1.493308955680e-05  ,8.575375211992e-05  
  1.610645635178e+04  ,1.487508666458e-05  ,8.565806342068e-05  
  1.614358556826e+04  ,1.481729694252e-05  ,8.556246500551e-05  
  1.618080037643e+04  ,1.475971979938e-05  ,8.546695689801e-05  
  1.621810097358e+04  ,1.470235464403e-05  ,8.537153912101e-05  
  1.625548755750e+04  ,1.464520088544e-05  ,8.527621169657e-05  
  1.629296032639e+04  ,1.458825793268e-05  ,8.518097464603e-05  
  1.633051947894e+04  ,1.453152519495e-05  ,8.508582798993e-05  
  1.636816521427e+04  ,1.447500208159e-05  ,8.499077174811e-05  
  1.640589773199e+04  ,1.441868800207e-05  ,8.489580593964e-05  
  1.644371723214e+04  ,1.436258236605e-05  ,8.480093058283e-05  
  1.648162391525e+04  ,1.430668458336e-05  ,8.470614569530e-05  
  1.651961798228e+04  ,1.425099406400e-05  ,8.461145129391e-05  
  1.655769963469e+04  ,1.419551021819e-05  ,8.451684739480e-05  
  1.659586907437e+04  ,1.414023245636e-05  ,8.442233401338e-05  
  1.663412650370e+04  ,1.408516018917e-05  ,8.432791116434e-05  
  1.667247212551e+04  ,1.403029282752e-05  ,8.423357886167e-05  
  1.671090614310e+04  ,1.397562978254e-05  ,8.413933711864e-05  
  1.674942876026e+04  ,1.392117046566e-05  ,8.404518594780e-05  
  1.678804018122e+04  ,1.386691428856e-05  ,8.395112536102e-05  
  1.682674061070e+04  ,1.381286066322e-05  ,8.385715536945e-05  
  1.686553025388e+04  ,1.375900900191e-05  ,8.376327598356e-05  
  1.690440931643e+04  ,1.370535871723e-05  ,8.366948721312e-05  
  1.694337800447e+04  ,1.365190922208e-05  ,8.357578906722e-05  
  1.698243652461e+04  ,1.359865992971e-05  ,8.348218155426e-05  
  1.702158508394e+04  ,1.354561025372e-05  ,8.338866468197e-05  
  1.706082389003e+04  ,1.349275960806e-05  ,8.329523845738e-05  
  1.710015315090e+04  ,1.344010740706e-05  ,8.320190288689e-05  
  1.713957307508e+04  ,1.338765306541e-05  ,8.310865797620e-05  
  1.717908387157e+04  ,1.333539599823e-05  ,8.301550373036e-05  
  1.721868574985e+04  ,1.328333562100e-05  ,8.292244015375e-05  
  1.725837891990e+04  ,1.323147134965e-05  ,8.282946725011e-05  
  1.729816359215e+04  ,1.317980260052e-05  ,8.273658502251e-05  
  1.733803997754e+04  ,1.312832879039e-05  ,8.264379347339e-05  
  1.737800828749e+04  ,1.307704933648e-05  ,8.255109260454e-05  
  1.741806873391e+04  ,1.302596365648e-05  ,8.245848241711e-05  
  1.745822152920e+04  ,1.297507116854e-05  ,8.236596291160e-05  
  1.749846688624e+04  ,1.292437129130e-05  ,8.227353408790e-05  
  1.753880501841e+04  ,1.287386344387e-05  ,8.218119594526e-05  
  1.757923613958e+04  ,1.282354704588e-05  ,8.208894848231e-05  
  1.761976046411e+04  ,1.277342151745e-05  ,8.199679169705e-05  
  1.766037820686e+04  ,1.272348627926e-05  ,8.190472558686e-05  
  1.770108958317e+04  ,1.267374075246e-05  ,8.181275014854e-05  
  1.774189480890e+04  ,1.262418435880e-05  ,8.172086537823e-05  
  1.778279410038e+04  ,1.257481652054e-05  ,8.162907127151e-05  
  1.782378767447e+04  ,1.252563666051e-05  ,8.153736782333e-05  
  1.786487574851e+04  ,1.247664420211e-05  ,8.144575502804e-05  
  1.790605854035e+04  ,1.242783856934e-05  ,8.135423287942e-05  
  1.794733626832e+04  ,1.237921918676e-05  ,8.126280137064e-05  
  1.798870915128e+04  ,1.233078547953e-05  ,8.117146049429e-05  
  1.803017740859e+04  ,1.228253687344e-05  ,8.108021024236e-05  
  1.807174126010e+04  ,1.223447279488e-05  ,8.098905060628e-05  
  1.811340092619e+04  ,1.218659267087e-05  ,8.089798157690e-05  
  1.815515662773e+04  ,1.213889592905e-05  ,8.080700314450e-05  
  1.819700858609e+04  ,1.209138199774e-05  ,8.071611529877e-05  
  1.823895702319e+04  ,1.204405030587e-05  ,8.062531802887e-05  
  1.828100216142e+04  ,1.199690028307e-05  ,8.053461132336e-05  
  1.832314422371e+04  ,1.194993135960e-05  ,8.044399517027e-05  
  1.836538343348e+04  ,1.190314296645e-05  ,8.035346955707e-05  
  1.840772001468e+04  ,1.185653453525e-05  ,8.026303447066e-05  
  1.845015419179e+04  ,1.181010549835e-05  ,8.017268989742e-05  
  1.849268618977e+04  ,1.176385528880e-05  ,8.008243582317e-05  
  1.853531623414e+04  ,1.171778334037e-05  ,7.999227223320e-05  
  1.857804455091e+04  ,1.167188908753e-05  ,7.990219911224e-05  
  1.862087136662e+04  ,1.162617196550e-05  ,7.981221644452e-05  
  1.866379690834e+04  ,1.158063141023e-05  ,7.972232421372e-05  
  1.870682140365e+04  ,1.153526685842e-05  ,7.963252240298e-05  
  1.874994508067e+04  ,1.149007774750e-05  ,7.954281099496e-05  
  1.879316816803e+04  ,1.144506351570e-05  ,7.945318997175e-05  
  1.883649089489e+04  ,1.140022360198e-05  ,7.936365931497e-05  
  1.887991349096e+04  ,1.135555744611e-05  ,7.927421900569e-05  
  1.892343618644e+04  ,1.131106448861e-05  ,7.918486902449e-05  
  1.896705921211e+04  ,1.126674417082e-05  ,7.909560935144e-05  
  1.901078279923e+04  ,1.122259593485e-05  ,7.900643996612e-05  
  1.905460717963e+04  ,1.117861922365e-05  ,7.891736084759e-05  
  1.909853258566e+04  ,1.113481348096e-05  ,7.882837197442e-05  
  1.914255925020e+04  ,1.109117815135e-05  ,7.873947332470e-05  
  1.918668740670e+04  ,1.104771268020e-05  ,7.865066487601e-05  
  1.923091728910e+04  ,1.100441651375e-05  ,7.856194660547e-05  
  1.927524913190e+04  ,1.096128909906e-05  ,7.847331848970e-05  
  1.931968317016e+04  ,1.091832988405e-05  ,7.838478050484e-05  
  1.936421963946e+04  ,1.087553831749e-05  ,7.829633262657e-05  
  1.940885877592e+04  ,1.083291384901e-05  ,7.820797483008e-05  
  1.945360081622e+04  ,1.079045592911e-05  ,7.811970709009e-05  
  1.949844599757e+04  ,1.074816400917e-05  ,7.803152938088e-05  
  1.954339455775e+04  ,1.070603754144e-05  ,7.794344167624e-05  
  1.958844673505e+04  ,1.066407597907e-05  ,7.785544394950e-05  
  1.963360276835e+04  ,1.062227877609e-05  ,7.776753617355e-05  
  1.967886289706e+04  ,1.058064538745e-05  ,7.767971832083e-05  
  1.972422736114e+04  ,1.053917526897e-05  ,7.759199036330e-05  
  1.976969640111e+04  ,1.049786787742e-05  ,7.750435227251e-05  
  1.981527025804e+04  ,1.045672267046e-05  ,7.741680401954e-05  
  1.986094917357e+04  ,1.041573910671e-05  ,7.732934557504e-05  
  1.990673338987e+04  ,1.037491664567e-05  ,7.724197690922e-05  
  1.995262314968e+04  ,1.033425474781e-05  ,7.715469799186e-05  
  1.999861869632e+04  ,1.029375287454e-05  ,7.706750879231e-05  
  2.004472027364e+04  ,1.025341048820e-05  ,7.698040927947e-05  
  2.009092812608e+04  ,1.021322705210e-05  ,7.689339942185e-05  
  2.013724249862e+04  ,1.017320203049e-05  ,7.680647918750e-05  
  2.018366363681e+04  ,1.013333488860e-05  ,7.671964854410e-05  
  2.023019178678e+04  ,1.009362509262e-05  ,7.663290745886e-05  
  2.027682719521e+04  ,1.005407210972e-05  ,7.654625589860e-05  
  2.032357010936e+04  ,1.001467540803e-05  ,7.645969382976e-05  
  2.037042077705e+04  ,9.975434456680e-06  ,7.637322121832e-05  
  2.041737944669e+04  ,9.936348725796e-06  ,7.628683802988e-05  
  2.046444636724e+04  ,9.897417686484e-06  ,7.620054422966e-05  
  2.051162178825e+04  ,9.858640810854e-06  ,7.611433978244e-05  
  2.055890595983e+04  ,9.820017572020e-06  ,7.602822465264e-05  
  2.060629913269e+04  ,9.781547444103e-06  ,7.594219880427e-05  
  2.065380155810e+04  ,9.743229902239e-06  ,7.585626220096e-05  
  2.070141348790e+04  ,9.705064422581e-06  ,7.577041480594e-05  
  2.074913517454e+04  ,9.667050482304e-06  ,7.568465658207e-05  
  2.079696687103e+04  ,9.629187559610e-06  ,7.559898749182e-05  
  2.084490883097e+04  ,9.591475133734e-06  ,7.551340749729e-05  
  2.089296130853e+04  ,9.553912684944e-06  ,7.542791656020e-05  
  2.094112455850e+04  ,9.516499694549e-06  ,7.534251464190e-05  
  2.098939883623e+04  ,9.479235644903e-06  ,7.525720170337e-05  
  2.103778439766e+04  ,9.442120019407e-06  ,7.517197770523e-05  
  2.108628149933e+04  ,9.405152302515e-06  ,7.508684260771e-05  
  2.113489039836e+04  ,9.368331979739e-06  ,7.500179637072e-05  
  2.118361135248e+04  ,9.331658537647e-06  ,7.491683895377e-05  
  2.123244462000e+04  ,9.295131463877e-06  ,7.483197031605e-05  
  2.128139045982e+04  ,9.258750247131e-06  ,7.474719041638e-05  
  2.133044913146e+04  ,9.222514377183e-06  ,7.466249921323e-05  
  2.137962089502e+04  ,9.186423344886e-06  ,7.457789666472e-05  
  2.142890601119e+04  ,9.150476642169e-06  ,7.449338272863e-05  
  2.147830474130e+04  ,9.114673762044e-06  ,7.440895736241e-05  
  2.152781734724e+04  ,9.079014198611e-06  ,7.432462052314e-05  
  2.157744409152e+04  ,9.043497447060e-06  ,7.424037216760e-05  
  2.162718523726e+04  ,9.008123003671e-06  ,7.415621225220e-05  
  2.167704104819e+04  ,8.972890365825e-06  ,7.407214073306e-05  
  2.172701178863e+04  ,8.937799031999e-06  ,7.398815756592e-05  
  2.177709772352e+04  ,8.902848501776e-06  ,7.390426270625e-05  
  2.182729911842e+04  ,8.868038275844e-06  ,7.382045610914e-05  
  2.187761623949e+04  ,8.833367855999e-06  ,7.373673772941e-05  
  2.192804935350e+04  ,8.798836745151e-06  ,7.365310752153e-05  
  2.197859872784e+04  ,8.764444447326e-06  ,7.356956543966e-05  
  2.202926463053e+04  ,8.730190467666e-06  ,7.348611143766e-05  
  2.208004733018e+04  ,8.696074312437e-06  ,7.340274546906e-05  
  2.213094709605e+04  ,8.662095489025e-06  ,7.331946748709e-05  
  2.218196419799e+04  ,8.628253505947e-06  ,7.323627744468e-05  
  2.223309890651e+04  ,8.594547872847e-06  ,7.315317529445e-05  
  2.228435149270e+04  ,8.560978100502e-06  ,7.307016098872e-05  
  2.233572222830e+04  ,8.527543700822e-06  ,7.298723447952e-05  
  2.238721138568e+04  ,8.494244186856e-06  ,7.290439571856e-05  
  2.243881923782e+04  ,8.461079072793e-06  ,7.282164465729e-05  
  2.249054605835e+04  ,8.428047873961e-06  ,7.273898124685e-05  
  2.254239212152e+04  ,8.395150106837e-06  ,7.265640543808e-05  
  2.259435770220e+04  ,8.362385289041e-06  ,7.257391718157e-05  
  2.264644307592e+04  ,8.329752939343e-06  ,7.249151642758e-05  
  2.269864851883e+04  ,8.297252577665e-06  ,7.240920312613e-05  
  2.275097430771e+04  ,8.264883725083e-06  ,7.232697722694e-05  
  2.280342072000e+04  ,8.232645903826e-06  ,7.224483867945e-05  
  2.285598803375e+04  ,8.200538637282e-06  ,7.216278743284e-05  
  2.290867652767e+04  ,8.168561450000e-06  ,7.208082343600e-05  
  2.296148648112e+04  ,8.136713867688e-06  ,7.199894663757e-05  
  2.301441817408e+04  ,8.104995417219e-06  ,7.191715698592e-05  
  2.306747188719e+04  ,8.073405626630e-06  ,7.183545442913e-05  
  2.312064790175e+04  ,8.041944025127e-06  ,7.175383891504e-05  
  2.317394649968e+04  ,8.010610143082e-06  ,7.167231039124e-05  
  2.322736796356e+04  ,7.979403512041e-06  ,7.159086880502e-05  
  2.328091257664e+04  ,7.948323664719e-06  ,7.150951410347e-05  
  2.333458062280e+04  ,7.917370135006e-06  ,7.142824623337e-05  
  2.338837238659e+04  ,7.886542457967e-06  ,7.134706514129e-05  
  2.344228815319e+04  ,7.855840169845e-06  ,7.126597077353e-05  
  2.349632820848e+04  ,7.825262808060e-06  ,7.118496307615e-05  
  2.355049283895e+04  ,7.794809911212e-06  ,7.110404199497e-05  
  2.360478233180e+04  ,7.764481019082e-06  ,7.102320747554e-05  
  2.365919697485e+04  ,7.734275672634e-06  ,7.094245946321e-05  
  2.371373705661e+04  ,7.704193414015e-06  ,7.086179790306e-05  
  2.376840286624e+04  ,7.674233786557e-06  ,7.078122273994e-05  
  2.382319469358e+04  ,7.644396334778e-06  ,7.070073391849e-05  
  2.387811282912e+04  ,7.614680604383e-06  ,7.062033138307e-05  
  2.393315756405e+04  ,7.585086142267e-06  ,7.054001507786e-05  
  2.398832919019e+04  ,7.555612496511e-06  ,7.045978494678e-05  
  2.404362800006e+04  ,7.526259216390e-06  ,7.037964093354e-05  
  2.409905428686e+04  ,7.497025852367e-06  ,7.029958298161e-05  
  2.415460834444e+04  ,7.467911956100e-06  ,7.021961103426e-05  
  2.421029046735e+04  ,7.438917080439e-06  ,7.013972503452e-05  
  2.426610095082e+04  ,7.410040779428e-06  ,7.005992492521e-05  
  2.432204009073e+04  ,7.381282608305e-06  ,6.998021064893e-05  
  2.437810818368e+04  ,7.352642123504e-06  ,6.990058214808e-05  
  2.443430552693e+04  ,7.324118882656e-06  ,6.982103936484e-05  
  2.449063241844e+04  ,7.295712444588e-06  ,6.974158224118e-05  
  2.454708915684e+04  ,7.267422369325e-06  ,6.966221071885e-05  
  2.460367604147e+04  ,7.239248218089e-06  ,6.958292473941e-05  
  2.466039337233e+04  ,7.211189553302e-06  ,6.950372424422e-05  
  2.471724145015e+04  ,7.183245938585e-06  ,6.942460917442e-05  
  2.477422057632e+04  ,7.155416938757e-06  ,6.934557947097e-05  
  2.483133105295e+04  ,7.127702119839e-06  ,6.926663507462e-05  
  2.488857318282e+04  ,7.100101049052e-06  ,6.918777592591e-05  
  2.494594726942e+04  ,7.072613294817e-06  ,6.910900196522e-05  
  2.500345361696e+04  ,7.045238426757e-06  ,6.903031313271e-05  
  2.506109253031e+04  ,7.017976015694e-06  ,6.895170936836e-05  
  2.511886431509e+04  ,6.990825633656e-06  ,6.887319061196e-05  
  2.517676927758e+04  ,6.963786853870e-06  ,6.879475680311e-05  
  2.523480772480e+04  ,6.936859250764e-06  ,6.871640788123e-05  
  2.529297996445e+04  ,6.910042399970e-06  ,6.863814378555e-05  
  2.535128630497e+04  ,6.883335878322e-06  ,6.855996445513e-05  
  2.540972705548e+04  ,6.856739263856e-06  ,6.848186982884e-05  
  2.546830252584e+04  ,6.830252135810e-06  ,6.840385984538e-05  
  2.552701302660e+04  ,6.803874074625e-06  ,6.832593444327e-05  
  2.558585886905e+04  ,6.777604661944e-06  ,6.824809356085e-05  
  2.564484036517e+04  ,6.751443480611e-06  ,6.817033713629e-05  
  2.570395782768e+04  ,6.725390114674e-06  ,6.809266510760e-05  
  2.576321157002e+04  ,6.699444149381e-06  ,6.801507741262e-05  
  2.582260190634e+04  ,6.673605171183e-06  ,6.793757398900e-05  
  2.588212915152e+04  ,6.647872767733e-06  ,6.786015477425e-05  
  2.594179362118e+04  ,6.622246527883e-06  ,6.778281970571e-05  
  2.600159563164e+04  ,6.596726041689e-06  ,6.770556872055e-05  
  2.606153549998e+04  ,6.571310900405e-06  ,6.762840175579e-05  
  2.612161354398e+04  ,6.546000696487e-06  ,6.755131874827e-05  
  2.618183008218e+04  ,6.520795023589e-06  ,6.747431963471e-05  
  2.624218543384e+04  ,6.495693476568e-06  ,6.739740435165e-05  
  2.630267991894e+04  ,6.470695651477e-06  ,6.732057283547e-05  
  2.636331385824e+04  ,6.445801145569e-06  ,6.724382502241e-05  
  2.642408757321e+04  ,6.421009557295e-06  ,6.716716084857e-05  
  2.648500138606e+04  ,6.396320486302e-06  ,6.709058024987e-05  
  2.654605561975e+04  ,6.371733533438e-06  ,6.701408316212e-05  
  2.660725059798e+04  ,6.347248300743e-06  ,6.693766952095e-05  
  2.666858664521e+04  ,6.322864391456e-06  ,6.686133926187e-05  
  2.673006408662e+04  ,6.298581410010e-06  ,6.678509232024e-05  
  2.679168324818e+04  ,6.274398962032e-06  ,6.670892863127e-05  
  2.685344445658e+04  ,6.250316654344e-06  ,6.663284813005e-05  
  2.691534803926e+04  ,6.226334094962e-06  ,6.655685075152e-05  
  2.697739432444e+04  ,6.202450893091e-06  ,6.648093643048e-05  
  2.703958364108e+04  ,6.178666659130e-06  ,6.640510510160e-05  
  2.710191631890e+04  ,6.154981004670e-06  ,6.632935669943e-05  
  2.716439268838e+04  ,6.131393542488e-06  ,6.625369115836e-05  
  2.722701308077e+04  ,6.107903886555e-06  ,6.617810841267e-05  
  2.728977782807e+04  ,6.084511652025e-06  ,6.610260839652e-05  
  2.735268726306e+04  ,6.061216455244e-06  ,6.602719104391e-05  
  2.741574171927e+04  ,6.038017913741e-06  ,6.595185628874e-05  
  2.747894153101e+04  ,6.014915646233e-06  ,6.587660406479e-05  
  2.754228703337e+04  ,5.991909272618e-06  ,6.580143430570e-05  
  2.760577856219e+04  ,5.968998413980e-06  ,6.572634694500e-05  
  2.766941645411e+04  ,5.946182692585e-06  ,6.565134191609e-05  
  2.773320104651e+04  ,5.923461731880e-06  ,6.557641915226e-05  
  2.779713267758e+04  ,5.900835156491e-06  ,6.550157858668e-05  
  2.786121168629e+04  ,5.878302592226e-06  ,6.542682015241e-05  
  2.792543841236e+04  ,5.855863666067e-06  ,6.535214378238e-05  
  2.798981319633e+04  ,5.833518006176e-06  ,6.527754940943e-05  
  2.805433637951e+04  ,5.811265241888e-06  ,6.520303696628e-05  
  2.811900830398e+04  ,5.789105003716e-06  ,6.512860638552e-05  
  2.818382931263e+04  ,5.767036923341e-06  ,6.505425759965e-05  
  2.824879974915e+04  ,5.745060633621e-06  ,6.497999054107e-05  
  2.831391995798e+04  ,5.723175768581e-06  ,6.490580514207e-05  
  2.837919028441e+04  ,5.701381963417e-06  ,6.483170133481e-05  
  2.844461107447e+04  ,5.679678854493e-06  ,6.475767905138e-05  
  2.851018267503e+04  ,5.658066079338e-06  ,6.468373822376e-05  
  2.857590543374e+04  ,5.636543276650e-06  ,6.460987878381e-05  
  2.864177969906e+04  ,5.615110086286e-06  ,6.453610066331e-05  
  2.870780582024e+04  ,5.593766149270e-06  ,6.446240379393e-05  
  2.877398414735e+04  ,5.572511107785e-06  ,6.438878810727e-05  
  2.884031503126e+04  ,5.551344605173e-06  ,6.431525353479e-05  
  2.890679882364e+04  ,5.530266285935e-06  ,6.424180000790e-05  
  2.897343587700e+04  ,5.509275795730e-06  ,6.416842745788e-05  
  2.904022654463e+04  ,5.488372781371e-06  ,6.409513581595e-05  
  2.910717118066e+04  ,5.467556890825e-06  ,6.402192501321e-05  
  2.917427014000e+04  ,5.446827773210e-06  ,6.394879498070e-05  
  2.924152377842e+04  ,5.426185078796e-06  ,6.387574564935e-05  
  2.930893245249e+04  ,5.405628459003e-06  ,6.380277695001e-05  
  2.937649651961e+04  ,5.385157566396e-06  ,6.372988881344e-05  
  2.944421633798e+04  ,5.364772054688e-06  ,6.365708117033e-05  
  2.951209226665e+04  ,5.344471578735e-06  ,6.358435395128e-05  
  2.958012466551e+04  ,5.324255794537e-06  ,6.351170708680e-05  
  2.964831389523e+04  ,5.304124359233e-06  ,6.343914050733e-05  
  2.971666031737e+04  ,5.284076931103e-06  ,6.336665414322e-05  
  2.978516429428e+04  ,5.264113169564e-06  ,6.329424792474e-05  
  2.985382618917e+04  ,5.244232735168e-06  ,6.322192178210e-05  
  2.992264636607e+04  ,5.224435289603e-06  ,6.314967564543e-05  
  2.999162518987e+04  ,5.204720495687e-06  ,6.307750944476e-05  
  3.006076302627e+04  ,5.185088017372e-06  ,6.300542311007e-05  
  3.013006024185e+04  ,5.165537519736e-06  ,6.293341657127e-05  
  3.019951720401e+04  ,5.146068668985e-06  ,6.286148975819e-05  
  3.026913428100e+04  ,5.126681132451e-06  ,6.278964260058e-05  
  3.033891184193e+04  ,5.107374578588e-06  ,6.271787502814e-05  
  3.040885025675e+04  ,5.088148676973e-06  ,6.264618697048e-05  
  3.047894989627e+04  ,5.069003098303e-06  ,6.257457835717e-05  
  3.054921113214e+04  ,5.049937514391e-06  ,6.250304911768e-05  
  3.061963433690e+04  ,5.030951598168e-06  ,6.243159918145e-05  
  3.069021988390e+04  ,5.012045023679e-06  ,6.236022847783e-05  
  3.076096814740e+04  ,4.993217466081e-06  ,6.228893693612e-05  
  3.083187950248e+04  ,4.974468601640e-06  ,6.221772448556e-05  
  3.090295432513e+04  ,4.955798107732e-06  ,6.214659105531e-05  
  3.097419299216e+04  ,4.937205662840e-06  ,6.207553657450e-05  
  3.104559588127e+04  ,4.918690946550e-06  ,6.200456097217e-05  
  3.111716337105e+04  ,4.900253639552e-06  ,6.193366417732e-05  
  3.118889584093e+04  ,4.881893423634e-06  ,6.186284611890e-05  
  3.126079367123e+04  ,4.863609981687e-06  ,6.179210672579e-05  
  3.133285724314e+04  ,4.845402997694e-06  ,6.172144592682e-05  
  3.140508693875e+04  ,4.827272156735e-06  ,6.165086365076e-05  
  3.147748314100e+04  ,4.809217144983e-06  ,6.158035982634e-05  
  3.155004623374e+04  ,4.791237649699e-06  ,6.150993438224e-05  
  3.162277660167e+04  ,4.773333359236e-06  ,6.143958724706e-05  
  3.169567463042e+04  ,4.755503963031e-06  ,6.136931834939e-05  
  3.176874070649e+04  ,4.737749151604e-06  ,6.129912761775e-05  
  3.184197521725e+04  ,4.720068616562e-06  ,6.122901498060e-05  
  3.191537855100e+04  ,4.702462050586e-06  ,6.115898036639e-05  
  3.198895109690e+04  ,4.684929147440e-06  ,6.108902370348e-05  
  3.206269324504e+04  ,4.667469601962e-06  ,6.101914492021e-05  
  3.213660538639e+04  ,4.650083110064e-06  ,6.094934394489e-05  
  3.221068791282e+04  ,4.632769368728e-06  ,6.087962070574e-05  
  3.228494121712e+04  ,4.615528076009e-06  ,6.080997513099e-05  
  3.235936569295e+04  ,4.598358931026e-06  ,6.074040714880e-05  
  3.243396173492e+04  ,4.581261633965e-06  ,6.067091668729e-05  
  3.250872973853e+04  ,4.564235886074e-06  ,6.060150367455e-05  
  3.258367010019e+04  ,4.547281389662e-06  ,6.053216803862e-05  
  3.265878321722e+04  ,4.530397848098e-06  ,6.046290970751e-05  
  3.273406948787e+04  ,4.513584965806e-06  ,6.039372860919e-05  
  3.280952931130e+04  ,4.496842448264e-06  ,6.032462467160e-05  
  3.288516308759e+04  ,4.480170002003e-06  ,6.025559782263e-05  
  3.296097121773e+04  ,4.463567334604e-06  ,6.018664799016e-05  
  3.303695410367e+04  ,4.447034154692e-06  ,6.011777510201e-05  
  3.311311214825e+04  ,4.430570171943e-06  ,6.004897908599e-05  
  3.318944575525e+04  ,4.414175097072e-06  ,5.998025986985e-05  
  3.326595532939e+04  ,4.397848641836e-06  ,5.991161738134e-05  
  3.334264127631e+04  ,4.381590519030e-06  ,5.984305154816e-05  
  3.341950400260e+04  ,4.365400442485e-06  ,5.977456229800e-05  
  3.349654391577e+04  ,4.349278127068e-06  ,5.970614955848e-05  
  3.357376142428e+04  ,4.333223288674e-06  ,5.963781325725e-05  
  3.365115693754e+04  ,4.317235644232e-06  ,5.956955332188e-05  
  3.372873086588e+04  ,4.301314911694e-06  ,5.950136967995e-05  
  3.380648362059e+04  ,4.285460810038e-06  ,5.943326225900e-05  
  3.388441561391e+04  ,4.269673059265e-06  ,5.936523098655e-05  
  3.396252725903e+04  ,4.253951380396e-06  ,5.929727579008e-05  
  3.404081897009e+04  ,4.238295495470e-06  ,5.922939659707e-05  
  3.411929116218e+04  ,4.222705127540e-06  ,5.916159333497e-05  
  3.419794425136e+04  ,4.207180000673e-06  ,5.909386593119e-05  
  3.427677865463e+04  ,4.191719839948e-06  ,5.902621431316e-05  
  3.435579478998e+04  ,4.176324371450e-06  ,5.895863840824e-05  
  3.443499307632e+04  ,4.160993322271e-06  ,5.889113814382e-05  
  3.451437393357e+04  ,4.145726420507e-06  ,5.882371344723e-05  
  3.459393778260e+04  ,4.130523395256e-06  ,5.875636424580e-05  
  3.467368504524e+04  ,4.115383976614e-06  ,5.868909046685e-05  
  3.475361614431e+04  ,4.100307895673e-06  ,5.862189203768e-05  
  3.483373150359e+04  ,4.085294884519e-06  ,5.855476888556e-05  
  3.491403154785e+04  ,4.070344676232e-06  ,5.848772093776e-05  
  3.499451670282e+04  ,4.055457004879e-06  ,5.842074812153e-05  
  3.507518739524e+04  ,4.040631605515e-06  ,5.835385036410e-05  
  3.515604405282e+04  ,4.025868214179e-06  ,5.828702759271e-05  
  3.523708710424e+04  ,4.011166567893e-06  ,5.822027973457e-05  
  3.531831697918e+04  ,3.996526404659e-06  ,5.815360671687e-05  
  3.539973410833e+04  ,3.981947463454e-06  ,5.808700846681e-05  
  3.548133892335e+04  ,3.967429484233e-06  ,5.802048491157e-05  
  3.556313185689e+04  ,3.952972207921e-06  ,5.795403597832e-05  
  3.564511334261e+04  ,3.938575376414e-06  ,5.788766159421e-05  
  3.572728381518e+04  ,3.924238732577e-06  ,5.782136168641e-05  
  3.580964371025e+04  ,3.909962020237e-06  ,5.775513618206e-05  
  3.589219346449e+04  ,3.895744984187e-06  ,5.768898500830e-05  
  3.597493351556e+04  ,3.881587370179e-06  ,5.762290809226e-05  
  3.605786430215e+04  ,3.867488924922e-06  ,5.755690536108e-05  
  3.614098626395e+04  ,3.853449396081e-06  ,5.749097674187e-05  
  3.622429984166e+04  ,3.839468532274e-06  ,5.742512216175e-05  
  3.630780547700e+04  ,3.825546083071e-06  ,5.735934154783e-05  
  3.639150361271e+04  ,3.811681798987e-06  ,5.729363482724e-05  
  3.647539469255e+04  ,3.797875431485e-06  ,5.722800192707e-05  
  3.655947916130e+04  ,3.784126732971e-06  ,5.716244277445e-05  
  3.664375746477e+04  ,3.770435456791e-06  ,5.709695729646e-05  
  3.672823004980e+04  ,3.756801357228e-06  ,5.703154542022e-05  
  3.681289736424e+04  ,3.743224189503e-06  ,5.696620707284e-05  
  3.689775985700e+04  ,3.729703709769e-06  ,5.690094218141e-05  
  3.698281797801e+04  ,3.716239675110e-06  ,5.683575067306e-05  
  3.706807217824e+04  ,3.702831843539e-06  ,5.677063247488e-05  
  3.715352290970e+04  ,3.689479973992e-06  ,5.670558751399e-05  
  3.723917062544e+04  ,3.676183826333e-06  ,5.664061571750e-05  
  3.732501577956e+04  ,3.662943161343e-06  ,5.657571701253e-05  
  3.741105882719e+04  ,3.649757740723e-06  ,5.651089132621e-05  
  3.749730022454e+04  ,3.636627327090e-06  ,5.644613858566e-05  
  3.758374042883e+04  ,3.623551683974e-06  ,5.638145871800e-05  
  3.767037989838e+04  ,3.610530575815e-06  ,5.631685165038e-05  
  3.775721909253e+04  ,3.597563767964e-06  ,5.625231730995e-05  
  3.784425847170e+04  ,3.584651026675e-06  ,5.618785562384e-05  
  3.793149849735e+04  ,3.571792119107e-06  ,5.612346651923e-05  
  3.801893963204e+04  ,3.558986813321e-06  ,5.605914992327e-05  
  3.810658233936e+04  ,3.546234878274e-06  ,5.599490576313e-05  
  3.819442708399e+04  ,3.533536083821e-06  ,5.593073396601e-05  
  3.828247433167e+04  ,3.520890200710e-06  ,5.586663445909e-05  
  3.837072454921e+04  ,3.508297000579e-06  ,5.580260716958e-05  
  3.845917820452e+04  ,3.495756255956e-06  ,5.573865202468e-05  
  3.854783576656e+04  ,3.483267740254e-06  ,5.567476895162e-05  
  3.863669770539e+04  ,3.470831227770e-06  ,5.561095787764e-05  
  3.872576449215e+04  ,3.458446493682e-06  ,5.554721872998e-05  
  3.881503659905e+04  ,3.446113314046e-06  ,5.548355143590e-05  
  3.890451449941e+04  ,3.433831465794e-06  ,5.541995592267e-05  
  3.899419866764e+04  ,3.421600726733e-06  ,5.535643211758e-05  
  3.908408957923e+04  ,3.409420875539e-06  ,5.529297994793e-05  
  3.917418771076e+04  ,3.397291691758e-06  ,5.522959934103e-05  
  3.926449353995e+04  ,3.385212955802e-06  ,5.516629022420e-05  
  3.935500754556e+04  ,3.373184448945e-06  ,5.510305252481e-05  
  3.944573020751e+04  ,3.361205953325e-06  ,5.503988617019e-05  
  3.953666200680e+04  ,3.349277251935e-06  ,5.497679108774e-05  
  3.962780342553e+04  ,3.337398128626e-06  ,5.491376720484e-05  
  3.971915494693e+04  ,3.325568368104e-06  ,5.485081444890e-05  
  3.981071705534e+04  ,3.313787755922e-06  ,5.478793274735e-05  
  3.990249023620e+04  ,3.302056078487e-06  ,5.472512202763e-05  
  3.999447497610e+04  ,3.290373123047e-06  ,5.466238221722e-05  
  4.008667176272e+04  ,3.278738677696e-06  ,5.459971324358e-05  
  4.017908108488e+04  ,3.267152531370e-06  ,5.453711503423e-05  
  4.027170343253e+04  ,3.255614473842e-06  ,5.447458751669e-05  
  4.036453929675e+04  ,3.244124295721e-06  ,5.441213061850e-05  
  4.045758916973e+04  ,3.232681788452e-06  ,5.434974426722e-05  
  4.055085354482e+04  ,3.221286744307e-06  ,5.428742839043e-05  
  4.064433291651e+04  ,3.209938956392e-06  ,5.422518291575e-05  
  4.073802778040e+04  ,3.198638218635e-06  ,5.416300777080e-05  
  4.083193863325e+04  ,3.187384325788e-06  ,5.410090288323e-05  
  4.092606597299e+04  ,3.176177073428e-06  ,5.403886818071e-05  
  4.102041029865e+04  ,3.165016257946e-06  ,5.397690359094e-05  
  4.111497211044e+04  ,3.153901676553e-06  ,5.391500904164e-05  
  4.120975190972e+04  ,3.142833127270e-06  ,5.385318446055e-05  
  4.130475019900e+04  ,3.131810408934e-06  ,5.379142977544e-05  
  4.139996748196e+04  ,3.120833321187e-06  ,5.372974491411e-05  
  4.149540426342e+04  ,3.109901664479e-06  ,5.366812980436e-05  
  4.159106104939e+04  ,3.099015240064e-06  ,5.360658437405e-05  
  4.168693834702e+04  ,3.088173849998e-06  ,5.354510855105e-05  
  4.178303666465e+04  ,3.077377297133e-06  ,5.348370226324e-05  
  4.187935651178e+04  ,3.066625385122e-06  ,5.342236543855e-05  
  4.197589839909e+04  ,3.055917918408e-06  ,5.336109800494e-05  
  4.207266283843e+04  ,3.045254702228e-06  ,5.329989989037e-05  
  4.216965034284e+04  ,3.034635542608e-06  ,5.323877102285e-05  
  4.226686142655e+04  ,3.024060246360e-06  ,5.317771133042e-05  
  4.236429660494e+04  ,3.013528621080e-06  ,5.311672074113e-05  
  4.246195639462e+04  ,3.003040475146e-06  ,5.305579918308e-05  
  4.255984131336e+04  ,2.992595617716e-06  ,5.299494658438e-05  
  4.265795188014e+04  ,2.982193858725e-06  ,5.293416287318e-05  
  4.275628861514e+04  ,2.971835008881e-06  ,5.287344797767e-05  
  4.285485203973e+04  ,2.961518879665e-06  ,5.281280182604e-05  
  4.295364267647e+04  ,2.951245283328e-06  ,5.275222434654e-05  
  4.305266104916e+04  ,2.941014032888e-06  ,5.269171546745e-05  
  4.315190768276e+04  ,2.930824942126e-06  ,5.263127511705e-05  
  4.325138310349e+04  ,2.920677825587e-06  ,5.257090322369e-05  
  4.335108783874e+04  ,2.910572498575e-06  ,5.251059971573e-05  
  4.345102241714e+04  ,2.900508777153e-06  ,5.245036452156e-05  
  4.355118736854e+04  ,2.890486478137e-06  ,5.239019756962e-05  
  4.365158322400e+04  ,2.880505419097e-06  ,5.233009878837e-05  
  4.375221051581e+04  ,2.870565418351e-06  ,5.227006810630e-05  
  4.385306977748e+04  ,2.860666294967e-06  ,5.221010545195e-05  
  4.395416154377e+04  ,2.850807868759e-06  ,5.215021075387e-05  
  4.405548635064e+04  ,2.840989960280e-06  ,5.209038394067e-05  
  4.415704473532e+04  ,2.831212390827e-06  ,5.203062494098e-05  
  4.425883723625e+04  ,2.821474982435e-06  ,5.197093368345e-05  
  4.436086439313e+04  ,2.811777557872e-06  ,5.191131009681e-05  
  4.446312674690e+04  ,2.802119940643e-06  ,5.185175410977e-05  
  4.456562483973e+04  ,2.792501954981e-06  ,5.179226565111e-05  
  4.466835921508e+04  ,2.782923425848e-06  ,5.173284464965e-05  
  4.477133041762e+04  ,2.773384178933e-06  ,5.167349103423e-05  
  4.487453899330e+04  ,2.763884040649e-06  ,5.161420473372e-05  
  4.497798548931e+04  ,2.754422838129e-06  ,5.155498567705e-05  
  4.508167045413e+04  ,2.745000399226e-06  ,5.149583379317e-05  
  4.518559443748e+04  ,2.735616552510e-06  ,5.143674901107e-05  
  4.528975799035e+04  ,2.726271127263e-06  ,5.137773125978e-05  
  4.539416166500e+04  ,2.716963953482e-06  ,5.131878046837e-05  
  4.549880601499e+04  ,2.707694861872e-06  ,5.125989656596e-05  
  4.560369159511e+04  ,2.698463683844e-06  ,5.120107948167e-05  
  4.570881896147e+04  ,2.689270251516e-06  ,5.114232914469e-05  
  4.581418867144e+04  ,2.680114397707e-06  ,5.108364548425e-05  
  4.591980128367e+04  ,2.670995955936e-06  ,5.102502842961e-05  
  4.602565735812e+04  ,2.661914760421e-06  ,5.096647791007e-05  
  4.613175745602e+04  ,2.652870646074e-06  ,5.090799385497e-05  
  4.623810213991e+04  ,2.643863448502e-06  ,5.084957619368e-05  
  4.634469197361e+04  ,2.634893004000e-06  ,5.079122485564e-05  
  4.645152752226e+04  ,2.625959149553e-06  ,5.073293977029e-05  
  4.655860935228e+04  ,2.617061722832e-06  ,5.067472086715e-05  
  4.666593803141e+04  ,2.608200562192e-06  ,5.061656807576e-05  
  4.677351412870e+04  ,2.599375506670e-06  ,5.055848132569e-05  
  4.688133821451e+04  ,2.590586395979e-06  ,5.050046054658e-05  
  4.698941086050e+04  ,2.581833070512e-06  ,5.044250566809e-05  
  4.709773263968e+04  ,2.573115371336e-06  ,5.038461661994e-05  
  4.720630412634e+04  ,2.564433140189e-06  ,5.032679333187e-05  
  4.731512589613e+04  ,2.555786219479e-06  ,5.026903573368e-05  
  4.742419852601e+04  ,2.547174452283e-06  ,5.021134375520e-05  
  4.753352259426e+04  ,2.538597682343e-06  ,5.015371732631e-05  
  4.764309868052e+04  ,2.530055754062e-06  ,5.009615637694e-05  
  4.775292736575e+04  ,2.521548512505e-06  ,5.003866083705e-05  
  4.786300923225e+04  ,2.513075803397e-06  ,4.998123063666e-05  
  4.797334486365e+04  ,2.504637473116e-06  ,4.992386570580e-05  
  4.808393484496e+04  ,2.496233368697e-06  ,4.986656597459e-05  
  4.819477976250e+04  ,2.487863337824e-06  ,4.980933137315e-05  
  4.830588020396e+04  ,2.479527228832e-06  ,4.975216183169e-05  
  4.841723675839e+04  ,2.471224890703e-06  ,4.969505728042e-05  
  4.852885001619e+04  ,2.462956173063e-06  ,4.963801764962e-05  
  4.864072056913e+04  ,2.454720926182e-06  ,4.958104286961e-05  
  4.875284901032e+04  ,2.446519000967e-06  ,4.952413287076e-05  
  4.886523593427e+04  ,2.438350248968e-06  ,4.946728758347e-05  
  4.897788193683e+04  ,2.430214522367e-06  ,4.941050693821e-05  
  4.909078761524e+04  ,2.422111673981e-06  ,4.935379086547e-05  
  4.920395356813e+04  ,2.414041557259e-06  ,4.929713929580e-05  
  4.931738039548e+04  ,2.406004026277e-06  ,4.924055215980e-05  
  4.943106869867e+04  ,2.397998935741e-06  ,4.918402938810e-05  
  4.954501908046e+04  ,2.390026140979e-06  ,4.912757091140e-05  
  4.965923214502e+04  ,2.382085497943e-06  ,4.907117666042e-05  
  4.977370849788e+04  ,2.374176863204e-06  ,4.901484656595e-05  
  4.988844874598e+04  ,2.366300093954e-06  ,4.895858055881e-05  
  5.000345349768e+04  ,2.358455047996e-06  ,4.890237856988e-05  
  5.011872336271e+04  ,2.350641583752e-06  ,4.884624053008e-05  
  5.023425895222e+04  ,2.342859560252e-06  ,4.879016637038e-05  
  5.035006087877e+04  ,2.335108837136e-06  ,4.873415602180e-05  
  5.046612975633e+04  ,2.327389274652e-06  ,4.867820941541e-05  
  5.058246620029e+04  ,2.319700733652e-06  ,4.862232648231e-05  
  5.069907082745e+04  ,2.312043075591e-06  ,4.856650715368e-05  
  5.081594425604e+04  ,2.304416162526e-06  ,4.851075136071e-05  
  5.093308710570e+04  ,2.296819857110e-06  ,4.845505903468e-05  
  5.105049999752e+04  ,2.289254022593e-06  ,4.839943010688e-05  
  5.116818355401e+04  ,2.281718522821e-06  ,4.834386450868e-05  
  5.128613839912e+04  ,2.274213222230e-06  ,4.828836217148e-05  
  5.140436515822e+04  ,2.266737985845e-06  ,4.823292302674e-05  
  5.152286445816e+04  ,2.259292679283e-06  ,4.817754700597e-05  
  5.164163692719e+04  ,2.251877168741e-06  ,4.812223404071e-05  
  5.176068319504e+04  ,2.244491321002e-06  ,4.806698406257e-05  
  5.188000389288e+04  ,2.237135003433e-06  ,4.801179700321e-05  
  5.199959965333e+04  ,2.229808083974e-06  ,4.795667279433e-05  
  5.211947111049e+04  ,2.222510431148e-06  ,4.790161136769e-05  
  5.223961889989e+04  ,2.215241914049e-06  ,4.784661265508e-05  
  5.236004365856e+04  ,2.208002402346e-06  ,4.779167658838e-05  
  5.248074602496e+04  ,2.200791766278e-06  ,4.773680309947e-05  
  5.260172663905e+04  ,2.193609876652e-06  ,4.768199212033e-05  
  5.272298614226e+04  ,2.186456604842e-06  ,4.762724358295e-05  
  5.284452517750e+04  ,2.179331822786e-06  ,4.757255741940e-05  
  5.296634438915e+04  ,2.172235402986e-06  ,4.751793356179e-05  
  5.308844442308e+04  ,2.165167218502e-06  ,4.746337194228e-05  
  5.321082592666e+04  ,2.158127142954e-06  ,4.740887249307e-05  
  5.333348954874e+04  ,2.151115050517e-06  ,4.735443514645e-05  
  5.345643593968e+04  ,2.144130815921e-06  ,4.730005983472e-05  
  5.357966575131e+04  ,2.137174314446e-06  ,4.724574649025e-05  
  5.370317963701e+04  ,2.130245421923e-06  ,4.719149504546e-05  
  5.382697825161e+04  ,2.123344014733e-06  ,4.713730543283e-05  
  5.395106225149e+04  ,2.116469969800e-06  ,4.708317758487e-05  
  5.407543229454e+04  ,2.109623164592e-06  ,4.702911143417e-05  
  5.420008904014e+04  ,2.102803477121e-06  ,4.697510691336e-05  
  5.432503314922e+04  ,2.096010785935e-06  ,4.692116395512e-05  
  5.445026528422e+04  ,2.089244970123e-06  ,4.686728249218e-05  
  5.457578610911e+04  ,2.082505909309e-06  ,4.681346245733e-05  
  5.470159628938e+04  ,2.075793483649e-06  ,4.675970378342e-05  
  5.482769649207e+04  ,2.069107573831e-06  ,4.670600640333e-05  
  5.495408738574e+04  ,2.062448061075e-06  ,4.665237025001e-05  
  5.508076964052e+04  ,2.055814827127e-06  ,4.659879525647e-05  
  5.520774392806e+04  ,2.049207754256e-06  ,4.654528135576e-05  
  5.533501092155e+04  ,2.042626725260e-06  ,4.649182848098e-05  
  5.546257129577e+04  ,2.036071623453e-06  ,4.643843656530e-05  
  5.559042572702e+04  ,2.029542332673e-06  ,4.638510554193e-05  
  5.571857489317e+04  ,2.023038737273e-06  ,4.633183534414e-05  
  5.584701947366e+04  ,2.016560722123e-06  ,4.627862590526e-05  
  5.597576014949e+04  ,2.010108172607e-06  ,4.622547715865e-05  
  5.610479760323e+04  ,2.003680974619e-06  ,4.617238903775e-05  
  5.623413251901e+04  ,1.997279014563e-06  ,4.611936147605e-05  
  5.636376558258e+04  ,1.990902179354e-06  ,4.606639440709e-05  
  5.649369748121e+04  ,1.984550356408e-06  ,4.601348776445e-05  
  5.662392890380e+04  ,1.978223433649e-06  ,4.596064148180e-05  
  5.675446054083e+04  ,1.971921299501e-06  ,4.590785549282e-05  
  5.688529308436e+04  ,1.965643842887e-06  ,4.585512973128e-05  
  5.701642722805e+04  ,1.959390953232e-06  ,4.580246413100e-05  
  5.714786366717e+04  ,1.953162520452e-06  ,4.574985862583e-05  
  5.727960309856e+04  ,1.946958434962e-06  ,4.569731314971e-05  
  5.741164622071e+04  ,1.940778587667e-06  ,4.564482763661e-05  
  5.754399373369e+04  ,1.934622869961e-06  ,4.559240202056e-05  
  5.767664633920e+04  ,1.928491173730e-06  ,4.554003623565e-05  
  5.780960474055e+04  ,1.922383391344e-06  ,4.548773021603e-05  
  5.794286964267e+04  ,1.916299415658e-06  ,4.543548389589e-05  
  5.807644175211e+04  ,1.910239140012e-06  ,4.538329720949e-05  
  5.821032177707e+04  ,1.904202458224e-06  ,4.533117009114e-05  
  5.834451042735e+04  ,1.898189264593e-06  ,4.527910247521e-05  
  5.847900841443e+04  ,1.892199453894e-06  ,4.522709429611e-05  
  5.861381645138e+04  ,1.886232921379e-06  ,4.517514548833e-05  
  5.874893525296e+04  ,1.880289562771e-06  ,4.512325598639e-05  
  5.888436553554e+04  ,1.874369274266e-06  ,4.507142572490e-05  
  5.902010801716e+04  ,1.868471952531e-06  ,4.501965463848e-05  
  5.915616341753e+04  ,1.862597494698e-06  ,4.496794266185e-05  
  5.929253245798e+04  ,1.856745798367e-06  ,4.491628972977e-05  
  5.942921586154e+04  ,1.850916761602e-06  ,4.486469577704e-05  
  5.956621435288e+04  ,1.845110282929e-06  ,4.481316073854e-05  
  5.970352865836e+04  ,1.839326261335e-06  ,4.476168454920e-05  
  5.984115950601e+04  ,1.833564596264e-06  ,4.471026714399e-05  
  5.997910762553e+04  ,1.827825187619e-06  ,4.465890845796e-05  
  6.011737374831e+04  ,1.822107935757e-06  ,4.460760842621e-05  
  6.025595860741e+04  ,1.816412741488e-06  ,4.455636698389e-05  
  6.039486293762e+04  ,1.810739506074e-06  ,4.450518406620e-05  
  6.053408747537e+04  ,1.805088131227e-06  ,4.445405960842e-05  
  6.067363295883e+04  ,1.799458519105e-06  ,4.440299354588e-05  
  6.081350012785e+04  ,1.793850572315e-06  ,4.435198581394e-05  
  6.095368972399e+04  ,1.788264193905e-06  ,4.430103634805e-05  
  6.109420249054e+04  ,1.782699287368e-06  ,4.425014508371e-05  
  6.123503917246e+04  ,1.777155756636e-06  ,4.419931195646e-05  
  6.137620051646e+04  ,1.771633506080e-06  ,4.414853690192e-05  
  6.151768727096e+04  ,1.766132440510e-06  ,4.409781985575e-05  
  6.165950018613e+04  ,1.760652465170e-06  ,4.404716075367e-05  
  6.180164001382e+04  ,1.755193485737e-06  ,4.399655953148e-05  
  6.194410750766e+04  ,1.749755408321e-06  ,4.394601612500e-05  
  6.208690342298e+04  ,1.744338139461e-06  ,4.389553047013e-05  
  6.223002851689e+04  ,1.738941586126e-06  ,4.384510250282e-05  
  6.237348354822e+04  ,1.733565655710e-06  ,4.379473215909e-05  
  6.251726927755e+04  ,1.728210256033e-06  ,4.374441937501e-05  
  6.266138646721e+04  ,1.722875295337e-06  ,4.369416408670e-05  
  6.280583588131e+04  ,1.717560682287e-06  ,4.364396623034e-05  
  6.295061828570e+04  ,1.712266325967e-06  ,4.359382574218e-05  
  6.309573444800e+04  ,1.706992135879e-06  ,4.354374255852e-05  
  6.324118513760e+04  ,1.701738021941e-06  ,4.349371661571e-05  
  6.338697112567e+04  ,1.696503894485e-06  ,4.344374785017e-05  
  6.353309318515e+04  ,1.691289664259e-06  ,4.339383619837e-05  
  6.367955209077e+04  ,1.686095242418e-06  ,4.334398159685e-05  
  6.382634861903e+04  ,1.680920540529e-06  ,4.329418398219e-05  
  6.397348354824e+04  ,1.675765470567e-06  ,4.324444329105e-05  
  6.412095765849e+04  ,1.670629944912e-06  ,4.319475946011e-05  
  6.426877173168e+04  ,1.665513876350e-06  ,4.314513242616e-05  
  6.441692655149e+04  ,1.660417178067e-06  ,4.309556212601e-05  
  6.456542290344e+04  ,1.655339763653e-06  ,4.304604849654e-05  
  6.471426157483e+04  ,1.650281547098e-06  ,4.299659147469e-05  
  6.486344335480e+04  ,1.645242442786e-06  ,4.294719099746e-05  
  6.501296903429e+04  ,1.640222365500e-06  ,4.289784700190e-05  
  6.516283940606e+04  ,1.635221230419e-06  ,4.284855942512e-05  
  6.531305526472e+04  ,1.630238953110e-06  ,4.279932820429e-05  
  6.546361740670e+04  ,1.625275449537e-06  ,4.275015327665e-05  
  6.561452663027e+04  ,1.620330636050e-06  ,4.270103457949e-05  
  6.576578373552e+04  ,1.615404429387e-06  ,4.265197205014e-05  
  6.591738952441e+04  ,1.610496746675e-06  ,4.260296562602e-05  
  6.606934480074e+04  ,1.605607505423e-06  ,4.255401524460e-05  
  6.622165037015e+04  ,1.600736623525e-06  ,4.250512084338e-05  
  6.637430704017e+04  ,1.595884019256e-06  ,4.245628235995e-05  
  6.652731562015e+04  ,1.591049611270e-06  ,4.240749973196e-05  
  6.668067692134e+04  ,1.586233318601e-06  ,4.235877289710e-05  
  6.683439175684e+04  ,1.581435060658e-06  ,4.231010179313e-05  
  6.698846094163e+04  ,1.576654757228e-06  ,4.226148635786e-05  
  6.714288529257e+04  ,1.571892328469e-06  ,4.221292652917e-05  
  6.729766562841e+04  ,1.567147694912e-06  ,4.216442224499e-05  
  6.745280276977e+04  ,1.562420777458e-06  ,4.211597344332e-05  
  6.760829753917e+04  ,1.557711497378e-06  ,4.206758006220e-05  
  6.776415076104e+04  ,1.553019776309e-06  ,4.201924203974e-05  
  6.792036326169e+04  ,1.548345536255e-06  ,4.197095931412e-05  
  6.807693586935e+04  ,1.543688699584e-06  ,4.192273182356e-05  
  6.823386941414e+04  ,1.539049189025e-06  ,4.187455950634e-05  
  6.839116472812e+04  ,1.534426927671e-06  ,4.182644230081e-05  
  6.854882264524e+04  ,1.529821838973e-06  ,4.177838014538e-05  
  6.870684400140e+04  ,1.525233846740e-06  ,4.173037297850e-05  
  6.886522963440e+04  ,1.520662875138e-06  ,4.168242073871e-05  
  6.902398038400e+04  ,1.516108848688e-06  ,4.163452336457e-05  
  6.918309709187e+04  ,1.511571692263e-06  ,4.158668079474e-05  
  6.934258060163e+04  ,1.507051331092e-06  ,4.153889296790e-05  
  6.950243175885e+04  ,1.502547690750e-06  ,4.149115982283e-05  
  6.966265141105e+04  ,1.498060697163e-06  ,4.144348129832e-05  
  6.982324040769e+04  ,1.493590276605e-06  ,4.139585733327e-05  
  6.998419960020e+04  ,1.489136355696e-06  ,4.134828786660e-05  
  7.014552984197e+04  ,1.484698861398e-06  ,4.130077283731e-05  
  7.030723198836e+04  ,1.480277721020e-06  ,4.125331218445e-05  
  7.046930689669e+04  ,1.475872862210e-06  ,4.120590584714e-05  
  7.063175542627e+04  ,1.471484212956e-06  ,4.115855376454e-05  
  7.079457843839e+04  ,1.467111701585e-06  ,4.111125587589e-05  
  7.095777679631e+04  ,1.462755256763e-06  ,4.106401212047e-05  
  7.112135136531e+04  ,1.458414807489e-06  ,4.101682243764e-05  
  7.128530301263e+04  ,1.454090283097e-06  ,4.096968676680e-05  
  7.144963260753e+04  ,1.449781613255e-06  ,4.092260504742e-05  
  7.161434102126e+04  ,1.445488727961e-06  ,4.087557721902e-05  
  7.177942912711e+04  ,1.441211557543e-06  ,4.082860322120e-05  
  7.194489780034e+04  ,1.436950032658e-06  ,4.078168299359e-05  
  7.211074791826e+04  ,1.432704084291e-06  ,4.073481647590e-05  
  7.227698036019e+04  ,1.428473643750e-06  ,4.068800360789e-05  
  7.244359600747e+04  ,1.424258642669e-06  ,4.064124432938e-05  
  7.261059574349e+04  ,1.420059013005e-06  ,4.059453858026e-05  
  7.277798045366e+04  ,1.415874687035e-06  ,4.054788630046e-05  
  7.294575102543e+04  ,1.411705597357e-06  ,4.050128742998e-05  
  7.311390834831e+04  ,1.407551676888e-06  ,4.045474190889e-05  
  7.328245331386e+04  ,1.403412858861e-06  ,4.040824967730e-05  
  7.345138681568e+04  ,1.399289076824e-06  ,4.036181067539e-05  
  7.362070974945e+04  ,1.395180264642e-06  ,4.031542484339e-05  
  7.379042301288e+04  ,1.391086356492e-06  ,4.026909212160e-05  
  7.396052750580e+04  ,1.387007286861e-06  ,4.022281245038e-05  
  7.413102413006e+04  ,1.382942990547e-06  ,4.017658577013e-05  
  7.430191378964e+04  ,1.378893402658e-06  ,4.013041202134e-05  
  7.447319739057e+04  ,1.374858458609e-06  ,4.008429114453e-05  
  7.464487584098e+04  ,1.370838094121e-06  ,4.003822308029e-05  
  7.481695005109e+04  ,1.366832245219e-06  ,3.999220776928e-05  
  7.498942093322e+04  ,1.362840848232e-06  ,3.994624515220e-05  
  7.516228940179e+04  ,1.358863839792e-06  ,3.990033516983e-05  
  7.533555637334e+04  ,1.354901156830e-06  ,3.985447776299e-05  
  7.550922276652e+04  ,1.350952736577e-06  ,3.980867287256e-05  
  7.568328950207e+04  ,1.347018516565e-06  ,3.976292043951e-05  
  7.585775750289e+04  ,1.343098434617e-06  ,3.971722040482e-05  
  7.603262769399e+04  ,1.339192428856e-06  ,3.967157270958e-05  
  7.620790100251e+04  ,1.335300437698e-06  ,3.962597729489e-05  
  7.638357835774e+04  ,1.331422399850e-06  ,3.958043410194e-05  
  7.655966069110e+04  ,1.327558254314e-06  ,3.953494307198e-05  
  7.673614893615e+04  ,1.323707940378e-06  ,3.948950414631e-05  
  7.691304402863e+04  ,1.319871397623e-06  ,3.944411726628e-05  
  7.709034690641e+04  ,1.316048565914e-06  ,3.939878237332e-05  
  7.726805850954e+04  ,1.312239385404e-06  ,3.935349940891e-05  
  7.744617978022e+04  ,1.308443796532e-06  ,3.930826831457e-05  
  7.762471166284e+04  ,1.304661740018e-06  ,3.926308903192e-05  
  7.780365510395e+04  ,1.300893156868e-06  ,3.921796150260e-05  
  7.798301105230e+04  ,1.297137988365e-06  ,3.917288566833e-05  
  7.816278045880e+04  ,1.293396176075e-06  ,3.912786147088e-05  
  7.834296427659e+04  ,1.289667661841e-06  ,3.908288885210e-05  
  7.852356346098e+04  ,1.285952387786e-06  ,3.903796775385e-05  
  7.870457896948e+04  ,1.282250296305e-06  ,3.899309811811e-05  
  7.888601176183e+04  ,1.278561330072e-06  ,3.894827988688e-05  
  7.906786279995e+04  ,1.274885432031e-06  ,3.890351300222e-05  
  7.925013304802e+04  ,1.271222545400e-06  ,3.885879740628e-05  
  7.943282347240e+04  ,1.267572613670e-06  ,3.881413304122e-05  
  7.961593504170e+04  ,1.263935580599e-06  ,3.876951984930e-05  
  7.979946872677e+04  ,1.260311390214e-06  ,3.872495777283e-05  
  7.998342550067e+04  ,1.256699986812e-06  ,3.868044675416e-05  
  8.016780633874e+04  ,1.253101314953e-06  ,3.863598673572e-05  
  8.035261221853e+04  ,1.249515319465e-06  ,3.859157765999e-05  
  8.053784411988e+04  ,1.245941945436e-06  ,3.854721946952e-05  
  8.072350302485e+04  ,1.242381138222e-06  ,3.850291210689e-05  
  8.090958991781e+04  ,1.238832843435e-06  ,3.845865551477e-05  
  8.109610578535e+04  ,1.235297006950e-06  ,3.841444963587e-05  
  8.128305161638e+04  ,1.231773574901e-06  ,3.837029441297e-05  
  8.147042840205e+04  ,1.228262493680e-06  ,3.832618978891e-05  
  8.165823713583e+04  ,1.224763709934e-06  ,3.828213570658e-05  
  8.184647881345e+04  ,1.221277170566e-06  ,3.823813210892e-05  
  8.203515443295e+04  ,1.217802822736e-06  ,3.819417893895e-05  
  8.222426499468e+04  ,1.214340613853e-06  ,3.815027613974e-05  
  8.241381150127e+04  ,1.210890491581e-06  ,3.810642365441e-05  
  8.260379495769e+04  ,1.207452403834e-06  ,3.806262142616e-05  
  8.279421637120e+04  ,1.204026298773e-06  ,3.801886939822e-05  
  8.298507675141e+04  ,1.200612124812e-06  ,3.797516751391e-05  
  8.317637711024e+04  ,1.197209830610e-06  ,3.793151571658e-05  
  8.336811846193e+04  ,1.193819365072e-06  ,3.788791394965e-05  
  8.356030182309e+04  ,1.190440677348e-06  ,3.784436215661e-05  
  8.375292821266e+04  ,1.187073716832e-06  ,3.780086028098e-05  
  8.394599865191e+04  ,1.183718433162e-06  ,3.775740826638e-05  
  8.413951416449e+04  ,1.180374776216e-06  ,3.771400605645e-05  
  8.433347577640e+04  ,1.177042696114e-06  ,3.767065359490e-05  
  8.452788451600e+04  ,1.173722143214e-06  ,3.762735082551e-05  
  8.472274141403e+04  ,1.170413068112e-06  ,3.758409769211e-05  
  8.491804750360e+04  ,1.167115421645e-06  ,3.754089413859e-05  
  8.511380382021e+04  ,1.163829154880e-06  ,3.749774010889e-05  
  8.531001140173e+04  ,1.160554219124e-06  ,3.745463554702e-05  
  8.550667128844e+04  ,1.157290565916e-06  ,3.741158039704e-05  
  8.570378452301e+04  ,1.154038147028e-06  ,3.736857460308e-05  
  8.590135215051e+04  ,1.150796914462e-06  ,3.732561810931e-05  
  8.609937521843e+04  ,1.147566820453e-06  ,3.728271085998e-05  
  8.629785477667e+04  ,1.144347817466e-06  ,3.723985279938e-05  
  8.649679187754e+04  ,1.141139858191e-06  ,3.719704387186e-05  
  8.669618757579e+04  ,1.137942895549e-06  ,3.715428402184e-05  
  8.689604292860e+04  ,1.134756882684e-06  ,3.711157319379e-05  
  8.709635899558e+04  ,1.131581772970e-06  ,3.706891133224e-05  
  8.729713683878e+04  ,1.128417519999e-06  ,3.702629838177e-05  
  8.749837752271e+04  ,1.125264077592e-06  ,3.698373428703e-05  
  8.770008211433e+04  ,1.122121399788e-06  ,3.694121899273e-05  
  8.790225168306e+04  ,1.118989440849e-06  ,3.689875244363e-05  
  8.810488730077e+04  ,1.115868155256e-06  ,3.685633458454e-05  
  8.830799004182e+04  ,1.112757497709e-06  ,3.681396536035e-05  
  8.851156098305e+04  ,1.109657423128e-06  ,3.677164471598e-05  
  8.871560120376e+04  ,1.106567886646e-06  ,3.672937259643e-05  
  8.892011178576e+04  ,1.103488843616e-06  ,3.668714894676e-05  
  8.912509381334e+04  ,1.100420249603e-06  ,3.664497371207e-05  
  8.933054837330e+04  ,1.097362060387e-06  ,3.660284683753e-05  
  8.953647655493e+04  ,1.094314231960e-06  ,3.656076826835e-05  
  8.974287945004e+04  ,1.091276720527e-06  ,3.651873794984e-05  
  8.994975815297e+04  ,1.088249482502e-06  ,3.647675582732e-05  
  9.015711376056e+04  ,1.085232474510e-06  ,3.643482184619e-05  
  9.036494737220e+04  ,1.082225653385e-06  ,3.639293595190e-05  
  9.057326008979e+04  ,1.079228976169e-06  ,3.635109808998e-05  
  9.078205301778e+04  ,1.076242400109e-06  ,3.630930820599e-05  
  9.099132726319e+04  ,1.073265882659e-06  ,3.626756624555e-05  
  9.120108393556e+04  ,1.070299381478e-06  ,3.622587215437e-05  
  9.141132414699e+04  ,1.067342854429e-06  ,3.618422587816e-05  
  9.162204901217e+04  ,1.064396259578e-06  ,3.614262736275e-05  
  9.183325964832e+04  ,1.061459555190e-06  ,3.610107655398e-05  
  9.204495717528e+04  ,1.058532699736e-06  ,3.605957339777e-05  
  9.225714271544e+04  ,1.055615651883e-06  ,3.601811784009e-05  
  9.246981739379e+04  ,1.052708370498e-06  ,3.597670982698e-05  
  9.268298233790e+04  ,1.049810814646e-06  ,3.593534930452e-05  
  9.289663867796e+04  ,1.046922943591e-06  ,3.589403621885e-05  
  9.311078754675e+04  ,1.044044716790e-06  ,3.585277051618e-05  
  9.332543007966e+04  ,1.041176093897e-06  ,3.581155214276e-05  
  9.354056741472e+04  ,1.038317034760e-06  ,3.577038104492e-05  
  9.375620069255e+04  ,1.035467499421e-06  ,3.572925716902e-05  
  9.397233105643e+04  ,1.032627448113e-06  ,3.568818046150e-05  
  9.418895965225e+04  ,1.029796841262e-06  ,3.564715086884e-05  
  9.440608762856e+04  ,1.026975639483e-06  ,3.560616833758e-05  
  9.462371613654e+04  ,1.024163803581e-06  ,3.556523281434e-05  
  9.484184633005e+04  ,1.021361294550e-06  ,3.552434424576e-05  
  9.506047936559e+04  ,1.018568073574e-06  ,3.548350257856e-05  
  9.527961640233e+04  ,1.015784102019e-06  ,3.544270775952e-05  
  9.549925860211e+04  ,1.013009341441e-06  ,3.540195973546e-05  
  9.571940712945e+04  ,1.010243753579e-06  ,3.536125845327e-05  
  9.594006315156e+04  ,1.007487300358e-06  ,3.532060385989e-05  
  9.616122783833e+04  ,1.004739943884e-06  ,3.527999590232e-05  
  9.638290236236e+04  ,1.002001646448e-06  ,3.523943452762e-05  
  9.660508789895e+04  ,9.992723705204e-07  ,3.519891968290e-05  
  9.682778562609e+04  ,9.965520787527e-07  ,3.515845131532e-05  
  9.705099672451e+04  ,9.938407339767e-07  ,3.511802937213e-05  
  9.727472237766e+04  ,9.911382992026e-07  ,3.507765380059e-05  
  9.749896377170e+04  ,9.884447376188e-07  ,3.503732454804e-05  
  9.772372209554e+04  ,9.857600125907e-07  ,3.499704156189e-05  
  9.794899854083e+04  ,9.830840876600e-07  ,3.495680478958e-05  
  9.817479430196e+04  ,9.804169265440e-07  ,3.491661417863e-05  
  9.840111057608e+04  ,9.777584931342e-07  ,3.487646967659e-05  
  9.862794856308e+04  ,9.751087514960e-07  ,3.483637123109e-05  
  9.885530946566e+04  ,9.724676658675e-07  ,3.479631878980e-05  
  9.908319448924e+04  ,9.698352006591e-07  ,3.475631230047e-05  
  9.931160484206e+04  ,9.672113204519e-07  ,3.471635171087e-05  
  9.954054173512e+04  ,9.645959899977e-07  ,3.467643696886e-05  
  9.977000638222e+04  ,9.619891742176e-07  ,3.463656802233e-05  
  9.999999999996e+04  ,9.593908382013e-07  ,3.459674481925e-05  
  1.002305238078e+05  ,9.568009472064e-07  ,3.455696730763e-05  
  1.004615790278e+05  ,9.542194666575e-07  ,3.451723543554e-05  
  1.006931668851e+05  ,9.516463621453e-07  ,3.447754915110e-05  
  1.009252886076e+05  ,9.490815994259e-07  ,3.443790840251e-05  
  1.011579454260e+05  ,9.465251444200e-07  ,3.439831313799e-05  
  1.013911385736e+05  ,9.439769632118e-07  ,3.435876330584e-05  
  1.016248692870e+05  ,9.414370220487e-07  ,3.431925885441e-05  
  1.018591388054e+05  ,9.389052873401e-07  ,3.427979973211e-05  
  1.020939483707e+05  ,9.363817256567e-07  ,3.424038588740e-05  
  1.023292992280e+05  ,9.338663037297e-07  ,3.420101726879e-05  
  1.025651926251e+05  ,9.313589884500e-07  ,3.416169382486e-05  
  1.028016298126e+05  ,9.288597468675e-07  ,3.412241550423e-05  
  1.030386120441e+05  ,9.263685461904e-07  ,3.408318225560e-05  
  1.032761405761e+05  ,9.238853537839e-07  ,3.404399402770e-05  
  1.035142166679e+05  ,9.214101371701e-07  ,3.400485076932e-05  
  1.037528415818e+05  ,9.189428640268e-07  ,3.396575242931e-05  
  1.039920165829e+05  ,9.164835021869e-07  ,3.392669895659e-05  
  1.042317429393e+05  ,9.140320196375e-07  ,3.388769030011e-05  
  1.044720219220e+05  ,9.115883845191e-07  ,3.384872640889e-05  
  1.047128548051e+05  ,9.091525651252e-07  ,3.380980723200e-05  
  1.049542428652e+05  ,9.067245299012e-07  ,3.377093271856e-05  
  1.051961873823e+05  ,9.043042474436e-07  ,3.373210281777e-05  
  1.054386896391e+05  ,9.018916864994e-07  ,3.369331747886e-05  
  1.056817509213e+05  ,8.994868159656e-07  ,3.365457665112e-05  
  1.059253725177e+05  ,8.970896048878e-07  ,3.361588028390e-05  
  1.061695557198e+05  ,8.947000224600e-07  ,3.357722832660e-05  
  1.064143018224e+05  ,8.923180380239e-07  ,3.353862072869e-05  
  1.066596121230e+05  ,8.899436210675e-07  ,3.350005743966e-05  
  1.069054879222e+05  ,8.875767412254e-07  ,3.346153840910e-05  
  1.071519305237e+05  ,8.852173682771e-07  ,3.342306358662e-05  
  1.073989412341e+05  ,8.828654721468e-07  ,3.338463292190e-05  
  1.076465213629e+05  ,8.805210229025e-07  ,3.334624636467e-05  
  1.078946722229e+05  ,8.781839907555e-07  ,3.330790386473e-05  
  1.081433951298e+05  ,8.758543460594e-07  ,3.326960537191e-05  
  1.083926914021e+05  ,8.735320593095e-07  ,3.323135083610e-05  
  1.086425623617e+05  ,8.712171011421e-07  ,3.319314020727e-05  
  1.088930093333e+05  ,8.689094423338e-07  ,3.315497343541e-05  
  1.091440336448e+05  ,8.666090538010e-07  ,3.311685047059e-05  
  1.093956366272e+05  ,8.643159065986e-07  ,3.307877126292e-05  
  1.096478196143e+05  ,8.620299719200e-07  ,3.304073576257e-05  
  1.099005839432e+05  ,8.597512210959e-07  ,3.300274391976e-05  
  1.101539309541e+05  ,8.574796255940e-07  ,3.296479568478e-05  
  1.104078619902e+05  ,8.552151570181e-07  ,3.292689100795e-05  
  1.106623783977e+05  ,8.529577871072e-07  ,3.288902983966e-05  
  1.109174815262e+05  ,8.507074877353e-07  ,3.285121213035e-05  
  1.111731727281e+05  ,8.484642309104e-07  ,3.281343783051e-05  
  1.114294533591e+05  ,8.462279887740e-07  ,3.277570689070e-05  
  1.116863247780e+05  ,8.439987336001e-07  ,3.273801926152e-05  
  1.119437883467e+05  ,8.417764377951e-07  ,3.270037489363e-05  
  1.122018454302e+05  ,8.395610738964e-07  ,3.266277373773e-05  
  1.124604973967e+05  ,8.373526145726e-07  ,3.262521574459e-05  
  1.127197456175e+05  ,8.351510326219e-07  ,3.258770086504e-05  
  1.129795914672e+05  ,8.329563009723e-07  ,3.255022904994e-05  
  1.132400363235e+05  ,8.307683926804e-07  ,3.251280025022e-05  
  1.135010815672e+05  ,8.285872809309e-07  ,3.247541441687e-05  
  1.137627285823e+05  ,8.264129390361e-07  ,3.243807150091e-05  
  1.140249787561e+05  ,8.242453404349e-07  ,3.240077145343e-05  
  1.142878334789e+05  ,8.220844586927e-07  ,3.236351422559e-05  
  1.145512941445e+05  ,8.199302675002e-07  ,3.232629976856e-05  
  1.148153621496e+05  ,8.177827406731e-07  ,3.228912803361e-05  
  1.150800388944e+05  ,8.156418521513e-07  ,3.225199897203e-05  
  1.153453257821e+05  ,8.135075759986e-07  ,3.221491253518e-05  
  1.156112242192e+05  ,8.113798864014e-07  ,3.217786867447e-05  
  1.158777356155e+05  ,8.092587576691e-07  ,3.214086734136e-05  
  1.161448613840e+05  ,8.071441642322e-07  ,3.210390848737e-05  
  1.164126029410e+05  ,8.050360806429e-07  ,3.206699206407e-05  
  1.166809617061e+05  ,8.029344815737e-07  ,3.203011802308e-05  
  1.169499391019e+05  ,8.008393418171e-07  ,3.199328631607e-05  
  1.172195365548e+05  ,7.987506362848e-07  ,3.195649689478e-05  
  1.174897554939e+05  ,7.966683400076e-07  ,3.191974971099e-05  
  1.177605973520e+05  ,7.945924281339e-07  ,3.188304471653e-05  
  1.180320635651e+05  ,7.925228759301e-07  ,3.184638186330e-05  
  1.183041555725e+05  ,7.904596587791e-07  ,3.180976110323e-05  
  1.185768748167e+05  ,7.884027521804e-07  ,3.177318238831e-05  
  1.188502227437e+05  ,7.863521317493e-07  ,3.173664567060e-05  
  1.191242008027e+05  ,7.843077732160e-07  ,3.170015090219e-05  
  1.193988104464e+05  ,7.822696524253e-07  ,3.166369803524e-05  
  1.196740531307e+05  ,7.802377453362e-07  ,3.162728702195e-05  
  1.199499303149e+05  ,7.782120280209e-07  ,3.159091781458e-05  
  1.202264434617e+05  ,7.761924766645e-07  ,3.155459036545e-05  
  1.205035940371e+05  ,7.741790675642e-07  ,3.151830462691e-05  
  1.207813835106e+05  ,7.721717771291e-07  ,3.148206055138e-05  
  1.210598133550e+05  ,7.701705818793e-07  ,3.144585809133e-05  
  1.213388850465e+05  ,7.681754584453e-07  ,3.140969719928e-05  
  1.216186000646e+05  ,7.661863835678e-07  ,3.137357782781e-05  
  1.218989598924e+05  ,7.642033340968e-07  ,3.133749992953e-05  
  1.221799660164e+05  ,7.622262869912e-07  ,3.130146345714e-05  
  1.224616199265e+05  ,7.602552193180e-07  ,3.126546836335e-05  
  1.227439231158e+05  ,7.582901082522e-07  ,3.122951460096e-05  
  1.230268770812e+05  ,7.563309310759e-07  ,3.119360212279e-05  
  1.233104833228e+05  ,7.543776651779e-07  ,3.115773088174e-05  
  1.235947433444e+05  ,7.524302880528e-07  ,3.112190083074e-05  
  1.238796586530e+05  ,7.504887773012e-07  ,3.108611192278e-05  
  1.241652307592e+05  ,7.485531106284e-07  ,3.105036411092e-05  
  1.244514611771e+05  ,7.466232658443e-07  ,3.101465734823e-05  
  1.247383514242e+05  ,7.446992208627e-07  ,3.097899158787e-05  
  1.250259030217e+05  ,7.427809537009e-07  ,3.094336678305e-05  
  1.253141174941e+05  ,7.408684424789e-07  ,3.090778288700e-05  
  1.256029963694e+05  ,7.389616654193e-07  ,3.087223985304e-05  
  1.258925411794e+05  ,7.370606008463e-07  ,3.083673763451e-05  
  1.261827534590e+05  ,7.351652271855e-07  ,3.080127618482e-05  
  1.264736347471e+05  ,7.332755229634e-07  ,3.076585545744e-05  
  1.267651865857e+05  ,7.313914668066e-07  ,3.073047540586e-05  
  1.270574105208e+05  ,7.295130374415e-07  ,3.069513598366e-05  
  1.273503081016e+05  ,7.276402136938e-07  ,3.065983714444e-05  
  1.276438808811e+05  ,7.257729744879e-07  ,3.062457884186e-05  
  1.279381304157e+05  ,7.239112988464e-07  ,3.058936102965e-05  
  1.282330582656e+05  ,7.220551658898e-07  ,3.055418366156e-05  
  1.285286659943e+05  ,7.202045548355e-07  ,3.051904669142e-05  
  1.288249551693e+05  ,7.183594449979e-07  ,3.048395007309e-05  
  1.291219273613e+05  ,7.165198157875e-07  ,3.044889376050e-05  
  1.294195841449e+05  ,7.146856467106e-07  ,3.041387770762e-05  
  1.297179270983e+05  ,7.128569173687e-07  ,3.037890186846e-05  
  1.300169578033e+05  ,7.110336074581e-07  ,3.034396619711e-05  
  1.303166778452e+05  ,7.092156967693e-07  ,3.030907064768e-05  
  1.306170888131e+05  ,7.074031651866e-07  ,3.027421517436e-05  
  1.309181922999e+05  ,7.055959926876e-07  ,3.023939973137e-05  
  1.312199899019e+05  ,7.037941593427e-07  ,3.020462427298e-05  
  1.315224832192e+05  ,7.019976453147e-07  ,3.016988875353e-05  
  1.318256738556e+05  ,7.002064308582e-07  ,3.013519312739e-05  
  1.321295634186e+05  ,6.984204963192e-07  ,3.010053734899e-05  
  1.324341535194e+05  ,6.966398221347e-07  ,3.006592137282e-05  
  1.327394457729e+05  ,6.948643888321e-07  ,3.003134515341e-05  
  1.330454417978e+05  ,6.930941770287e-07  ,2.999680864533e-05  
  1.333521432163e+05  ,6.913291674315e-07  ,2.996231180322e-05  
  1.336595516546e+05  ,6.895693408364e-07  ,2.992785458176e-05  
  1.339676687425e+05  ,6.878146781281e-07  ,2.989343693568e-05  
  1.342764961137e+05  ,6.860651602791e-07  ,2.985905881978e-05  
  1.345860354055e+05  ,6.843207683500e-07  ,2.982472018887e-05  
  1.348962882591e+05  ,6.825814834884e-07  ,2.979042099786e-05  
  1.352072563194e+05  ,6.808472869288e-07  ,2.975616120166e-05  
  1.355189412351e+05  ,6.791181599919e-07  ,2.972194075527e-05  
  1.358313446587e+05  ,6.773940840845e-07  ,2.968775961372e-05  
  1.361444682465e+05  ,6.756750406987e-07  ,2.965361773209e-05  
  1.364583136588e+05  ,6.739610114117e-07  ,2.961951506553e-05  
  1.367728825595e+05  ,6.722519778852e-07  ,2.958545156921e-05  
  1.370881766164e+05  ,6.705479218652e-07  ,2.955142719837e-05  
  1.374041975012e+05  ,6.688488251812e-07  ,2.951744190830e-05  
  1.377209468893e+05  ,6.671546697461e-07  ,2.948349565433e-05  
  1.380384264602e+05  ,6.654654375556e-07  ,2.944958839184e-05  
  1.383566378971e+05  ,6.637811106880e-07  ,2.941572007628e-05  
  1.386755828871e+05  ,6.621016713032e-07  ,2.938189066311e-05  
  1.389952631213e+05  ,6.604271016431e-07  ,2.934810010789e-05  
  1.393156802945e+05  ,6.587573840304e-07  ,2.931434836618e-05  
  1.396368361055e+05  ,6.570925008688e-07  ,2.928063539363e-05  
  1.399587322572e+05  ,6.554324346422e-07  ,2.924696114592e-05  
  1.402813704561e+05  ,6.537771679144e-07  ,2.921332557877e-05  
  1.406047524129e+05  ,6.521266833286e-07  ,2.917972864798e-05  
  1.409288798421e+05  ,6.504809636073e-07  ,2.914617030937e-05  
  1.412537544622e+05  ,6.488399915514e-07  ,2.911265051882e-05  
  1.415793779957e+05  ,6.472037500403e-07  ,2.907916923226e-05  
  1.419057521689e+05  ,6.455722220311e-07  ,2.904572640567e-05  
  1.422328787122e+05  ,6.439453905585e-07  ,2.901232199508e-05  
  1.425607593602e+05  ,6.423232387340e-07  ,2.897895595657e-05  
  1.428893958511e+05  ,6.407057497461e-07  ,2.894562824626e-05  
  1.432187899273e+05  ,6.390929068593e-07  ,2.891233882033e-05  
  1.435489433353e+05  ,6.374846934142e-07  ,2.887908763500e-05  
  1.438798578255e+05  ,6.358810928265e-07  ,2.884587464654e-05  
  1.442115351524e+05  ,6.342820885873e-07  ,2.881269981128e-05  
  1.445439770745e+05  ,6.326876642625e-07  ,2.877956308560e-05  
  1.448771853544e+05  ,6.310978034919e-07  ,2.874646442590e-05  
  1.452111617587e+05  ,6.295124899896e-07  ,2.871340378866e-05  
  1.455459080581e+05  ,6.279317075431e-07  ,2.868038113039e-05  
  1.458814260275e+05  ,6.263554400130e-07  ,2.864739640767e-05  
  1.462177174456e+05  ,6.247836713329e-07  ,2.861444957710e-05  
  1.465547840955e+05  ,6.232163855086e-07  ,2.858154059536e-05  
  1.468926277643e+05  ,6.216535666180e-07  ,2.854866941914e-05  
  1.472312502432e+05  ,6.200951988107e-07  ,2.851583600522e-05  
  1.475706533275e+05  ,6.185412663077e-07  ,2.848304031040e-05  
  1.479108388168e+05  ,6.169917534007e-07  ,2.845028229154e-05  
  1.482518085145e+05  ,6.154466444521e-07  ,2.841756190555e-05  
  1.485935642286e+05  ,6.139059238946e-07  ,2.838487910937e-05  
  1.489361077710e+05  ,6.123695762304e-07  ,2.835223386002e-05  
  1.492794409578e+05  ,6.108375860316e-07  ,2.831962611453e-05  
  1.496235656094e+05  ,6.093099379391e-07  ,2.828705583002e-05  
  1.499684835502e+05  ,6.077866166627e-07  ,2.825452296362e-05  
  1.503141966089e+05  ,6.062676069805e-07  ,2.822202747253e-05  
  1.506607066186e+05  ,6.047528937389e-07  ,2.818956931400e-05  
  1.510080154164e+05  ,6.032424618517e-07  ,2.815714844531e-05  
  1.513561248436e+05  ,6.017362963002e-07  ,2.812476482380e-05  
  1.517050367459e+05  ,6.002343821326e-07  ,2.809241840686e-05  
  1.520547529732e+05  ,5.987367044640e-07  ,2.806010915193e-05  
  1.524052753797e+05  ,5.972432484755e-07  ,2.802783701649e-05  
  1.527566058237e+05  ,5.957539994144e-07  ,2.799560195806e-05  
  1.531087461681e+05  ,5.942689425936e-07  ,2.796340393422e-05  
  1.534616982799e+05  ,5.927880633911e-07  ,2.793124290260e-05  
  1.538154640302e+05  ,5.913113472501e-07  ,2.789911882087e-05  
  1.541700452949e+05  ,5.898387796783e-07  ,2.786703164675e-05  
  1.545254439538e+05  ,5.883703462477e-07  ,2.783498133802e-05  
  1.548816618912e+05  ,5.869060325942e-07  ,2.780296785247e-05  
  1.552387009957e+05  ,5.854458244174e-07  ,2.777099114798e-05  
  1.555965631604e+05  ,5.839897074802e-07  ,2.773905118246e-05  
  1.559552502826e+05  ,5.825376676085e-07  ,2.770714791387e-05  
  1.563147642640e+05  ,5.810896906907e-07  ,2.767528130020e-05  
  1.566751070108e+05  ,5.796457626776e-07  ,2.764345129951e-05  
  1.570362804333e+05  ,5.782058695821e-07  ,2.761165786989e-05  
  1.573982864466e+05  ,5.767699974786e-07  ,2.757990096951e-05  
  1.577611269699e+05  ,5.753381325030e-07  ,2.754818055653e-05  
  1.581248039270e+05  ,5.739102608523e-07  ,2.751649658922e-05  
  1.584893192461e+05  ,5.724863687840e-07  ,2.748484902585e-05  
  1.588546748597e+05  ,5.710664426161e-07  ,2.745323782476e-05  
  1.592208727051e+05  ,5.696504687270e-07  ,2.742166294432e-05  
  1.595879147236e+05  ,5.682384335544e-07  ,2.739012434297e-05  
  1.599558028614e+05  ,5.668303235959e-07  ,2.735862197918e-05  
  1.603245390689e+05  ,5.654261254081e-07  ,2.732715581147e-05  
  1.606941253012e+05  ,5.640258256065e-07  ,2.729572579841e-05  
  1.610645635178e+05  ,5.626294108653e-07  ,2.726433189861e-05  
  1.614358556826e+05  ,5.612368679166e-07  ,2.723297407073e-05  
  1.618080037642e+05  ,5.598481835510e-07  ,2.720165227348e-05  
  1.621810097358e+05  ,5.584633446163e-07  ,2.717036646562e-05  
  1.625548755750e+05  ,5.570823380181e-07  ,2.713911660594e-05  
  1.629296032639e+05  ,5.557051507187e-07  ,2.710790265329e-05  
  1.633051947894e+05  ,5.543317697375e-07  ,2.707672456657e-05  
  1.636816521427e+05  ,5.529621821502e-07  ,2.704558230471e-05  
  1.640589773199e+05  ,5.515963750888e-07  ,2.701447582670e-05  
  1.644371723214e+05  ,5.502343357411e-07  ,2.698340509157e-05  
  1.648162391525e+05  ,5.488760513507e-07  ,2.695237005839e-05  
  1.651961798228e+05  ,5.475215092165e-07  ,2.692137068630e-05  
  1.655769963469e+05  ,5.461706966924e-07  ,2.689040693446e-05  
  1.659586907437e+05  ,5.448236011870e-07  ,2.685947876209e-05  
  1.663412650370e+05  ,5.434802101637e-07  ,2.682858612845e-05  
  1.667247212550e+05  ,5.421405111398e-07  ,2.679772899285e-05  
  1.671090614310e+05  ,5.408044916867e-07  ,2.676690731464e-05  
  1.674942876026e+05  ,5.394721394294e-07  ,2.673612105322e-05  
  1.678804018122e+05  ,5.381434420464e-07  ,2.670537016804e-05  
  1.682674061070e+05  ,5.368183872691e-07  ,2.667465461858e-05  
  1.686553025388e+05  ,5.354969628819e-07  ,2.664397436439e-05  
  1.690440931643e+05  ,5.341791567217e-07  ,2.661332936504e-05  
  1.694337800447e+05  ,5.328649566778e-07  ,2.658271958017e-05  
  1.698243652461e+05  ,5.315543506915e-07  ,2.655214496945e-05  
  1.702158508394e+05  ,5.302473267558e-07  ,2.652160549260e-05  
  1.706082389002e+05  ,5.289438729152e-07  ,2.649110110937e-05  
  1.710015315090e+05  ,5.276439772655e-07  ,2.646063177959e-05  
  1.713957307508e+05  ,5.263476279534e-07  ,2.643019746310e-05  
  1.717908387157e+05  ,5.250548131763e-07  ,2.639979811981e-05  
  1.721868574985e+05  ,5.237655211823e-07  ,2.636943370966e-05  
  1.725837891990e+05  ,5.224797402694e-07  ,2.633910419265e-05  
  1.729816359214e+05  ,5.211974587856e-07  ,2.630880952880e-05  
  1.733803997753e+05  ,5.199186651286e-07  ,2.627854967821e-05  
  1.737800828749e+05  ,5.186433477457e-07  ,2.624832460099e-05  
  1.741806873391e+05  ,5.173714951332e-07  ,2.621813425732e-05  
  1.745822152920e+05  ,5.161030958362e-07  ,2.618797860741e-05  
  1.749846688624e+05  ,5.148381384489e-07  ,2.615785761153e-05  
  1.753880501841e+05  ,5.135766116134e-07  ,2.612777122997e-05  
  1.757923613958e+05  ,5.123185040203e-07  ,2.609771942310e-05  
  1.761976046411e+05  ,5.110638044082e-07  ,2.606770215131e-05  
  1.766037820685e+05  ,5.098125015632e-07  ,2.603771937504e-05  
  1.770108958317e+05  ,5.085645843189e-07  ,2.600777105476e-05  
  1.774189480889e+05  ,5.073200415561e-07  ,2.597785715102e-05  
  1.778279410038e+05  ,5.060788622026e-07  ,2.594797762439e-05  
  1.782378767447e+05  ,5.048410352328e-07  ,2.591813243548e-05  
  1.786487574851e+05  ,5.036065496679e-07  ,2.588832154496e-05  
  1.790605854035e+05  ,5.023753945749e-07  ,2.585854491354e-05  
  1.794733626832e+05  ,5.011475590673e-07  ,2.582880250196e-05  
  1.798870915128e+05  ,4.999230323039e-07  ,2.579909427103e-05  
  1.803017740859e+05  ,4.987018034894e-07  ,2.576942018159e-05  
  1.807174126010e+05  ,4.974838618736e-07  ,2.573978019451e-05  
  1.811340092619e+05  ,4.962691967516e-07  ,2.571017427074e-05  
  1.815515662772e+05  ,4.950577974632e-07  ,2.568060237124e-05  
  1.819700858609e+05  ,4.938496533928e-07  ,2.565106445703e-05  
  1.823895702319e+05  ,4.926447539692e-07  ,2.562156048917e-05  
  1.828100216142e+05  ,4.914430886657e-07  ,2.559209042878e-05  
  1.832314422371e+05  ,4.902446469990e-07  ,2.556265423699e-05  
  1.836538343348e+05  ,4.890494185300e-07  ,2.553325187500e-05  
  1.840772001468e+05  ,4.878573928628e-07  ,2.550388330405e-05  
  1.845015419179e+05  ,4.866685596450e-07  ,2.547454848543e-05  
  1.849268618977e+05  ,4.854829085671e-07  ,2.544524738045e-05  
  1.853531623414e+05  ,4.843004293626e-07  ,2.541597995048e-05  
  1.857804455091e+05  ,4.831211118075e-07  ,2.538674615694e-05  
  1.862087136662e+05  ,4.819449457203e-07  ,2.535754596129e-05  
  1.866379690834e+05  ,4.807719209616e-07  ,2.532837932502e-05  
  1.870682140365e+05  ,4.796020274342e-07  ,2.529924620968e-05  
  1.874994508067e+05  ,4.784352550824e-07  ,2.527014657685e-05  
  1.879316816803e+05  ,4.772715938923e-07  ,2.524108038817e-05  
  1.883649089489e+05  ,4.761110338912e-07  ,2.521204760530e-05  
  1.887991349096e+05  ,4.749535651475e-07  ,2.518304818998e-05  
  1.892343618644e+05  ,4.737991777708e-07  ,2.515408210395e-05  
  1.896705921210e+05  ,4.726478619112e-07  ,2.512514930902e-05  
  1.901078279923e+05  ,4.714996077594e-07  ,2.509624976703e-05  
  1.905460717963e+05  ,4.703544055464e-07  ,2.506738343989e-05  
  1.909853258565e+05  ,4.692122455433e-07  ,2.503855028952e-05  
  1.914255925020e+05  ,4.680731180611e-07  ,2.500975027790e-05  
  1.918668740670e+05  ,4.669370134507e-07  ,2.498098336704e-05  
  1.923091728909e+05  ,4.658039221022e-07  ,2.495224951902e-05  
  1.927524913190e+05  ,4.646738344454e-07  ,2.492354869593e-05  
  1.931968317016e+05  ,4.635467409488e-07  ,2.489488085993e-05  
  1.936421963946e+05  ,4.624226321202e-07  ,2.486624597321e-05  
  1.940885877592e+05  ,4.613014985058e-07  ,2.483764399800e-05  
  1.945360081622e+05  ,4.601833306905e-07  ,2.480907489658e-05  
  1.949844599757e+05  ,4.590681192976e-07  ,2.478053863126e-05  
  1.954339455775e+05  ,4.579558549885e-07  ,2.475203516442e-05  
  1.958844673505e+05  ,4.568465284624e-07  ,2.472356445845e-05  
  1.963360276835e+05  ,4.557401304565e-07  ,2.469512647581e-05  
  1.967886289706e+05  ,4.546366517453e-07  ,2.466672117899e-05  
  1.972422736114e+05  ,4.535360831410e-07  ,2.463834853051e-05  
  1.976969640111e+05  ,4.524384154928e-07  ,2.461000849295e-05  
  1.981527025804e+05  ,4.513436396869e-07  ,2.458170102894e-05  
  1.986094917357e+05  ,4.502517466464e-07  ,2.455342610112e-05  
  1.990673338986e+05  ,4.491627273311e-07  ,2.452518367221e-05  
  1.995262314968e+05  ,4.480765727371e-07  ,2.449697370495e-05  
  1.999861869632e+05  ,4.469932738969e-07  ,2.446879616212e-05  
  2.004472027364e+05  ,4.459128218790e-07  ,2.444065100656e-05  
  2.009092812608e+05  ,4.448352077880e-07  ,2.441253820114e-05  
  2.013724249862e+05  ,4.437604227641e-07  ,2.438445770877e-05  
  2.018366363681e+05  ,4.426884579829e-07  ,2.435640949240e-05  
  2.023019178677e+05  ,4.416193046558e-07  ,2.432839351503e-05  
  2.027682719520e+05  ,4.405529540290e-07  ,2.430040973971e-05  
  2.032357010935e+05  ,4.394893973839e-07  ,2.427245812951e-05  
  2.037042077705e+05  ,4.384286260369e-07  ,2.424453864756e-05  
  2.041737944669e+05  ,4.373706313387e-07  ,2.421665125702e-05  
  2.046444636724e+05  ,4.363154046749e-07  ,2.418879592111e-05  
  2.051162178825e+05  ,4.352629374653e-07  ,2.416097260306e-05  
  2.055890595983e+05  ,4.342132211638e-07  ,2.413318126617e-05  
  2.060629913269e+05  ,4.331662472583e-07  ,2.410542187377e-05  
  2.065380155810e+05  ,4.321220072707e-07  ,2.407769438924e-05  
  2.070141348790e+05  ,4.310804927563e-07  ,2.404999877598e-05  
  2.074913517454e+05  ,4.300416953042e-07  ,2.402233499747e-05  
  2.079696687103e+05  ,4.290056065366e-07  ,2.399470301719e-05  
  2.084490883096e+05  ,4.279722181089e-07  ,2.396710279869e-05  
  2.089296130853e+05  ,4.269415217095e-07  ,2.393953430554e-05  
  2.094112455850e+05  ,4.259135090598e-07  ,2.391199750137e-05  
  2.098939883623e+05  ,4.248881719137e-07  ,2.388449234985e-05  
  2.103778439766e+05  ,4.238655020577e-07  ,2.385701881467e-05  
  2.108628149932e+05  ,4.228454913105e-07  ,2.382957685959e-05  
  2.113489039836e+05  ,4.218281315232e-07  ,2.380216644838e-05  
  2.118361135248e+05  ,4.208134145789e-07  ,2.377478754489e-05  
  2.123244461999e+05  ,4.198013323924e-07  ,2.374744011298e-05  
  2.128139045982e+05  ,4.187918769104e-07  ,2.372012411656e-05  
  2.133044913146e+05  ,4.177850401112e-07  ,2.369283951958e-05  
  2.137962089501e+05  ,4.167808140043e-07  ,2.366558628603e-05  
  2.142890601119e+05  ,4.157791906306e-07  ,2.363836437995e-05  
  2.147830474130e+05  ,4.147801620622e-07  ,2.361117376542e-05  
  2.152781734724e+05  ,4.137837204018e-07  ,2.358401440654e-05  
  2.157744409152e+05  ,4.127898577833e-07  ,2.355688626748e-05  
  2.162718523726e+05  ,4.117985663711e-07  ,2.352978931242e-05  
  2.167704104819e+05  ,4.108098383598e-07  ,2.350272350561e-05  
  2.172701178863e+05  ,4.098236659749e-07  ,2.347568881133e-05  
  2.177709772352e+05  ,4.088400414717e-07  ,2.344868519389e-05  
  2.182729911842e+05  ,4.078589571356e-07  ,2.342171261766e-05  
  2.187761623949e+05  ,4.068804052821e-07  ,2.339477104702e-05  
  2.192804935350e+05  ,4.059043782562e-07  ,2.336786044643e-05  
  2.197859872784e+05  ,4.049308684326e-07  ,2.334098078036e-05  
  2.202926463053e+05  ,4.039598682156e-07  ,2.331413201334e-05  
  2.208004733018e+05  ,4.029913700386e-07  ,2.328731410992e-05  
  2.213094709605e+05  ,4.020253663644e-07  ,2.326052703470e-05  
  2.218196419799e+05  ,4.010618496847e-07  ,2.323377075234e-05  
  2.223309890651e+05  ,4.001008125202e-07  ,2.320704522750e-05  
  2.228435149269e+05  ,3.991422474201e-07  ,2.318035042491e-05  
  2.233572222830e+05  ,3.981861469626e-07  ,2.315368630934e-05  
  2.238721138567e+05  ,3.972325037541e-07  ,2.312705284559e-05  
  2.243881923782e+05  ,3.962813104294e-07  ,2.310044999849e-05  
  2.249054605835e+05  ,3.953325596515e-07  ,2.307387773293e-05  
  2.254239212152e+05  ,3.943862441116e-07  ,2.304733601383e-05  
  2.259435770220e+05  ,3.934423565287e-07  ,2.302082480616e-05  
  2.264644307592e+05  ,3.925008896494e-07  ,2.299434407491e-05  
  2.269864851883e+05  ,3.915618362484e-07  ,2.296789378513e-05  
  2.275097430771e+05  ,3.906251891276e-07  ,2.294147390190e-05  
  2.280342072000e+05  ,3.896909411164e-07  ,2.291508439034e-05  
  2.285598803375e+05  ,3.887590850714e-07  ,2.288872521562e-05  
  2.290867652767e+05  ,3.878296138765e-07  ,2.286239634292e-05  
  2.296148648111e+05  ,3.869025204423e-07  ,2.283609773749e-05  
  2.301441817408e+05  ,3.859777977065e-07  ,2.280982936461e-05  
  2.306747188719e+05  ,3.850554386334e-07  ,2.278359118961e-05  
  2.312064790175e+05  ,3.841354362141e-07  ,2.275738317783e-05  
  2.317394649968e+05  ,3.832177834661e-07  ,2.273120529468e-05  
  2.322736796356e+05  ,3.823024734330e-07  ,2.270505750559e-05  
  2.328091257664e+05  ,3.813894991851e-07  ,2.267893977604e-05  
  2.333458062280e+05  ,3.804788538183e-07  ,2.265285207154e-05  
  2.338837238658e+05  ,3.795705304548e-07  ,2.262679435766e-05  
  2.344228815319e+05  ,3.786645222427e-07  ,2.260076659998e-05  
  2.349632820847e+05  ,3.777608223555e-07  ,2.257476876414e-05  
  2.355049283895e+05  ,3.768594239926e-07  ,2.254880081581e-05  
  2.360478233180e+05  ,3.759603203788e-07  ,2.252286272070e-05  
  2.365919697485e+05  ,3.750635047642e-07  ,2.249695444457e-05  
  2.371373705661e+05  ,3.741689704242e-07  ,2.247107595319e-05  
  2.376840286624e+05  ,3.732767106592e-07  ,2.244522721241e-05  
  2.382319469358e+05  ,3.723867187949e-07  ,2.241940818809e-05  
  2.387811282912e+05  ,3.714989881814e-07  ,2.239361884614e-05  
  2.393315756404e+05  ,3.706135121941e-07  ,2.236785915249e-05  
  2.398832919019e+05  ,3.697302842326e-07  ,2.234212907314e-05  
  2.404362800006e+05  ,3.688492977213e-07  ,2.231642857410e-05  
  2.409905428686e+05  ,3.679705461088e-07  ,2.229075762144e-05  
  2.415460834444e+05  ,3.670940228682e-07  ,2.226511618126e-05  
  2.421029046735e+05  ,3.662197214967e-07  ,2.223950421970e-05  
  2.426610095081e+05  ,3.653476355154e-07  ,2.221392170293e-05  
  2.432204009073e+05  ,3.644777584697e-07  ,2.218836859717e-05  
  2.437810818368e+05  ,3.636100839284e-07  ,2.216284486867e-05  
  2.443430552693e+05  ,3.627446054845e-07  ,2.213735048373e-05  
  2.449063241844e+05  ,3.618813167541e-07  ,2.211188540867e-05  
  2.454708915684e+05  ,3.610202113773e-07  ,2.208644960987e-05  
  2.460367604147e+05  ,3.601612830172e-07  ,2.206104305373e-05  
  2.466039337233e+05  ,3.593045253603e-07  ,2.203566570671e-05  
  2.471724145015e+05  ,3.584499321164e-07  ,2.201031753527e-05  
  2.477422057632e+05  ,3.575974970183e-07  ,2.198499850595e-05  
  2.483133105295e+05  ,3.567472138215e-07  ,2.195970858531e-05  
  2.488857318281e+05  ,3.558990763047e-07  ,2.193444773994e-05  
  2.494594726942e+05  ,3.550530782691e-07  ,2.190921593648e-05  
  2.500345361695e+05  ,3.542092135386e-07  ,2.188401314160e-05  
  2.506109253031e+05  ,3.533674759597e-07  ,2.185883932202e-05  
  2.511886431509e+05  ,3.525278594012e-07  ,2.183369444449e-05  
  2.517676927758e+05  ,3.516903577543e-07  ,2.180857847580e-05  
  2.523480772480e+05  ,3.508549649324e-07  ,2.178349138277e-05  
  2.529297996445e+05  ,3.500216748708e-07  ,2.175843313226e-05  
  2.535128630497e+05  ,3.491904815271e-07  ,2.173340369118e-05  
  2.540972705548e+05  ,3.483613788806e-07  ,2.170840302647e-05  
  2.546830252584e+05  ,3.475343609325e-07  ,2.168343110510e-05  
  2.552701302660e+05  ,3.467094217056e-07  ,2.165848789409e-05  
  2.558585886905e+05  ,3.458865552445e-07  ,2.163357336049e-05  
  2.564484036517e+05  ,3.450657556149e-07  ,2.160868747140e-05  
  2.570395782768e+05  ,3.442470169042e-07  ,2.158383019392e-05  
  2.576321157002e+05  ,3.434303332212e-07  ,2.155900149525e-05  
  2.582260190634e+05  ,3.426156986955e-07  ,2.153420134256e-05  
  2.588212915152e+05  ,3.418031074780e-07  ,2.150942970312e-05  
  2.594179362118e+05  ,3.409925537408e-07  ,2.148468654418e-05  
  2.600159563164e+05  ,3.401840316765e-07  ,2.145997183307e-05  
  2.606153549998e+05  ,3.393775354988e-07  ,2.143528553713e-05  
  2.612161354398e+05  ,3.385730594420e-07  ,2.141062762377e-05  
  2.618183008218e+05  ,3.377705977610e-07  ,2.138599806039e-05  
  2.624218543383e+05  ,3.369701447313e-07  ,2.136139681447e-05  
  2.630267991894e+05  ,3.361716946487e-07  ,2.133682385350e-05  
  2.636331385824e+05  ,3.353752418294e-07  ,2.131227914502e-05  
  2.642408757321e+05  ,3.345807806098e-07  ,2.128776265661e-05  
  2.648500138606e+05  ,3.337883053466e-07  ,2.126327435588e-05  
  2.654605561974e+05  ,3.329978104162e-07  ,2.123881421047e-05  
  2.660725059798e+05  ,3.322092902153e-07  ,2.121438218808e-05  
  2.666858664520e+05  ,3.314227391603e-07  ,2.118997825641e-05  
  2.673006408662e+05  ,3.306381516875e-07  ,2.116560238324e-05  
  2.679168324818e+05  ,3.298555222526e-07  ,2.114125453635e-05  
  2.685344445657e+05  ,3.290748453312e-07  ,2.111693468358e-05  
  2.691534803926e+05  ,3.282961154182e-07  ,2.109264279280e-05  
  2.697739432444e+05  ,3.275193270281e-07  ,2.106837883191e-05  
  2.703958364108e+05  ,3.267444746946e-07  ,2.104414276885e-05  
  2.710191631890e+05  ,3.259715529706e-07  ,2.101993457161e-05  
  2.716439268838e+05  ,3.252005564282e-07  ,2.099575420820e-05  
  2.722701308077e+05  ,3.244314796586e-07  ,2.097160164666e-05  
  2.728977782807e+05  ,3.236643172720e-07  ,2.094747685510e-05  
  2.735268726306e+05  ,3.228990638973e-07  ,2.092337980162e-05  
  2.741574171927e+05  ,3.221357141824e-07  ,2.089931045440e-05  
  2.747894153101e+05  ,3.213742627939e-07  ,2.087526878163e-05  
  2.754228703337e+05  ,3.206147044170e-07  ,2.085125475155e-05  
  2.760577856219e+05  ,3.198570337553e-07  ,2.082726833242e-05  
  2.766941645410e+05  ,3.191012455312e-07  ,2.080330949254e-05  
  2.773320104651e+05  ,3.183473344850e-07  ,2.077937820027e-05  
  2.779713267758e+05  ,3.175952953759e-07  ,2.075547442398e-05  
  2.786121168629e+05  ,3.168451229807e-07  ,2.073159813208e-05  
  2.792543841236e+05  ,3.160968120949e-07  ,2.070774929303e-05  
  2.798981319633e+05  ,3.153503575315e-07  ,2.068392787531e-05  
  2.805433637951e+05  ,3.146057541220e-07  ,2.066013384744e-05  
  2.811900830398e+05  ,3.138629967153e-07  ,2.063636717798e-05  
  2.818382931263e+05  ,3.131220801786e-07  ,2.061262783552e-05  
  2.824879974915e+05  ,3.123829993964e-07  ,2.058891578870e-05  
  2.831391995798e+05  ,3.116457492710e-07  ,2.056523100618e-05  
  2.837919028440e+05  ,3.109103247225e-07  ,2.054157345666e-05  
  2.844461107447e+05  ,3.101767206881e-07  ,2.051794310889e-05  
  2.851018267503e+05  ,3.094449321226e-07  ,2.049433993162e-05  
  2.857590543374e+05  ,3.087149539983e-07  ,2.047076389367e-05  
  2.864177969905e+05  ,3.079867813044e-07  ,2.044721496389e-05  
  2.870780582024e+05  ,3.072604090476e-07  ,2.042369311115e-05  
  2.877398414735e+05  ,3.065358322516e-07  ,2.040019830437e-05  
  2.884031503125e+05  ,3.058130459570e-07  ,2.037673051251e-05  
  2.890679882364e+05  ,3.050920452215e-07  ,2.035328970453e-05  
  2.897343587700e+05  ,3.043728251197e-07  ,2.032987584948e-05  
  2.904022654463e+05  ,3.036553807430e-07  ,2.030648891640e-05  
  2.910717118065e+05  ,3.029397071992e-07  ,2.028312887438e-05  
  2.917427014000e+05  ,3.022257996133e-07  ,2.025979569256e-05  
  2.924152377842e+05  ,3.015136531265e-07  ,2.023648934010e-05  
  2.930893245249e+05  ,3.008032628966e-07  ,2.021320978619e-05  
  2.937649651960e+05  ,3.000946240979e-07  ,2.018995700007e-05  
  2.944421633798e+05  ,2.993877319209e-07  ,2.016673095100e-05  
  2.951209226665e+05  ,2.986825815726e-07  ,2.014353160830e-05  
  2.958012466550e+05  ,2.979791682761e-07  ,2.012035894129e-05  
  2.964831389523e+05  ,2.972774872706e-07  ,2.009721291935e-05  
  2.971666031737e+05  ,2.965775338115e-07  ,2.007409351189e-05  
  2.978516429428e+05  ,2.958793031701e-07  ,2.005100068836e-05  
  2.985382618917e+05  ,2.951827906336e-07  ,2.002793441822e-05  
  2.992264636607e+05  ,2.944879915053e-07  ,2.000489467100e-05  
  2.999162518986e+05  ,2.937949011040e-07  ,1.998188141624e-05  
  3.006076302627e+05  ,2.931035147645e-07  ,1.995889462353e-05  
  3.013006024185e+05  ,2.924138278369e-07  ,1.993593426247e-05  
  3.019951720401e+05  ,2.917258356873e-07  ,1.991300030273e-05  
  3.026913428100e+05  ,2.910395336970e-07  ,1.989009271399e-05  
  3.033891184193e+05  ,2.903549172629e-07  ,1.986721146598e-05  
  3.040885025675e+05  ,2.896719817973e-07  ,1.984435652844e-05  
  3.047894989627e+05  ,2.889907227277e-07  ,1.982152787116e-05  
  3.054921113214e+05  ,2.883111354970e-07  ,1.979872546398e-05  
  3.061963433689e+05  ,2.876332155633e-07  ,1.977594927676e-05  
  3.069021988390e+05  ,2.869569583995e-07  ,1.975319927938e-05  
  3.076096814739e+05  ,2.862823594939e-07  ,1.973047544177e-05  
  3.083187950248e+05  ,2.856094143498e-07  ,1.970777773390e-05  
  3.090295432512e+05  ,2.849381184851e-07  ,1.968510612576e-05  
  3.097419299215e+05  ,2.842684674330e-07  ,1.966246058739e-05  
  3.104559588127e+05  ,2.836004567410e-07  ,1.963984108886e-05  
  3.111716337105e+05  ,2.829340819717e-07  ,1.961724760025e-05  
  3.118889584093e+05  ,2.822693387023e-07  ,1.959468009170e-05  
  3.126079367123e+05  ,2.816062225245e-07  ,1.957213853339e-05  
  3.133285724314e+05  ,2.809447290446e-07  ,1.954962289551e-05  
  3.140508693875e+05  ,2.802848538834e-07  ,1.952713314830e-05  
  3.147748314100e+05  ,2.796265926761e-07  ,1.950466926203e-05  
  3.155004623373e+05  ,2.789699410723e-07  ,1.948223120701e-05  
  3.162277660167e+05  ,2.783148947358e-07  ,1.945981895357e-05  
  3.169567463042e+05  ,2.776614493447e-07  ,1.943743247208e-05  
  3.176874070649e+05  ,2.770096005912e-07  ,1.941507173295e-05  
  3.184197521725e+05  ,2.763593441818e-07  ,1.939273670662e-05  
  3.191537855099e+05  ,2.757106758368e-07  ,1.937042736356e-05  
  3.198895109690e+05  ,2.750635912906e-07  ,1.934814367428e-05  
  3.206269324504e+05  ,2.744180862916e-07  ,1.932588560933e-05  
  3.213660538639e+05  ,2.737741566020e-07  ,1.930365313926e-05  
  3.221068791282e+05  ,2.731317979979e-07  ,1.928144623470e-05  
  3.228494121711e+05  ,2.724910062689e-07  ,1.925926486629e-05  
  3.235936569295e+05  ,2.718517772187e-07  ,1.923710900469e-05  
  3.243396173492e+05  ,2.712141066642e-07  ,1.921497862062e-05  
  3.250872973853e+05  ,2.705779904363e-07  ,1.919287368482e-05  
  3.258367010019e+05  ,2.699434243791e-07  ,1.917079416807e-05  
  3.265878321722e+05  ,2.693104043503e-07  ,1.914874004117e-05  
  3.273406948787e+05  ,2.686789262211e-07  ,1.912671127497e-05  
  3.280952931130e+05  ,2.680489858758e-07  ,1.910470784035e-05  
  3.288516308759e+05  ,2.674205792123e-07  ,1.908272970820e-05  
  3.296097121773e+05  ,2.667937021415e-07  ,1.906077684948e-05  
  3.303695410367e+05  ,2.661683505876e-07  ,1.903884923516e-05  
  3.311311214825e+05  ,2.655445204879e-07  ,1.901694683625e-05  
  3.318944575525e+05  ,2.649222077928e-07  ,1.899506962379e-05  
  3.326595532939e+05  ,2.643014084657e-07  ,1.897321756885e-05  
  3.334264127631e+05  ,2.636821184829e-07  ,1.895139064255e-05  
  3.341950400260e+05  ,2.630643338339e-07  ,1.892958881602e-05  
  3.349654391577e+05  ,2.624480505206e-07  ,1.890781206044e-05  
  3.357376142428e+05  ,2.618332645580e-07  ,1.888606034701e-05  
  3.365115693754e+05  ,2.612199719739e-07  ,1.886433364698e-05  
  3.372873086587e+05  ,2.606081688085e-07  ,1.884263193161e-05  
  3.380648362058e+05  ,2.599978511151e-07  ,1.882095517222e-05  
  3.388441561391e+05  ,2.593890149591e-07  ,1.879930334014e-05  
  3.396252725903e+05  ,2.587816564187e-07  ,1.877767640675e-05  
  3.404081897009e+05  ,2.581757715847e-07  ,1.875607434344e-05  
  3.411929116218e+05  ,2.575713565601e-07  ,1.873449712165e-05  
  3.419794425136e+05  ,2.569684074603e-07  ,1.871294471286e-05  
  3.427677865463e+05  ,2.563669204133e-07  ,1.869141708856e-05  
  3.435579478997e+05  ,2.557668915591e-07  ,1.866991422029e-05  
  3.443499307632e+05  ,2.551683170499e-07  ,1.864843607962e-05  
  3.451437393357e+05  ,2.545711930505e-07  ,1.862698263814e-05  
  3.459393778260e+05  ,2.539755157373e-07  ,1.860555386749e-05  
  3.467368504524e+05  ,2.533812812991e-07  ,1.858414973933e-05  
  3.475361614431e+05  ,2.527884859366e-07  ,1.856277022536e-05  
  3.483373150359e+05  ,2.521971258627e-07  ,1.854141529731e-05  
  3.491403154784e+05  ,2.516071973020e-07  ,1.852008492693e-05  
  3.499451670282e+05  ,2.510186964910e-07  ,1.849877908604e-05  
  3.507518739524e+05  ,2.504316196781e-07  ,1.847749774644e-05  
  3.515604405282e+05  ,2.498459631235e-07  ,1.845624088000e-05  
  3.523708710423e+05  ,2.492617230992e-07  ,1.843500845860e-05  
  3.531831697918e+05  ,2.486788958888e-07  ,1.841380045418e-05  
  3.539973410833e+05  ,2.480974777875e-07  ,1.839261683869e-05  
  3.548133892334e+05  ,2.475174651022e-07  ,1.837145758411e-05  
  3.556313185688e+05  ,2.469388541513e-07  ,1.835032266246e-05  
  3.564511334261e+05  ,2.463616412647e-07  ,1.832921204579e-05  
  3.572728381518e+05  ,2.457858227838e-07  ,1.830812570619e-05  
  3.580964371025e+05  ,2.452113950613e-07  ,1.828706361577e-05  
  3.589219346449e+05  ,2.446383544615e-07  ,1.826602574667e-05  
  3.597493351556e+05  ,2.440666973597e-07  ,1.824501207109e-05  
  3.605786430215e+05  ,2.434964201428e-07  ,1.822402256121e-05  
  3.614098626395e+05  ,2.429275192086e-07  ,1.820305718930e-05  
  3.622429984166e+05  ,2.423599909664e-07  ,1.818211592762e-05  
  3.630780547700e+05  ,2.417938318364e-07  ,1.816119874848e-05  
  3.639150361271e+05  ,2.412290382500e-07  ,1.814030562421e-05  
  3.647539469255e+05  ,2.406656066495e-07  ,1.811943652719e-05  
  3.655947916130e+05  ,2.401035334885e-07  ,1.809859142981e-05  
  3.664375746477e+05  ,2.395428152314e-07  ,1.807777030451e-05  
  3.672823004979e+05  ,2.389834483534e-07  ,1.805697312376e-05  
  3.681289736424e+05  ,2.384254293406e-07  ,1.803619986003e-05  
  3.689775985700e+05  ,2.378687546902e-07  ,1.801545048588e-05  
  3.698281797801e+05  ,2.373134209099e-07  ,1.799472497384e-05  
  3.706807217824e+05  ,2.367594245182e-07  ,1.797402329651e-05  
  3.715352290970e+05  ,2.362067620443e-07  ,1.795334542652e-05  
  3.723917062544e+05  ,2.356554300283e-07  ,1.793269133651e-05  
  3.732501577956e+05  ,2.351054250204e-07  ,1.791206099916e-05  
  3.741105882719e+05  ,2.345567435819e-07  ,1.789145438720e-05  
  3.749730022453e+05  ,2.340093822843e-07  ,1.787087147337e-05  
  3.758374042883e+05  ,2.334633377098e-07  ,1.785031223044e-05  
  3.767037989838e+05  ,2.329186064508e-07  ,1.782977663123e-05  
  3.775721909253e+05  ,2.323751851104e-07  ,1.780926464857e-05  
  3.784425847169e+05  ,2.318330703018e-07  ,1.778877625534e-05  
  3.793149849735e+05  ,2.312922586487e-07  ,1.776831142443e-05  
  3.801893963204e+05  ,2.307527467850e-07  ,1.774787012878e-05  
  3.810658233936e+05  ,2.302145313549e-07  ,1.772745234135e-05  
  3.819442708399e+05  ,2.296776090127e-07  ,1.770705803513e-05  
  3.828247433167e+05  ,2.291419764230e-07  ,1.768668718316e-05  
  3.837072454921e+05  ,2.286076302605e-07  ,1.766633975849e-05  
  3.845917820452e+05  ,2.280745672098e-07  ,1.764601573420e-05  
  3.854783576656e+05  ,2.275427839659e-07  ,1.762571508342e-05  
  3.863669770539e+05  ,2.270122772334e-07  ,1.760543777929e-05  
  3.872576449215e+05  ,2.264830437271e-07  ,1.758518379498e-05  
  3.881503659905e+05  ,2.259550801717e-07  ,1.756495310373e-05  
  3.890451449941e+05  ,2.254283833019e-07  ,1.754474567875e-05  
  3.899419866764e+05  ,2.249029498619e-07  ,1.752456149333e-05  
  3.908408957922e+05  ,2.243787766061e-07  ,1.750440052076e-05  
  3.917418771076e+05  ,2.238558602985e-07  ,1.748426273438e-05  
  3.926449353994e+05  ,2.233341977127e-07  ,1.746414810755e-05  
  3.935500754556e+05  ,2.228137856324e-07  ,1.744405661367e-05  
  3.944573020751e+05  ,2.222946208505e-07  ,1.742398822616e-05  
  3.953666200680e+05  ,2.217767001698e-07  ,1.740394291847e-05  
  3.962780342553e+05  ,2.212600204026e-07  ,1.738392066409e-05  
  3.971915494693e+05  ,2.207445783707e-07  ,1.736392143654e-05  
  3.981071705533e+05  ,2.202303709057e-07  ,1.734394520935e-05  
  3.990249023620e+05  ,2.197173948482e-07  ,1.732399195612e-05  
  3.999447497609e+05  ,2.192056470487e-07  ,1.730406165043e-05  
  4.008667176271e+05  ,2.186951243668e-07  ,1.728415426593e-05  
  4.017908108488e+05  ,2.181858236715e-07  ,1.726426977628e-05  
  4.027170343253e+05  ,2.176777418413e-07  ,1.724440815519e-05  
  4.036453929674e+05  ,2.171708757638e-07  ,1.722456937637e-05  
  4.045758916973e+05  ,2.166652223361e-07  ,1.720475341359e-05  
  4.055085354482e+05  ,2.161607784643e-07  ,1.718496024063e-05  
  4.064433291650e+05  ,2.156575410637e-07  ,1.716518983130e-05  
  4.073802778039e+05  ,2.151555070590e-07  ,1.714544215947e-05  
  4.083193863325e+05  ,2.146546733836e-07  ,1.712571719899e-05  
  4.092606597298e+05  ,2.141550369804e-07  ,1.710601492379e-05  
  4.102041029864e+05  ,2.136565948012e-07  ,1.708633530779e-05  
  4.111497211044e+05  ,2.131593438067e-07  ,1.706667832496e-05  
  4.120975190972e+05  ,2.126632809667e-07  ,1.704704394930e-05  
  4.130475019900e+05  ,2.121684032599e-07  ,1.702743215483e-05  
  4.139996748196e+05  ,2.116747076740e-07  ,1.700784291562e-05  
  4.149540426342e+05  ,2.111821912056e-07  ,1.698827620573e-05  
  4.159106104939e+05  ,2.106908508599e-07  ,1.696873199931e-05  
  4.168693834702e+05  ,2.102006836512e-07  ,1.694921027047e-05  
  4.178303666465e+05  ,2.097116866024e-07  ,1.692971099341e-05  
  4.187935651177e+05  ,2.092238567453e-07  ,1.691023414232e-05  
  4.197589839908e+05  ,2.087371911202e-07  ,1.689077969143e-05  
  4.207266283843e+05  ,2.082516867764e-07  ,1.687134761502e-05  
  4.216965034284e+05  ,2.077673407715e-07  ,1.685193788737e-05  
  4.226686142654e+05  ,2.072841501719e-07  ,1.683255048281e-05  
  4.236429660494e+05  ,2.068021120526e-07  ,1.681318537568e-05  
  4.246195639461e+05  ,2.063212234972e-07  ,1.679384254037e-05  
  4.255984131336e+05  ,2.058414815976e-07  ,1.677452195129e-05  
  4.265795188014e+05  ,2.053628834544e-07  ,1.675522358287e-05  
  4.275628861514e+05  ,2.048854261765e-07  ,1.673594740959e-05  
  4.285485203973e+05  ,2.044091068815e-07  ,1.671669340594e-05  
  4.295364267647e+05  ,2.039339226951e-07  ,1.669746154645e-05  
  4.305266104915e+05  ,2.034598707514e-07  ,1.667825180568e-05  
  4.315190768276e+05  ,2.029869481931e-07  ,1.665906415820e-05  
  4.325138310348e+05  ,2.025151521708e-07  ,1.663989857865e-05  
  4.335108783874e+05  ,2.020444798438e-07  ,1.662075504166e-05  
  4.345102241714e+05  ,2.015749283793e-07  ,1.660163352190e-05  
  4.355118736854e+05  ,2.011064949528e-07  ,1.658253399407e-05  
  4.365158322400e+05  ,2.006391767480e-07  ,1.656345643291e-05  
  4.375221051581e+05  ,2.001729709570e-07  ,1.654440081317e-05  
  4.385306977748e+05  ,1.997078747795e-07  ,1.652536710964e-05  
  4.395416154376e+05  ,1.992438854237e-07  ,1.650635529715e-05  
  4.405548635064e+05  ,1.987810001058e-07  ,1.648736535053e-05  
  4.415704473531e+05  ,1.983192160499e-07  ,1.646839724467e-05  
  4.425883723624e+05  ,1.978585304882e-07  ,1.644945095446e-05  
  4.436086439313e+05  ,1.973989406608e-07  ,1.643052645483e-05  
  4.446312674689e+05  ,1.969404438159e-07  ,1.641162372076e-05  
  4.456562483973e+05  ,1.964830372094e-07  ,1.639274272723e-05  
  4.466835921508e+05  ,1.960267181052e-07  ,1.637388344925e-05  
  4.477133041762e+05  ,1.955714837751e-07  ,1.635504586188e-05  
  4.487453899329e+05  ,1.951173314987e-07  ,1.633622994019e-05  
  4.497798548931e+05  ,1.946642585633e-07  ,1.631743565929e-05  
  4.508167045413e+05  ,1.942122622641e-07  ,1.629866299430e-05  
  4.518559443747e+05  ,1.937613399040e-07  ,1.627991192040e-05  
  4.528975799034e+05  ,1.933114887936e-07  ,1.626118241276e-05  
  4.539416166500e+05  ,1.928627062512e-07  ,1.624247444661e-05  
  4.549880601499e+05  ,1.924149896027e-07  ,1.622378799720e-05  
  4.560369159511e+05  ,1.919683361818e-07  ,1.620512303979e-05  
  4.570881896147e+05  ,1.915227433296e-07  ,1.618647954970e-05  
  4.581418867143e+05  ,1.910782083950e-07  ,1.616785750226e-05  
  4.591980128367e+05  ,1.906347287342e-07  ,1.614925687281e-05  
  4.602565735812e+05  ,1.901923017111e-07  ,1.613067763676e-05  
  4.613175745602e+05  ,1.897509246970e-07  ,1.611211976952e-05  
  4.623810213991e+05  ,1.893105950708e-07  ,1.609358324653e-05  
  4.634469197361e+05  ,1.888713102187e-07  ,1.607506804327e-05  
  4.645152752226e+05  ,1.884330675345e-07  ,1.605657413523e-05  
  4.655860935228e+05  ,1.879958644190e-07  ,1.603810149795e-05  
  4.666593803141e+05  ,1.875596982809e-07  ,1.601965010698e-05  
  4.677351412870e+05  ,1.871245665358e-07  ,1.600121993791e-05  
  4.688133821451e+05  ,1.866904666068e-07  ,1.598281096635e-05  
  4.698941086050e+05  ,1.862573959244e-07  ,1.596442316794e-05  
  4.709773263968e+05  ,1.858253519260e-07  ,1.594605651835e-05  
  4.720630412634e+05  ,1.853943320566e-07  ,1.592771099328e-05  
  4.731512589613e+05  ,1.849643337682e-07  ,1.590938656845e-05  
  4.742419852601e+05  ,1.845353545201e-07  ,1.589108321961e-05  
  4.753352259426e+05  ,1.841073917786e-07  ,1.587280092254e-05  
  4.764309868052e+05  ,1.836804430173e-07  ,1.585453965305e-05  
  4.775292736575e+05  ,1.832545057169e-07  ,1.583629938698e-05  
  4.786300923224e+05  ,1.828295773650e-07  ,1.581808010019e-05  
  4.797334486365e+05  ,1.824056554564e-07  ,1.579988176857e-05  
  4.808393484495e+05  ,1.819827374930e-07  ,1.578170436804e-05  
  4.819477976249e+05  ,1.815608209835e-07  ,1.576354787454e-05  
  4.830588020396e+05  ,1.811399034438e-07  ,1.574541226405e-05  
  4.841723675839e+05  ,1.807199823965e-07  ,1.572729751258e-05  
  4.852885001619e+05  ,1.803010553715e-07  ,1.570920359614e-05  
  4.864072056913e+05  ,1.798831199052e-07  ,1.569113049079e-05  
  4.875284901032e+05  ,1.794661735412e-07  ,1.567307817262e-05  
  4.886523593426e+05  ,1.790502138297e-07  ,1.565504661775e-05  
  4.897788193682e+05  ,1.786352383281e-07  ,1.563703580230e-05  
  4.909078761524e+05  ,1.782212446002e-07  ,1.561904570244e-05  
  4.920395356812e+05  ,1.778082302169e-07  ,1.560107629437e-05  
  4.931738039547e+05  ,1.773961927557e-07  ,1.558312755431e-05  
  4.943106869866e+05  ,1.769851298008e-07  ,1.556519945850e-05  
  4.954501908046e+05  ,1.765750389434e-07  ,1.554729198322e-05  
  4.965923214501e+05  ,1.761659177810e-07  ,1.552940510477e-05  
  4.977370849787e+05  ,1.757577639181e-07  ,1.551153879948e-05  
  4.988844874598e+05  ,1.753505749657e-07  ,1.549369304371e-05  
  5.000345349768e+05  ,1.749443485415e-07  ,1.547586781384e-05  
  5.011872336271e+05  ,1.745390822697e-07  ,1.545806308628e-05  
  5.023425895222e+05  ,1.741347737811e-07  ,1.544027883747e-05  
  5.035006087877e+05  ,1.737314207131e-07  ,1.542251504387e-05  
  5.046612975633e+05  ,1.733290207097e-07  ,1.540477168198e-05  
  5.058246620029e+05  ,1.729275714213e-07  ,1.538704872831e-05  
  5.069907082745e+05  ,1.725270705049e-07  ,1.536934615941e-05  
  5.081594425604e+05  ,1.721275156238e-07  ,1.535166395185e-05  
  5.093308710570e+05  ,1.717289044478e-07  ,1.533400208223e-05  
  5.105049999752e+05  ,1.713312346533e-07  ,1.531636052717e-05  
  5.116818355401e+05  ,1.709345039230e-07  ,1.529873926333e-05  
  5.128613839912e+05  ,1.705387099458e-07  ,1.528113826739e-05  
  5.140436515822e+05  ,1.701438504173e-07  ,1.526355751606e-05  
  5.152286445815e+05  ,1.697499230391e-07  ,1.524599698606e-05  
  5.164163692719e+05  ,1.693569255193e-07  ,1.522845665416e-05  
  5.176068319504e+05  ,1.689648555722e-07  ,1.521093649714e-05  
  5.188000389287e+05  ,1.685737109186e-07  ,1.519343649182e-05  
  5.199959965333e+05  ,1.681834892853e-07  ,1.517595661503e-05  
  5.211947111049e+05  ,1.677941884053e-07  ,1.515849684365e-05  
  5.223961889989e+05  ,1.674058060181e-07  ,1.514105715456e-05  
  5.236004365855e+05  ,1.670183398691e-07  ,1.512363752468e-05  
  5.248074602496e+05  ,1.666317877101e-07  ,1.510623793096e-05  
  5.260172663905e+05  ,1.662461472987e-07  ,1.508885835037e-05  
  5.272298614226e+05  ,1.658614163990e-07  ,1.507149875992e-05  
  5.284452517750e+05  ,1.654775927811e-07  ,1.505415913661e-05  
  5.296634438914e+05  ,1.650946742210e-07  ,1.503683945751e-05  
  5.308844442308e+05  ,1.647126585010e-07  ,1.501953969969e-05  
  5.321082592666e+05  ,1.643315434093e-07  ,1.500225984025e-05  
  5.333348954874e+05  ,1.639513267401e-07  ,1.498499985634e-05  
  5.345643593968e+05  ,1.635720062939e-07  ,1.496775972509e-05  
  5.357966575131e+05  ,1.631935798767e-07  ,1.495053942370e-05  
  5.370317963700e+05  ,1.628160453008e-07  ,1.493333892937e-05  
  5.382697825161e+05  ,1.624394003844e-07  ,1.491615821933e-05  
  5.395106225149e+05  ,1.620636429516e-07  ,1.489899727086e-05  
  5.407543229454e+05  ,1.616887708323e-07  ,1.488185606123e-05  
  5.420008904014e+05  ,1.613147818624e-07  ,1.486473456775e-05  
  5.432503314922e+05  ,1.609416738837e-07  ,1.484763276777e-05  
  5.445026528422e+05  ,1.605694447436e-07  ,1.483055063866e-05  
  5.457578610910e+05  ,1.601980922957e-07  ,1.481348815779e-05  
  5.470159628937e+05  ,1.598276143992e-07  ,1.479644530259e-05  
  5.482769649206e+05  ,1.594580089189e-07  ,1.477942205051e-05  
  5.495408738574e+05  ,1.590892737257e-07  ,1.476241837900e-05  
  5.508076964052e+05  ,1.587214066962e-07  ,1.474543426557e-05  
  5.520774392805e+05  ,1.583544057124e-07  ,1.472846968773e-05  
  5.533501092155e+05  ,1.579882686624e-07  ,1.471152462303e-05  
  5.546257129577e+05  ,1.576229934399e-07  ,1.469459904904e-05  
  5.559042572702e+05  ,1.572585779441e-07  ,1.467769294336e-05  
  5.571857489317e+05  ,1.568950200800e-07  ,1.466080628362e-05  
  5.584701947366e+05  ,1.565323177582e-07  ,1.464393904745e-05  
  5.597576014949e+05  ,1.561704688949e-07  ,1.462709121254e-05  
  5.610479760322e+05  ,1.558094714120e-07  ,1.461026275658e-05  
  5.623413251901e+05  ,1.554493232368e-07  ,1.459345365730e-05  
  5.636376558257e+05  ,1.550900223023e-07  ,1.457666389246e-05  
  5.649369748121e+05  ,1.547315665471e-07  ,1.455989343982e-05  
  5.662392890380e+05  ,1.543739539151e-07  ,1.454314227719e-05  
  5.675446054083e+05  ,1.540171823558e-07  ,1.452641038240e-05  
  5.688529308436e+05  ,1.536612498244e-07  ,1.450969773330e-05  
  5.701642722805e+05  ,1.533061542812e-07  ,1.449300430777e-05  
  5.714786366716e+05  ,1.529518936923e-07  ,1.447633008371e-05  
  5.727960309856e+05  ,1.525984660291e-07  ,1.445967503905e-05  
  5.741164622071e+05  ,1.522458692682e-07  ,1.444303915175e-05  
  5.754399373369e+05  ,1.518941013921e-07  ,1.442642239979e-05  
  5.767664633920e+05  ,1.515431603882e-07  ,1.440982476116e-05  
  5.780960474055e+05  ,1.511930442495e-07  ,1.439324621391e-05  
  5.794286964266e+05  ,1.508437509743e-07  ,1.437668673608e-05  
  5.807644175211e+05  ,1.504952785662e-07  ,1.436014630576e-05  
  5.821032177706e+05  ,1.501476250342e-07  ,1.434362490105e-05  
  5.834451042735e+05  ,1.498007883926e-07  ,1.432712250008e-05  
  5.847900841442e+05  ,1.494547666608e-07  ,1.431063908101e-05  
  5.861381645138e+05  ,1.491095578637e-07  ,1.429417462202e-05  
  5.874893525295e+05  ,1.487651600312e-07  ,1.427772910132e-05  
  5.888436553553e+05  ,1.484215711987e-07  ,1.426130249713e-05  
  5.902010801716e+05  ,1.480787894067e-07  ,1.424489478772e-05  
  5.915616341752e+05  ,1.477368127007e-07  ,1.422850595136e-05  
  5.929253245798e+05  ,1.473956391316e-07  ,1.421213596635e-05  
  5.942921586153e+05  ,1.470552667555e-07  ,1.419578481104e-05  
  5.956621435288e+05  ,1.467156936335e-07  ,1.417945246377e-05  
  5.970352865836e+05  ,1.463769178319e-07  ,1.416313890293e-05  
  5.984115950601e+05  ,1.460389374221e-07  ,1.414684410692e-05  
  5.997910762553e+05  ,1.457017504805e-07  ,1.413056805417e-05  
  6.011737374830e+05  ,1.453653550888e-07  ,1.411431072313e-05  
  6.025595860741e+05  ,1.450297493336e-07  ,1.409807209229e-05  
  6.039486293761e+05  ,1.446949313066e-07  ,1.408185214014e-05  
  6.053408747537e+05  ,1.443608991045e-07  ,1.406565084523e-05  
  6.067363295883e+05  ,1.440276508289e-07  ,1.404946818609e-05  
  6.081350012785e+05  ,1.436951845868e-07  ,1.403330414131e-05  
  6.095368972399e+05  ,1.433634984896e-07  ,1.401715868949e-05  
  6.109420249053e+05  ,1.430325906543e-07  ,1.400103180926e-05  
  6.123503917245e+05  ,1.427024592023e-07  ,1.398492347927e-05  
  6.137620051645e+05  ,1.423731022603e-07  ,1.396883367819e-05  
  6.151768727096e+05  ,1.420445179597e-07  ,1.395276238473e-05  
  6.165950018612e+05  ,1.417167044370e-07  ,1.393670957762e-05  
  6.180164001382e+05  ,1.413896598334e-07  ,1.392067523559e-05  
  6.194410750765e+05  ,1.410633822951e-07  ,1.390465933742e-05  
  6.208690342298e+05  ,1.407378699731e-07  ,1.388866186192e-05  
  6.223002851689e+05  ,1.404131210234e-07  ,1.387268278790e-05  
  6.237348354822e+05  ,1.400891336064e-07  ,1.385672209421e-05  
  6.251726927754e+05  ,1.397659058879e-07  ,1.384077975973e-05  
  6.266138646721e+05  ,1.394434360381e-07  ,1.382485576334e-05  
  6.280583588131e+05  ,1.391217222320e-07  ,1.380895008396e-05  
  6.295061828569e+05  ,1.388007626496e-07  ,1.379306270055e-05  
  6.309573444799e+05  ,1.384805554754e-07  ,1.377719359207e-05  
  6.324118513760e+05  ,1.381610988988e-07  ,1.376134273750e-05  
  6.338697112567e+05  ,1.378423911138e-07  ,1.374551011588e-05  
  6.353309318515e+05  ,1.375244303194e-07  ,1.372969570622e-05  
  6.367955209077e+05  ,1.372072147188e-07  ,1.371389948761e-05  
  6.382634861903e+05  ,1.368907425203e-07  ,1.369812143913e-05  
  6.397348354824e+05  ,1.365750119367e-07  ,1.368236153988e-05  
  6.412095765849e+05  ,1.362600211855e-07  ,1.366661976902e-05  
  6.426877173168e+05  ,1.359457684887e-07  ,1.365089610568e-05  
  6.441692655149e+05  ,1.356322520731e-07  ,1.363519052907e-05  
  6.456542290344e+05  ,1.353194701701e-07  ,1.361950301839e-05  
  6.471426157483e+05  ,1.350074210155e-07  ,1.360383355287e-05  
  6.486344335480e+05  ,1.346961028499e-07  ,1.358818211176e-05  
  6.501296903428e+05  ,1.343855139183e-07  ,1.357254867435e-05  
  6.516283940606e+05  ,1.340756524704e-07  ,1.355693321993e-05  
  6.531305526472e+05  ,1.337665167603e-07  ,1.354133572784e-05  
  6.546361740670e+05  ,1.334581050467e-07  ,1.352575617743e-05  
  6.561452663026e+05  ,1.331504155927e-07  ,1.351019454806e-05  
  6.576578373551e+05  ,1.328434466662e-07  ,1.349465081914e-05  
  6.591738952440e+05  ,1.325371965391e-07  ,1.347912497009e-05  
  6.606934480073e+05  ,1.322316634882e-07  ,1.346361698036e-05  
  6.622165037015e+05  ,1.319268457945e-07  ,1.344812682941e-05  
  6.637430704016e+05  ,1.316227417436e-07  ,1.343265449673e-05  
  6.652731562015e+05  ,1.313193496253e-07  ,1.341719996184e-05  
  6.668067692133e+05  ,1.310166677341e-07  ,1.340176320429e-05  
  6.683439175683e+05  ,1.307146943688e-07  ,1.338634420362e-05  
  6.698846094162e+05  ,1.304134278324e-07  ,1.337094293944e-05  
  6.714288529257e+05  ,1.301128664324e-07  ,1.335555939134e-05  
  6.729766562840e+05  ,1.298130084808e-07  ,1.334019353897e-05  
  6.745280276976e+05  ,1.295138522937e-07  ,1.332484536198e-05  
  6.760829753917e+05  ,1.292153961918e-07  ,1.330951484004e-05  
  6.776415076104e+05  ,1.289176384998e-07  ,1.329420195287e-05  
  6.792036326169e+05  ,1.286205775469e-07  ,1.327890668018e-05  
  6.807693586935e+05  ,1.283242116666e-07  ,1.326362900174e-05  
  6.823386941414e+05  ,1.280285391967e-07  ,1.324836889730e-05  
  6.839116472811e+05  ,1.277335584791e-07  ,1.323312634667e-05  
  6.854882264524e+05  ,1.274392678602e-07  ,1.321790132966e-05  
  6.870684400139e+05  ,1.271456656903e-07  ,1.320269382613e-05  
  6.886522963440e+05  ,1.268527503243e-07  ,1.318750381593e-05  
  6.902398038400e+05  ,1.265605201210e-07  ,1.317233127895e-05  
  6.918309709186e+05  ,1.262689734437e-07  ,1.315717619511e-05  
  6.934258060163e+05  ,1.259781086596e-07  ,1.314203854433e-05  
  6.950243175885e+05  ,1.256879241402e-07  ,1.312691830659e-05  
  6.966265141105e+05  ,1.253984182613e-07  ,1.311181546185e-05  
  6.982324040769e+05  ,1.251095894027e-07  ,1.309672999012e-05  
  6.998419960020e+05  ,1.248214359482e-07  ,1.308166187144e-05  
  7.014552984197e+05  ,1.245339562860e-07  ,1.306661108584e-05  
  7.030723198835e+05  ,1.242471488084e-07  ,1.305157761340e-05  
  7.046930689669e+05  ,1.239610119115e-07  ,1.303656143422e-05  
  7.063175542627e+05  ,1.236755439957e-07  ,1.302156252842e-05  
  7.079457843838e+05  ,1.233907434657e-07  ,1.300658087613e-05  
  7.095777679631e+05  ,1.231066087298e-07  ,1.299161645752e-05  
  7.112135136530e+05  ,1.228231382006e-07  ,1.297666925278e-05  
  7.128530301262e+05  ,1.225403302948e-07  ,1.296173924212e-05  
  7.144963260752e+05  ,1.222581834330e-07  ,1.294682640577e-05  
  7.161434102126e+05  ,1.219766960399e-07  ,1.293193072398e-05  
  7.177942912711e+05  ,1.216958665441e-07  ,1.291705217703e-05  
  7.194489780034e+05  ,1.214156933783e-07  ,1.290219074522e-05  
  7.211074791826e+05  ,1.211361749791e-07  ,1.288734640887e-05  
  7.227698036019e+05  ,1.208573097872e-07  ,1.287251914834e-05  
  7.244359600747e+05  ,1.205790962470e-07  ,1.285770894398e-05  
  7.261059574349e+05  ,1.203015328071e-07  ,1.284291577619e-05  
  7.277798045365e+05  ,1.200246179199e-07  ,1.282813962538e-05  
  7.294575102543e+05  ,1.197483500418e-07  ,1.281338047199e-05  
  7.311390834831e+05  ,1.194727276330e-07  ,1.279863829647e-05  
  7.328245331386e+05  ,1.191977491577e-07  ,1.278391307930e-05  
  7.345138681568e+05  ,1.189234130839e-07  ,1.276920480100e-05  
  7.362070974944e+05  ,1.186497178836e-07  ,1.275451344207e-05  
  7.379042301288e+05  ,1.183766620325e-07  ,1.273983898307e-05  
  7.396052750579e+05  ,1.181042440102e-07  ,1.272518140458e-05  
  7.413102413006e+05  ,1.178324623002e-07  ,1.271054068717e-05  
  7.430191378964e+05  ,1.175613153898e-07  ,1.269591681147e-05  
  7.447319739057e+05  ,1.172908017702e-07  ,1.268130975812e-05  
  7.464487584098e+05  ,1.170209199362e-07  ,1.266671950776e-05  
  7.481695005108e+05  ,1.167516683865e-07  ,1.265214604109e-05  
  7.498942093321e+05  ,1.164830456236e-07  ,1.263758933880e-05  
  7.516228940179e+05  ,1.162150501539e-07  ,1.262304938163e-05  
  7.533555637334e+05  ,1.159476804872e-07  ,1.260852615031e-05  
  7.550922276651e+05  ,1.156809351375e-07  ,1.259401962562e-05  
  7.568328950207e+05  ,1.154148126221e-07  ,1.257952978835e-05  
  7.585775750289e+05  ,1.151493114624e-07  ,1.256505661931e-05  
  7.603262769399e+05  ,1.148844301832e-07  ,1.255060009934e-05  
  7.620790100251e+05  ,1.146201673132e-07  ,1.253616020930e-05  
  7.638357835774e+05  ,1.143565213849e-07  ,1.252173693007e-05  
  7.655966069109e+05  ,1.140934909341e-07  ,1.250733024254e-05  
  7.673614893615e+05  ,1.138310745007e-07  ,1.249294012765e-05  
  7.691304402863e+05  ,1.135692706280e-07  ,1.247856656633e-05  
  7.709034690641e+05  ,1.133080778629e-07  ,1.246420953956e-05  
  7.726805850954e+05  ,1.130474947562e-07  ,1.244986902832e-05  
  7.744617978022e+05  ,1.127875198621e-07  ,1.243554501363e-05  
  7.762471166284e+05  ,1.125281517386e-07  ,1.242123747651e-05  
  7.780365510395e+05  ,1.122693889471e-07  ,1.240694639803e-05  
  7.798301105229e+05  ,1.120112300527e-07  ,1.239267175925e-05  
  7.816278045880e+05  ,1.117536736242e-07  ,1.237841354129e-05  
  7.834296427659e+05  ,1.114967182337e-07  ,1.236417172525e-05  
  7.852356346097e+05  ,1.112403624572e-07  ,1.234994629227e-05  
  7.870457896948e+05  ,1.109846048741e-07  ,1.233573722353e-05  
  7.888601176182e+05  ,1.107294440672e-07  ,1.232154450020e-05  
  7.906786279995e+05  ,1.104748786230e-07  ,1.230736810350e-05  
  7.925013304801e+05  ,1.102209071315e-07  ,1.229320801464e-05  
  7.943282347239e+05  ,1.099675281863e-07  ,1.227906421489e-05  
  7.961593504170e+05  ,1.097147403843e-07  ,1.226493668551e-05  
  7.979946872676e+05  ,1.094625423259e-07  ,1.225082540778e-05  
  7.998342550067e+05  ,1.092109326153e-07  ,1.223673036304e-05  
  8.016780633873e+05  ,1.089599098599e-07  ,1.222265153261e-05  
  8.035261221853e+05  ,1.087094726705e-07  ,1.220858889784e-05  
  8.053784411987e+05  ,1.084596196616e-07  ,1.219454244013e-05  
  8.072350302485e+05  ,1.082103494509e-07  ,1.218051214086e-05  
  8.090958991780e+05  ,1.079616606597e-07  ,1.216649798146e-05  
  8.109610578535e+05  ,1.077135519126e-07  ,1.215249994337e-05  
  8.128305161638e+05  ,1.074660218378e-07  ,1.213851800805e-05  
  8.147042840205e+05  ,1.072190690667e-07  ,1.212455215699e-05  
  8.165823713582e+05  ,1.069726922342e-07  ,1.211060237170e-05  
  8.184647881344e+05  ,1.067268899785e-07  ,1.209666863370e-05  
  8.203515443295e+05  ,1.064816609413e-07  ,1.208275092454e-05  
  8.222426499467e+05  ,1.062370037676e-07  ,1.206884922579e-05  
  8.241381150127e+05  ,1.059929171056e-07  ,1.205496351904e-05  
  8.260379495768e+05  ,1.057493996071e-07  ,1.204109378591e-05  
  8.279421637120e+05  ,1.055064499271e-07  ,1.202724000802e-05  
  8.298507675141e+05  ,1.052640667239e-07  ,1.201340216703e-05  
  8.317637711023e+05  ,1.050222486592e-07  ,1.199958024462e-05  
  8.336811846193e+05  ,1.047809943979e-07  ,1.198577422249e-05  
  8.356030182309e+05  ,1.045403026084e-07  ,1.197198408234e-05  
  8.375292821265e+05  ,1.043001719621e-07  ,1.195820980592e-05  
  8.394599865190e+05  ,1.040606011338e-07  ,1.194445137499e-05  
  8.413951416448e+05  ,1.038215888017e-07  ,1.193070877133e-05  
  8.433347577639e+05  ,1.035831336471e-07  ,1.191698197674e-05  
  8.452788451599e+05  ,1.033452343545e-07  ,1.190327097303e-05  
  8.472274141402e+05  ,1.031078896118e-07  ,1.188957574207e-05  
  8.491804750360e+05  ,1.028710981100e-07  ,1.187589626570e-05  
  8.511380382020e+05  ,1.026348585435e-07  ,1.186223252581e-05  
  8.531001140172e+05  ,1.023991696096e-07  ,1.184858450432e-05  
  8.550667128843e+05  ,1.021640300091e-07  ,1.183495218313e-05  
  8.570378452300e+05  ,1.019294384458e-07  ,1.182133554421e-05  
  8.590135215050e+05  ,1.016953936268e-07  ,1.180773456952e-05  
  8.609937521842e+05  ,1.014618942623e-07  ,1.179414924105e-05  
  8.629785477666e+05  ,1.012289390658e-07  ,1.178057954080e-05  
  8.649679187753e+05  ,1.009965267537e-07  ,1.176702545081e-05  
  8.669618757579e+05  ,1.007646560457e-07  ,1.175348695313e-05  
  8.689604292859e+05  ,1.005333256647e-07  ,1.173996402982e-05  
  8.709635899557e+05  ,1.003025343367e-07  ,1.172645666299e-05  
  8.729713683877e+05  ,1.000722807906e-07  ,1.171296483473e-05  
  8.749837752271e+05  ,9.984256375870e-08  ,1.169948852719e-05  
  8.770008211433e+05  ,9.961338197626e-08  ,1.168602772252e-05  
  8.790225168305e+05  ,9.938473418166e-08  ,1.167258240289e-05  
  8.810488730076e+05  ,9.915661911634e-08  ,1.165915255050e-05  
  8.830799004182e+05  ,9.892903552483e-08  ,1.164573814755e-05  
  8.851156098305e+05  ,9.870198215473e-08  ,1.163233917629e-05  
  8.871560120376e+05  ,9.847545775668e-08  ,1.161895561897e-05  
  8.892011178576e+05  ,9.824946108438e-08  ,1.160558745787e-05  
  8.912509381334e+05  ,9.802399089456e-08  ,1.159223467528e-05  
  8.933054837329e+05  ,9.779904594698e-08  ,1.157889725352e-05  
  8.953647655492e+05  ,9.757462500443e-08  ,1.156557517493e-05  
  8.974287945004e+05  ,9.735072683270e-08  ,1.155226842185e-05  
  8.994975815297e+05  ,9.712735020058e-08  ,1.153897697668e-05  
  9.015711376056e+05  ,9.690449387987e-08  ,1.152570082181e-05  
  9.036494737219e+05  ,9.668215664535e-08  ,1.151243993965e-05  
  9.057326008978e+05  ,9.646033727477e-08  ,1.149919431265e-05  
  9.078205301778e+05  ,9.623903454886e-08  ,1.148596392326e-05  
  9.099132726319e+05  ,9.601824725129e-08  ,1.147274875396e-05  
  9.120108393555e+05  ,9.579797416871e-08  ,1.145954878724e-05  
  9.141132414699e+05  ,9.557821409069e-08  ,1.144636400564e-05  
  9.162204901216e+05  ,9.535896580975e-08  ,1.143319439168e-05  
  9.183325964832e+05  ,9.514022812131e-08  ,1.142003992792e-05  
  9.204495717528e+05  ,9.492199982375e-08  ,1.140690059695e-05  
  9.225714271544e+05  ,9.470427971832e-08  ,1.139377638136e-05  
  9.246981739378e+05  ,9.448706660919e-08  ,1.138066726377e-05  
  9.268298233790e+05  ,9.427035930343e-08  ,1.136757322682e-05  
  9.289663867795e+05  ,9.405415661096e-08  ,1.135449425317e-05  
  9.311078754674e+05  ,9.383845734462e-08  ,1.134143032549e-05  
  9.332543007966e+05  ,9.362326032008e-08  ,1.132838142649e-05  
  9.354056741472e+05  ,9.340856435589e-08  ,1.131534753888e-05  
  9.375620069255e+05  ,9.319436827345e-08  ,1.130232864540e-05  
  9.397233105642e+05  ,9.298067089700e-08  ,1.128932472881e-05  
  9.418895965224e+05  ,9.276747105361e-08  ,1.127633577189e-05  
  9.440608762855e+05  ,9.255476757319e-08  ,1.126336175743e-05  
  9.462371613654e+05  ,9.234255928844e-08  ,1.125040266825e-05  
  9.484184633005e+05  ,9.213084503490e-08  ,1.123745848719e-05  
  9.506047936559e+05  ,9.191962365090e-08  ,1.122452919711e-05  
  9.527961640232e+05  ,9.170889397756e-08  ,1.121161478088e-05  
  9.549925860210e+05  ,9.149865485878e-08  ,1.119871522139e-05  
  9.571940712944e+05  ,9.128890514127e-08  ,1.118583050157e-05  
  9.594006315155e+05  ,9.107964367448e-08  ,1.117296060435e-05  
  9.616122783833e+05  ,9.087086931062e-08  ,1.116010551268e-05  
  9.638290236236e+05  ,9.066258090467e-08  ,1.114726520954e-05  
  9.660508789894e+05  ,9.045477731436e-08  ,1.113443967792e-05  
  9.682778562608e+05  ,9.024745740011e-08  ,1.112162890084e-05  
  9.705099672451e+05  ,9.004062002515e-08  ,1.110883286132e-05  
  9.727472237766e+05  ,8.983426405537e-08  ,1.109605154243e-05  
  9.749896377170e+05  ,8.962838835939e-08  ,1.108328492723e-05  
  9.772372209554e+05  ,8.942299180855e-08  ,1.107053299881e-05  
  9.794899854083e+05  ,8.921807327687e-08  ,1.105779574030e-05  
  9.817479430196e+05  ,8.901363164106e-08  ,1.104507313480e-05  
  9.840111057607e+05  ,8.880966578054e-08  ,1.103236516549e-05  
  9.862794856308e+05  ,8.860617457738e-08  ,1.101967181551e-05  
  9.885530946565e+05  ,8.840315691632e-08  ,1.100699306808e-05  
  9.908319448923e+05  ,8.820061168477e-08  ,1.099432890638e-05  
  9.931160484205e+05  ,8.799853777278e-08  ,1.098167931365e-05  
  9.954054173511e+05  ,8.779693407306e-08  ,1.096904427313e-05  
  9.977000638221e+05  ,8.759579948095e-08  ,1.095642376810e-05  
  9.999999999996e+05  ,8.739513289439e-08  ,1.094381778183e-05  
  1.002305238077e+06  ,8.719493321400e-08  ,1.093122629762e-05  
  1.004615790278e+06  ,8.699519934296e-08  ,1.091864929881e-05  
  1.006931668851e+06  ,8.679593018708e-08  ,1.090608676873e-05  
  1.009252886076e+06  ,8.659712465479e-08  ,1.089353869075e-05  
  1.011579454259e+06  ,8.639878165706e-08  ,1.088100504824e-05  
  1.013911385736e+06  ,8.620090010747e-08  ,1.086848582461e-05  
  1.016248692870e+06  ,8.600347892220e-08  ,1.085598100327e-05  
  1.018591388054e+06  ,8.580651701996e-08  ,1.084349056766e-05  
  1.020939483707e+06  ,8.561001332205e-08  ,1.083101450124e-05  
  1.023292992280e+06  ,8.541396675229e-08  ,1.081855278749e-05  
  1.025651926251e+06  ,8.521837623708e-08  ,1.080610540989e-05  
  1.028016298126e+06  ,8.502324070533e-08  ,1.079367235196e-05  
  1.030386120441e+06  ,8.482855908853e-08  ,1.078125359724e-05  
  1.032761405761e+06  ,8.463433032063e-08  ,1.076884912927e-05  
  1.035142166679e+06  ,8.444055333814e-08  ,1.075645893164e-05  
  1.037528415818e+06  ,8.424722708006e-08  ,1.074408298791e-05  
  1.039920165829e+06  ,8.405435048791e-08  ,1.073172128171e-05  
  1.042317429393e+06  ,8.386192250569e-08  ,1.071937379667e-05  
  1.044720219220e+06  ,8.366994207989e-08  ,1.070704051641e-05  
  1.047128548050e+06  ,8.347840815947e-08  ,1.069472142462e-05  
  1.049542428652e+06  ,8.328731969590e-08  ,1.068241650498e-05  
  1.051961873823e+06  ,8.309667564306e-08  ,1.067012574118e-05  
  1.054386896391e+06  ,8.290647495734e-08  ,1.065784911695e-05  
  1.056817509213e+06  ,8.271671659754e-08  ,1.064558661602e-05  
  1.059253725177e+06  ,8.252739952495e-08  ,1.063333822216e-05  
  1.061695557198e+06  ,8.233852270324e-08  ,1.062110391914e-05  
  1.064143018224e+06  ,8.215008509856e-08  ,1.060888369076e-05  
  1.066596121230e+06  ,8.196208567946e-08  ,1.059667752083e-05  
  1.069054879222e+06  ,8.177452341690e-08  ,1.058448539318e-05  
  1.071519305237e+06  ,8.158739728427e-08  ,1.057230729167e-05  
  1.073989412341e+06  ,8.140070625732e-08  ,1.056014320016e-05  
  1.076465213629e+06  ,8.121444931425e-08  ,1.054799310255e-05  
  1.078946722229e+06  ,8.102862543561e-08  ,1.053585698274e-05  
  1.081433951297e+06  ,8.084323360433e-08  ,1.052373482465e-05  
  1.083926914021e+06  ,8.065827280573e-08  ,1.051162661223e-05  
  1.086425623617e+06  ,8.047374202749e-08  ,1.049953232944e-05  
  1.088930093333e+06  ,8.028964025963e-08  ,1.048745196026e-05  
  1.091440336448e+06  ,8.010596649457e-08  ,1.047538548870e-05  
  1.093956366272e+06  ,7.992271972702e-08  ,1.046333289876e-05  
  1.096478196143e+06  ,7.973989895404e-08  ,1.045129417448e-05  
  1.099005839432e+06  ,7.955750317507e-08  ,1.043926929993e-05  
  1.101539309541e+06  ,7.937553139181e-08  ,1.042725825916e-05  
  1.104078619902e+06  ,7.919398260832e-08  ,1.041526103628e-05  
  1.106623783977e+06  ,7.901285583095e-08  ,1.040327761539e-05  
  1.109174815262e+06  ,7.883215006835e-08  ,1.039130798061e-05  
  1.111731727281e+06  ,7.865186433149e-08  ,1.037935211610e-05  
  1.114294533591e+06  ,7.847199763361e-08  ,1.036741000601e-05  
  1.116863247780e+06  ,7.829254899024e-08  ,1.035548163453e-05  
  1.119437883467e+06  ,7.811351741918e-08  ,1.034356698587e-05  
  1.122018454301e+06  ,7.793490194052e-08  ,1.033166604422e-05  
  1.124604973966e+06  ,7.775670157658e-08  ,1.031977879384e-05  
  1.127197456175e+06  ,7.757891535196e-08  ,1.030790521898e-05  
  1.129795914672e+06  ,7.740154229351e-08  ,1.029604530391e-05  
  1.132400363235e+06  ,7.722458143030e-08  ,1.028419903292e-05  
  1.135010815672e+06  ,7.704803179366e-08  ,1.027236639033e-05  
  1.137627285823e+06  ,7.687189241715e-08  ,1.026054736044e-05  
  1.140249787561e+06  ,7.669616233653e-08  ,1.024874192762e-05  
  1.142878334789e+06  ,7.652084058979e-08  ,1.023695007622e-05  
  1.145512941445e+06  ,7.634592621712e-08  ,1.022517179063e-05  
  1.148153621496e+06  ,7.617141826093e-08  ,1.021340705524e-05  
  1.150800388944e+06  ,7.599731576581e-08  ,1.020165585447e-05  
  1.153453257821e+06  ,7.582361777855e-08  ,1.018991817275e-05  
  1.156112242192e+06  ,7.565032334810e-08  ,1.017819399454e-05  
  1.158777356155e+06  ,7.547743152562e-08  ,1.016648330430e-05  
  1.161448613840e+06  ,7.530494136442e-08  ,1.015478608653e-05  
  1.164126029410e+06  ,7.513285191996e-08  ,1.014310232573e-05  
  1.166809617060e+06  ,7.496116224988e-08  ,1.013143200642e-05  
  1.169499391019e+06  ,7.478987141395e-08  ,1.011977511315e-05  
  1.172195365548e+06  ,7.461897847411e-08  ,1.010813163048e-05  
  1.174897554939e+06  ,7.444848249440e-08  ,1.009650154297e-05  
  1.177605973520e+06  ,7.427838254102e-08  ,1.008488483523e-05  
  1.180320635651e+06  ,7.410867768228e-08  ,1.007328149187e-05  
  1.183041555725e+06  ,7.393936698860e-08  ,1.006169149752e-05  
  1.185768748167e+06  ,7.377044953253e-08  ,1.005011483683e-05  
  1.188502227437e+06  ,7.360192438871e-08  ,1.003855149445e-05  
  1.191242008027e+06  ,7.343379063388e-08  ,1.002700145508e-05  
  1.193988104464e+06  ,7.326604734687e-08  ,1.001546470342e-05  
  1.196740531307e+06  ,7.309869360859e-08  ,1.000394122417e-05  
  1.199499303149e+06  ,7.293172850204e-08  ,9.992431002091e-06  
  1.202264434617e+06  ,7.276515111229e-08  ,9.980934021920e-06  
  1.205035940371e+06  ,7.259896052647e-08  ,9.969450268431e-06  
  1.207813835106e+06  ,7.243315583377e-08  ,9.957979726413e-06  
  1.210598133550e+06  ,7.226773612543e-08  ,9.946522380671e-06  
  1.213388850464e+06  ,7.210270049474e-08  ,9.935078216030e-06  
  1.216186000646e+06  ,7.193804803703e-08  ,9.923647217328e-06  
  1.218989598924e+06  ,7.177377784966e-08  ,9.912229369425e-06  
  1.221799660164e+06  ,7.160988903202e-08  ,9.900824657195e-06  
  1.224616199265e+06  ,7.144638068552e-08  ,9.889433065532e-06  
  1.227439231158e+06  ,7.128325191359e-08  ,9.878054579346e-06  
  1.230268770812e+06  ,7.112050182166e-08  ,9.866689183563e-06  
  1.233104833228e+06  ,7.095812951717e-08  ,9.855336863130e-06  
  1.235947433444e+06  ,7.079613410954e-08  ,9.843997603008e-06  
  1.238796586530e+06  ,7.063451471019e-08  ,9.832671388176e-06  
  1.241652307592e+06  ,7.047327043254e-08  ,9.821358203631e-06  
  1.244514611771e+06  ,7.031240039196e-08  ,9.810058034387e-06  
  1.247383514242e+06  ,7.015190370580e-08  ,9.798770865475e-06  
  1.250259030217e+06  ,6.999177949337e-08  ,9.787496681943e-06  
  1.253141174941e+06  ,6.983202687595e-08  ,9.776235468857e-06  
  1.256029963694e+06  ,6.967264497677e-08  ,9.764987211300e-06  
  1.258925411794e+06  ,6.951363292100e-08  ,9.753751894371e-06  
  1.261827534590e+06  ,6.935498983574e-08  ,9.742529503187e-06  
  1.264736347471e+06  ,6.919671485005e-08  ,9.731320022881e-06  
  1.267651865857e+06  ,6.903880709490e-08  ,9.720123438607e-06  
  1.270574105208e+06  ,6.888126570317e-08  ,9.708939735530e-06  
  1.273503081016e+06  ,6.872408980967e-08  ,9.697768898837e-06  
  1.276438808811e+06  ,6.856727855113e-08  ,9.686610913729e-06  
  1.279381304157e+06  ,6.841083106616e-08  ,9.675465765427e-06  
  1.282330582655e+06  ,6.825474649529e-08  ,9.664333439165e-06  
  1.285286659943e+06  ,6.809902398090e-08  ,9.653213920198e-06  
  1.288249551693e+06  ,6.794366266730e-08  ,9.642107193795e-06  
  1.291219273613e+06  ,6.778866170067e-08  ,9.631013245244e-06  
  1.294195841449e+06  ,6.763402022902e-08  ,9.619932059848e-06  
  1.297179270983e+06  ,6.747973740229e-08  ,9.608863622928e-06  
  1.300169578033e+06  ,6.732581237223e-08  ,9.597807919822e-06  
  1.303166778452e+06  ,6.717224429246e-08  ,9.586764935884e-06  
  1.306170888131e+06  ,6.701903231845e-08  ,9.575734656486e-06  
  1.309181922999e+06  ,6.686617560753e-08  ,9.564717067016e-06  
  1.312199899019e+06  ,6.671367331883e-08  ,9.553712152879e-06  
  1.315224832192e+06  ,6.656152461333e-08  ,9.542719899496e-06  
  1.318256738556e+06  ,6.640972865384e-08  ,9.531740292307e-06  
  1.321295634186e+06  ,6.625828460498e-08  ,9.520773316765e-06  
  1.324341535194e+06  ,6.610719163317e-08  ,9.509818958344e-06  
  1.327394457729e+06  ,6.595644890665e-08  ,9.498877202532e-06  
  1.330454417978e+06  ,6.580605559546e-08  ,9.487948034834e-06  
  1.333521432163e+06  ,6.565601087144e-08  ,9.477031440773e-06  
  1.336595516546e+06  ,6.550631390820e-08  ,9.466127405886e-06  
  1.339676687425e+06  ,6.535696388114e-08  ,9.455235915729e-06  
  1.342764961137e+06  ,6.520795996744e-08  ,9.444356955874e-06  
  1.345860354055e+06  ,6.505930134606e-08  ,9.433490511908e-06  
  1.348962882591e+06  ,6.491098719769e-08  ,9.422636569439e-06  
  1.352072563194e+06  ,6.476301670482e-08  ,9.411795114085e-06  
  1.355189412350e+06  ,6.461538905166e-08  ,9.400966131487e-06  
  1.358313446587e+06  ,6.446810342418e-08  ,9.390149607297e-06  
  1.361444682465e+06  ,6.432115901010e-08  ,9.379345527188e-06  
  1.364583136588e+06  ,6.417455499887e-08  ,9.368553876846e-06  
  1.367728825595e+06  ,6.402829058165e-08  ,9.357774641976e-06  
  1.370881766164e+06  ,6.388236495133e-08  ,9.347007808297e-06  
  1.374041975012e+06  ,6.373677730255e-08  ,9.336253361548e-06  
  1.377209468893e+06  ,6.359152683161e-08  ,9.325511287480e-06  
  1.380384264602e+06  ,6.344661273656e-08  ,9.314781571864e-06  
  1.383566378971e+06  ,6.330203421712e-08  ,9.304064200485e-06  
  1.386755828871e+06  ,6.315779047473e-08  ,9.293359159145e-06  
  1.389952631213e+06  ,6.301388071248e-08  ,9.282666433663e-06  
  1.393156802945e+06  ,6.287030413518e-08  ,9.271986009874e-06  
  1.396368361055e+06  ,6.272705994929e-08  ,9.261317873629e-06  
  1.399587322572e+06  ,6.258414736297e-08  ,9.250662010795e-06  
  1.402813704561e+06  ,6.244156558600e-08  ,9.240018407256e-06  
  1.406047524129e+06  ,6.229931382987e-08  ,9.229387048911e-06  
  1.409288798421e+06  ,6.215739130769e-08  ,9.218767921678e-06  
  1.412537544622e+06  ,6.201579723423e-08  ,9.208161011487e-06  
  1.415793779956e+06  ,6.187453082588e-08  ,9.197566304287e-06  
  1.419057521688e+06  ,6.173359130071e-08  ,9.186983786044e-06  
  1.422328787122e+06  ,6.159297787838e-08  ,9.176413442736e-06  
  1.425607593602e+06  ,6.145268978019e-08  ,9.165855260362e-06  
  1.428893958510e+06  ,6.131272622906e-08  ,9.155309224934e-06  
  1.432187899273e+06  ,6.117308644952e-08  ,9.144775322482e-06  
  1.435489433353e+06  ,6.103376966770e-08  ,9.134253539049e-06  
  1.438798578255e+06  ,6.089477511135e-08  ,9.123743860697e-06  
  1.442115351524e+06  ,6.075610200979e-08  ,9.113246273503e-06  
  1.445439770745e+06  ,6.061774959397e-08  ,9.102760763561e-06  
  1.448771853544e+06  ,6.047971709638e-08  ,9.092287316978e-06  
  1.452111617587e+06  ,6.034200375110e-08  ,9.081825919881e-06  
  1.455459080581e+06  ,6.020460879383e-08  ,9.071376558410e-06  
  1.458814260275e+06  ,6.006753146176e-08  ,9.060939218722e-06  
  1.462177174456e+06  ,5.993077099369e-08  ,9.050513886989e-06  
  1.465547840955e+06  ,5.979432662998e-08  ,9.040100549402e-06  
  1.468926277643e+06  ,5.965819761251e-08  ,9.029699192163e-06  
  1.472312502432e+06  ,5.952238318474e-08  ,9.019309801493e-06  
  1.475706533275e+06  ,5.938688259164e-08  ,9.008932363629e-06  
  1.479108388168e+06  ,5.925169507972e-08  ,8.998566864823e-06  
  1.482518085145e+06  ,5.911681989704e-08  ,8.988213291342e-06  
  1.485935642286e+06  ,5.898225629315e-08  ,8.977871629470e-06  
  1.489361077710e+06  ,5.884800351914e-08  ,8.967541865507e-06  
  1.492794409578e+06  ,5.871406082760e-08  ,8.957223985767e-06  
  1.496235656094e+06  ,5.858042747262e-08  ,8.946917976582e-06  
  1.499684835502e+06  ,5.844710270982e-08  ,8.936623824298e-06  
  1.503141966089e+06  ,5.831408579627e-08  ,8.926341515278e-06  
  1.506607066186e+06  ,5.818137599056e-08  ,8.916071035899e-06  
  1.510080154163e+06  ,5.804897255276e-08  ,8.905812372554e-06  
  1.513561248436e+06  ,5.791687474441e-08  ,8.895565511654e-06  
  1.517050367459e+06  ,5.778508182852e-08  ,8.885330439623e-06  
  1.520547529732e+06  ,5.765359306958e-08  ,8.875107142902e-06  
  1.524052753797e+06  ,5.752240773351e-08  ,8.864895607945e-06  
  1.527566058237e+06  ,5.739152508774e-08  ,8.854695821226e-06  
  1.531087461681e+06  ,5.726094440108e-08  ,8.844507769232e-06  
  1.534616982799e+06  ,5.713066494386e-08  ,8.834331438464e-06  
  1.538154640302e+06  ,5.700068598779e-08  ,8.824166815441e-06  
  1.541700452949e+06  ,5.687100680603e-08  ,8.814013886698e-06  
  1.545254439538e+06  ,5.674162667318e-08  ,8.803872638782e-06  
  1.548816618912e+06  ,5.661254486525e-08  ,8.793743058259e-06  
  1.552387009957e+06  ,5.648376065968e-08  ,8.783625131709e-06  
  1.555965631604e+06  ,5.635527333531e-08  ,8.773518845726e-06  
  1.559552502826e+06  ,5.622708217237e-08  ,8.763424186923e-06  
  1.563147642640e+06  ,5.609918645253e-08  ,8.753341141926e-06  
  1.566751070107e+06  ,5.597158545884e-08  ,8.743269697376e-06  
  1.570362804333e+06  ,5.584427847570e-08  ,8.733209839929e-06  
  1.573982864466e+06  ,5.571726478897e-08  ,8.723161556259e-06  
  1.577611269699e+06  ,5.559054368582e-08  ,8.713124833053e-06  
  1.581248039270e+06  ,5.546411445483e-08  ,8.703099657015e-06  
  1.584893192460e+06  ,5.533797638592e-08  ,8.693086014861e-06  
  1.588546748597e+06  ,5.521212877041e-08  ,8.683083893327e-06  
  1.592208727050e+06  ,5.508657090094e-08  ,8.673093279160e-06  
  1.595879147236e+06  ,5.496130207154e-08  ,8.663114159125e-06  
  1.599558028614e+06  ,5.483632157754e-08  ,8.653146520000e-06  
  1.603245390689e+06  ,5.471162871566e-08  ,8.643190348581e-06  
  1.606941253012e+06  ,5.458722278392e-08  ,8.633245631677e-06  
  1.610645635178e+06  ,5.446310308168e-08  ,8.623312356112e-06  
  1.614358556826e+06  ,5.433926890961e-08  ,8.613390508727e-06  
  1.618080037642e+06  ,5.421571956974e-08  ,8.603480076376e-06  
  1.621810097358e+06  ,5.409245436538e-08  ,8.593581045929e-06  
  1.625548755750e+06  ,5.396947260116e-08  ,8.583693404273e-06  
  1.629296032639e+06  ,5.384677358300e-08  ,8.573817138306e-06  
  1.633051947894e+06  ,5.372435661814e-08  ,8.563952234945e-06  
  1.636816521427e+06  ,5.360222101509e-08  ,8.554098681120e-06  
  1.640589773199e+06  ,5.348036608367e-08  ,8.544256463776e-06  
  1.644371723214e+06  ,5.335879113497e-08  ,8.534425569873e-06  
  1.648162391525e+06  ,5.323749548134e-08  ,8.524605986388e-06  
  1.651961798228e+06  ,5.311647843645e-08  ,8.514797700309e-06  
  1.655769963469e+06  ,5.299573931516e-08  ,8.505000698644e-06  
  1.659586907437e+06  ,5.287527743367e-08  ,8.495214968411e-06  
  1.663412650369e+06  ,5.275509210939e-08  ,8.485440496647e-06  
  1.667247212550e+06  ,5.263518266100e-08  ,8.475677270401e-06  
  1.671090614310e+06  ,5.251554840841e-08  ,8.465925276738e-06  
  1.674942876026e+06  ,5.239618867277e-08  ,8.456184502738e-06  
  1.678804018122e+06  ,5.227710277647e-08  ,8.446454935495e-06  
  1.682674061070e+06  ,5.215829004314e-08  ,8.436736562120e-06  
  1.686553025388e+06  ,5.203974979761e-08  ,8.427029369736e-06  
  1.690440931643e+06  ,5.192148136597e-08  ,8.417333345483e-06  
  1.694337800447e+06  ,5.180348407546e-08  ,8.407648476514e-06  
  1.698243652461e+06  ,5.168575725458e-08  ,8.397974749999e-06  
  1.702158508394e+06  ,5.156830023303e-08  ,8.388312153120e-06  
  1.706082389002e+06  ,5.145111234169e-08  ,8.378660673076e-06  
  1.710015315090e+06  ,5.133419291262e-08  ,8.369020297080e-06  
  1.713957307508e+06  ,5.121754127912e-08  ,8.359391012359e-06  
  1.717908387157e+06  ,5.110115677561e-08  ,8.349772806156e-06  
  1.721868574985e+06  ,5.098503873773e-08  ,8.340165665727e-06  
  1.725837891989e+06  ,5.086918650228e-08  ,8.330569578343e-06  
  1.729816359214e+06  ,5.075359940723e-08  ,8.320984531293e-06  
  1.733803997753e+06  ,5.063827679169e-08  ,8.311410511875e-06  
  1.737800828749e+06  ,5.052321799596e-08  ,8.301847507405e-06  
  1.741806873391e+06  ,5.040842236148e-08  ,8.292295505214e-06  
  1.745822152920e+06  ,5.029388923083e-08  ,8.282754492646e-06  
  1.749846688624e+06  ,5.017961794773e-08  ,8.273224457059e-06  
  1.753880501841e+06  ,5.006560785706e-08  ,8.263705385829e-06  
  1.757923613958e+06  ,4.995185830479e-08  ,8.254197266342e-06  
  1.761976046411e+06  ,4.983836863806e-08  ,8.244700086002e-06  
  1.766037820685e+06  ,4.972513820509e-08  ,8.235213832225e-06  
  1.770108958317e+06  ,4.961216635527e-08  ,8.225738492443e-06  
  1.774189480889e+06  ,4.949945243905e-08  ,8.216274054102e-06  
  1.778279410038e+06  ,4.938699580800e-08  ,8.206820504664e-06  
  1.782378767447e+06  ,4.927479581481e-08  ,8.197377831601e-06  
  1.786487574851e+06  ,4.916285181326e-08  ,8.187946022404e-06  
  1.790605854035e+06  ,4.905116315820e-08  ,8.178525064577e-06  
  1.794733626832e+06  ,4.893972920560e-08  ,8.169114945637e-06  
  1.798870915128e+06  ,4.882854931248e-08  ,8.159715653117e-06  
  1.803017740859e+06  ,4.871762283695e-08  ,8.150327174563e-06  
  1.807174126010e+06  ,4.860694913820e-08  ,8.140949497537e-06  
  1.811340092619e+06  ,4.849652757649e-08  ,8.131582609614e-06  
  1.815515662772e+06  ,4.838635751311e-08  ,8.122226498383e-06  
  1.819700858609e+06  ,4.827643831044e-08  ,8.112881151448e-06  
  1.823895702319e+06  ,4.816676933188e-08  ,8.103546556428e-06  
  1.828100216142e+06  ,4.805734994193e-08  ,8.094222700954e-06  
  1.832314422370e+06  ,4.794817950608e-08  ,8.084909572674e-06  
  1.836538343348e+06  ,4.783925739089e-08  ,8.075607159247e-06  
  1.840772001468e+06  ,4.773058296394e-08  ,8.066315448350e-06  
  1.845015419179e+06  ,4.762215559381e-08  ,8.057034427670e-06  
  1.849268618977e+06  ,4.751397465017e-08  ,8.047764084912e-06  
  1.853531623414e+06  ,4.740603950367e-08  ,8.038504407793e-06  
  1.857804455091e+06  ,4.729834952593e-08  ,8.029255384043e-06  
  1.862087136662e+06  ,4.719090408967e-08  ,8.020017001410e-06  
  1.866379690834e+06  ,4.708370256855e-08  ,8.010789247652e-06  
  1.870682140365e+06  ,4.697674433724e-08  ,8.001572110544e-06  
  1.874994508067e+06  ,4.687002877142e-08  ,7.992365577872e-06  
  1.879316816802e+06  ,4.676355524774e-08  ,7.983169637440e-06  
  1.883649089489e+06  ,4.665732314385e-08  ,7.973984277062e-06  
  1.887991349095e+06  ,4.655133183840e-08  ,7.964809484569e-06  
  1.892343618644e+06  ,4.644558071096e-08  ,7.955645247805e-06  
  1.896705921210e+06  ,4.634006914213e-08  ,7.946491554628e-06  
  1.901078279922e+06  ,4.623479651344e-08  ,7.937348392909e-06  
  1.905460717962e+06  ,4.612976220739e-08  ,7.928215750534e-06  
  1.909853258565e+06  ,4.602496560744e-08  ,7.919093615402e-06  
  1.914255925020e+06  ,4.592040609803e-08  ,7.909981975428e-06  
  1.918668740669e+06  ,4.581608306450e-08  ,7.900880818539e-06  
  1.923091728909e+06  ,4.571199589314e-08  ,7.891790132677e-06  
  1.927524913190e+06  ,4.560814397123e-08  ,7.882709905795e-06  
  1.931968317016e+06  ,4.550452668695e-08  ,7.873640125865e-06  
  1.936421963946e+06  ,4.540114342939e-08  ,7.864580780867e-06  
  1.940885877592e+06  ,4.529799358860e-08  ,7.855531858800e-06  
  1.945360081622e+06  ,4.519507655553e-08  ,7.846493347674e-06  
  1.949844599757e+06  ,4.509239172208e-08  ,7.837465235512e-06  
  1.954339455775e+06  ,4.498993848101e-08  ,7.828447510354e-06  
  1.958844673505e+06  ,4.488771622605e-08  ,7.819440160251e-06  
  1.963360276835e+06  ,4.478572435178e-08  ,7.810443173268e-06  
  1.967886289706e+06  ,4.468396225370e-08  ,7.801456537484e-06  
  1.972422736114e+06  ,4.458242932822e-08  ,7.792480240994e-06  
  1.976969640111e+06  ,4.448112497264e-08  ,7.783514271902e-06  
  1.981527025804e+06  ,4.438004858511e-08  ,7.774558618331e-06  
  1.986094917356e+06  ,4.427919956471e-08  ,7.765613268413e-06  
  1.990673338986e+06  ,4.417857731136e-08  ,7.756678210296e-06  
  1.995262314968e+06  ,4.407818122588e-08  ,7.747753432142e-06  
  1.999861869632e+06  ,4.397801070994e-08  ,7.738838922126e-06  
  2.004472027364e+06  ,4.387806516611e-08  ,7.729934668435e-06  
  2.009092812608e+06  ,4.377834399779e-08  ,7.721040659273e-06  
  2.013724249861e+06  ,4.367884660924e-08  ,7.712156882853e-06  
  2.018366363681e+06  ,4.357957240558e-08  ,7.703283327407e-06  
  2.023019178677e+06  ,4.348052079280e-08  ,7.694419981176e-06  
  2.027682719520e+06  ,4.338169117770e-08  ,7.685566832417e-06  
  2.032357010935e+06  ,4.328308296793e-08  ,7.676723869399e-06  
  2.037042077705e+06  ,4.318469557200e-08  ,7.667891080405e-06  
  2.041737944669e+06  ,4.308652839923e-08  ,7.659068453733e-06  
  2.046444636724e+06  ,4.298858085980e-08  ,7.650255977692e-06  
  2.051162178825e+06  ,4.289085236468e-08  ,7.641453640606e-06  
  2.055890595983e+06  ,4.279334232568e-08  ,7.632661430812e-06  
  2.060629913269e+06  ,4.269605015540e-08  ,7.623879336659e-06  
  2.065380155810e+06  ,4.259897526731e-08  ,7.615107346513e-06  
  2.070141348790e+06  ,4.250211707567e-08  ,7.606345448750e-06  
  2.074913517454e+06  ,4.240547499551e-08  ,7.597593631760e-06  
  2.079696687103e+06  ,4.230904844270e-08  ,7.588851883948e-06  
  2.084490883096e+06  ,4.221283683390e-08  ,7.580120193731e-06  
  2.089296130853e+06  ,4.211683958658e-08  ,7.571398549539e-06  
  2.094112455850e+06  ,4.202105611897e-08  ,7.562686939816e-06  
  2.098939883623e+06  ,4.192548585012e-08  ,7.553985353019e-06  
  2.103778439766e+06  ,4.183012819985e-08  ,7.545293777618e-06  
  2.108628149932e+06  ,4.173498258876e-08  ,7.536612202098e-06  
  2.113489039836e+06  ,4.164004843825e-08  ,7.527940614954e-06  
  2.118361135248e+06  ,4.154532517046e-08  ,7.519279004698e-06  
  2.123244461999e+06  ,4.145081220832e-08  ,7.510627359851e-06  
  2.128139045982e+06  ,4.135650897554e-08  ,7.501985668952e-06  
  2.133044913146e+06  ,4.126241489658e-08  ,7.493353920549e-06  
  2.137962089501e+06  ,4.116852939666e-08  ,7.484732103205e-06  
  2.142890601119e+06  ,4.107485190177e-08  ,7.476120205497e-06  
  2.147830474130e+06  ,4.098138183864e-08  ,7.467518216013e-06  
  2.152781734723e+06  ,4.088811863476e-08  ,7.458926123356e-06  
  2.157744409152e+06  ,4.079506171838e-08  ,7.450343916140e-06  
  2.162718523726e+06  ,4.070221051847e-08  ,7.441771582995e-06  
  2.167704104819e+06  ,4.060956446477e-08  ,7.433209112562e-06  
  2.172701178863e+06  ,4.051712298775e-08  ,7.424656493495e-06  
  2.177709772352e+06  ,4.042488551859e-08  ,7.416113714463e-06  
  2.182729911842e+06  ,4.033285148926e-08  ,7.407580764145e-06  
  2.187761623949e+06  ,4.024102033241e-08  ,7.399057631235e-06  
  2.192804935349e+06  ,4.014939148145e-08  ,7.390544304440e-06  
  2.197859872784e+06  ,4.005796437049e-08  ,7.382040772480e-06  
  2.202926463052e+06  ,3.996673843439e-08  ,7.373547024087e-06  
  2.208004733018e+06  ,3.987571310873e-08  ,7.365063048006e-06  
  2.213094709605e+06  ,3.978488782975e-08  ,7.356588832997e-06  
  2.218196419799e+06  ,3.969426203449e-08  ,7.348124367830e-06  
  2.223309890650e+06  ,3.960383516066e-08  ,7.339669641290e-06  
  2.228435149269e+06  ,3.951360664665e-08  ,7.331224642175e-06  
  2.233572222830e+06  ,3.942357593163e-08  ,7.322789359293e-06  
  2.238721138567e+06  ,3.933374245541e-08  ,7.314363781469e-06  
  2.243881923782e+06  ,3.924410565854e-08  ,7.305947897538e-06  
  2.249054605835e+06  ,3.915466498226e-08  ,7.297541696348e-06  
  2.254239212151e+06  ,3.906541986850e-08  ,7.289145166762e-06  
  2.259435770220e+06  ,3.897636975991e-08  ,7.280758297652e-06  
  2.264644307592e+06  ,3.888751409981e-08  ,7.272381077908e-06  
  2.269864851883e+06  ,3.879885233223e-08  ,7.264013496427e-06  
  2.275097430771e+06  ,3.871038390189e-08  ,7.255655542123e-06  
  2.280342071999e+06  ,3.862210825416e-08  ,7.247307203922e-06  
  2.285598803374e+06  ,3.853402483515e-08  ,7.238968470761e-06  
  2.290867652767e+06  ,3.844613309165e-08  ,7.230639331590e-06  
  2.296148648111e+06  ,3.835843247110e-08  ,7.222319775375e-06  
  2.301441817407e+06  ,3.827092242163e-08  ,7.214009791090e-06  
  2.306747188719e+06  ,3.818360239210e-08  ,7.205709367725e-06  
  2.312064790175e+06  ,3.809647183196e-08  ,7.197418494281e-06  
  2.317394649967e+06  ,3.800953019143e-08  ,7.189137159772e-06  
  2.322736796356e+06  ,3.792277692133e-08  ,7.180865353225e-06  
  2.328091257664e+06  ,3.783621147321e-08  ,7.172603063680e-06  
  2.333458062280e+06  ,3.774983329927e-08  ,7.164350280189e-06  
  2.338837238658e+06  ,3.766364185237e-08  ,7.156106991815e-06  
  2.344228815319e+06  ,3.757763658608e-08  ,7.147873187637e-06  
  2.349632820847e+06  ,3.749181695460e-08  ,7.139648856744e-06  
  2.355049283895e+06  ,3.740618241282e-08  ,7.131433988238e-06  
  2.360478233180e+06  ,3.732073241631e-08  ,7.123228571235e-06  
  2.365919697485e+06  ,3.723546642127e-08  ,7.115032594860e-06  
  2.371373705661e+06  ,3.715038388461e-08  ,7.106846048256e-06  
  2.376840286624e+06  ,3.706548426388e-08  ,7.098668920572e-06  
  2.382319469358e+06  ,3.698076701732e-08  ,7.090501200976e-06  
  2.387811282912e+06  ,3.689623160381e-08  ,7.082342878642e-06  
  2.393315756404e+06  ,3.681187748291e-08  ,7.074193942762e-06  
  2.398832919018e+06  ,3.672770411486e-08  ,7.066054382538e-06  
  2.404362800006e+06  ,3.664371096052e-08  ,7.057924187183e-06  
  2.409905428686e+06  ,3.655989748147e-08  ,7.049803345926e-06  
  2.415460834444e+06  ,3.647626313993e-08  ,7.041691848004e-06  
  2.421029046735e+06  ,3.639280739878e-08  ,7.033589682670e-06  
  2.426610095081e+06  ,3.630952972157e-08  ,7.025496839189e-06  
  2.432204009073e+06  ,3.622642957253e-08  ,7.017413306835e-06  
  2.437810818368e+06  ,3.614350641654e-08  ,7.009339074899e-06  
  2.443430552693e+06  ,3.606075971916e-08  ,7.001274132680e-06  
  2.449063241844e+06  ,3.597818894662e-08  ,6.993218469493e-06  
  2.454708915684e+06  ,3.589579356579e-08  ,6.985172074663e-06  
  2.460367604147e+06  ,3.581357304425e-08  ,6.977134937528e-06  
  2.466039337233e+06  ,3.573152685023e-08  ,6.969107047438e-06  
  2.471724145015e+06  ,3.564965445263e-08  ,6.961088393756e-06  
  2.477422057632e+06  ,3.556795532103e-08  ,6.953078965855e-06  
  2.483133105294e+06  ,3.548642892569e-08  ,6.945078753124e-06  
  2.488857318281e+06  ,3.540507473754e-08  ,6.937087744960e-06  
  2.494594726942e+06  ,3.532389222818e-08  ,6.929105930776e-06  
  2.500345361695e+06  ,3.524288086988e-08  ,6.921133299994e-06  
  2.506109253031e+06  ,3.516204013564e-08  ,6.913169842050e-06  
  2.511886431508e+06  ,3.508136949908e-08  ,6.905215546393e-06  
  2.517676927758e+06  ,3.500086843455e-08  ,6.897270402481e-06  
  2.523480772479e+06  ,3.492053641708e-08  ,6.889334399787e-06  
  2.529297996445e+06  ,3.484037292236e-08  ,6.881407527794e-06  
  2.535128630497e+06  ,3.476037742681e-08  ,6.873489776000e-06  
  2.540972705548e+06  ,3.468054940752e-08  ,6.865581133912e-06  
  2.546830252584e+06  ,3.460088834228e-08  ,6.857681591050e-06  
  2.552701302660e+06  ,3.452139370959e-08  ,6.849791136947e-06  
  2.558585886904e+06  ,3.444206498866e-08  ,6.841909761148e-06  
  2.564484036517e+06  ,3.436290165937e-08  ,6.834037453208e-06  
  2.570395782768e+06  ,3.428390320235e-08  ,6.826174202696e-06  
  2.576321157001e+06  ,3.420506909893e-08  ,6.818319999193e-06  
  2.582260190633e+06  ,3.412639883112e-08  ,6.810474832291e-06  
  2.588212915152e+06  ,3.404789188172e-08  ,6.802638691594e-06  
  2.594179362118e+06  ,3.396954773420e-08  ,6.794811566718e-06  
  2.600159563164e+06  ,3.389136587277e-08  ,6.786993447293e-06  
  2.606153549998e+06  ,3.381334578238e-08  ,6.779184322957e-06  
  2.612161354398e+06  ,3.373548694871e-08  ,6.771384183364e-06  
  2.618183008218e+06  ,3.365778885818e-08  ,6.763593018177e-06  
  2.624218543383e+06  ,3.358025099796e-08  ,6.755810817072e-06  
  2.630267991894e+06  ,3.350287285595e-08  ,6.748037569736e-06  
  2.636331385824e+06  ,3.342565392086e-08  ,6.740273265870e-06  
  2.642408757321e+06  ,3.334859368207e-08  ,6.732517895185e-06  
  2.648500138606e+06  ,3.327169162983e-08  ,6.724771447404e-06  
  2.654605561974e+06  ,3.319494725508e-08  ,6.717033912262e-06  
  2.660725059798e+06  ,3.311836004957e-08  ,6.709305279506e-06  
  2.666858664520e+06  ,3.304192950582e-08  ,6.701585538895e-06  
  2.673006408662e+06  ,3.296565511715e-08  ,6.693874680199e-06  
  2.679168324818e+06  ,3.288953637767e-08  ,6.686172693200e-06  
  2.685344445657e+06  ,3.281357278231e-08  ,6.678479567693e-06  
  2.691534803926e+06  ,3.273776382675e-08  ,6.670795293483e-06  
  2.697739432444e+06  ,3.266210900756e-08  ,6.663119860388e-06  
  2.703958364108e+06  ,3.258660782206e-08  ,6.655453258236e-06  
  2.710191631890e+06  ,3.251125976845e-08  ,6.647795476869e-06  
  2.716439268838e+06  ,3.243606434575e-08  ,6.640146506138e-06  
  2.722701308077e+06  ,3.236102105381e-08  ,6.632506335909e-06  
  2.728977782807e+06  ,3.228612939335e-08  ,6.624874956057e-06  
  2.735268726305e+06  ,3.221138886592e-08  ,6.617252356470e-06  
  2.741574171927e+06  ,3.213679897398e-08  ,6.609638527046e-06  
  2.747894153101e+06  ,3.206235922083e-08  ,6.602033457697e-06  
  2.754228703337e+06  ,3.198806911067e-08  ,6.594437138344e-06  
  2.760577856219e+06  ,3.191392814859e-08  ,6.586849558922e-06  
  2.766941645410e+06  ,3.183993584057e-08  ,6.579270709376e-06  
  2.773320104651e+06  ,3.176609169351e-08  ,6.571700579663e-06  
  2.779713267758e+06  ,3.169239521524e-08  ,6.564139159752e-06  
  2.786121168629e+06  ,3.161884591450e-08  ,6.556586439623e-06  
  2.792543841236e+06  ,3.154544330100e-08  ,6.549042409267e-06  
  2.798981319633e+06  ,3.147218688536e-08  ,6.541507058688e-06  
  2.805433637950e+06  ,3.139907617919e-08  ,6.533980377901e-06  
  2.811900830398e+06  ,3.132611069506e-08  ,6.526462356930e-06  
  2.818382931263e+06  ,3.125328994652e-08  ,6.518952985815e-06  
  2.824879974914e+06  ,3.118061344812e-08  ,6.511452254604e-06  
  2.831391995798e+06  ,3.110808071541e-08  ,6.503960153357e-06  
  2.837919028440e+06  ,3.103569126496e-08  ,6.496476672147e-06  
  2.844461107447e+06  ,3.096344461436e-08  ,6.489001801057e-06  
  2.851018267503e+06  ,3.089134028224e-08  ,6.481535530182e-06  
  2.857590543374e+06  ,3.081937778829e-08  ,6.474077849627e-06  
  2.864177969905e+06  ,3.074755665327e-08  ,6.466628749511e-06  
  2.870780582023e+06  ,3.067587639900e-08  ,6.459188219962e-06  
  2.877398414734e+06  ,3.060433654840e-08  ,6.451756251120e-06  
  2.884031503125e+06  ,3.053293662549e-08  ,6.444332833138e-06  
  2.890679882364e+06  ,3.046167615541e-08  ,6.436917956177e-06  
  2.897343587700e+06  ,3.039055466445e-08  ,6.429511610412e-06  
  2.904022654463e+06  ,3.031957168001e-08  ,6.422113786029e-06  
  2.910717118065e+06  ,3.024872673067e-08  ,6.414724473224e-06  
  2.917427014000e+06  ,3.017801934621e-08  ,6.407343662206e-06  
  2.924152377842e+06  ,3.010744905755e-08  ,6.399971343194e-06  
  2.930893245249e+06  ,3.003701539683e-08  ,6.392607506418e-06  
  2.937649651960e+06  ,2.996671789747e-08  ,6.385252142120e-06  
  2.944421633797e+06  ,2.989655609403e-08  ,6.377905240553e-06  
  2.951209226665e+06  ,2.982652952241e-08  ,6.370566791982e-06  
  2.958012466550e+06  ,2.975663771972e-08  ,6.363236786681e-06  
  2.964831389523e+06  ,2.968688022439e-08  ,6.355915214938e-06  
  2.971666031737e+06  ,2.961725657614e-08  ,6.348602067051e-06  
  2.978516429428e+06  ,2.954776631603e-08  ,6.341297333327e-06  
  2.985382618917e+06  ,2.947840898641e-08  ,6.334001004088e-06  
  2.992264636607e+06  ,2.940918413108e-08  ,6.326713069664e-06  
  2.999162518986e+06  ,2.934009129511e-08  ,6.319433520398e-06  
  3.006076302627e+06  ,2.927113002502e-08  ,6.312162346644e-06  
  3.013006024185e+06  ,2.920229986875e-08  ,6.304899538765e-06  
  3.019951720401e+06  ,2.913360037566e-08  ,6.297645087137e-06  
  3.026913428100e+06  ,2.906503109654e-08  ,6.290398982148e-06  
  3.033891184193e+06  ,2.899659158371e-08  ,6.283161214194e-06  
  3.040885025675e+06  ,2.892828139090e-08  ,6.275931773685e-06  
  3.047894989627e+06  ,2.886010007344e-08  ,6.268710651040e-06  
  3.054921113214e+06  ,2.879204718812e-08  ,6.261497836691e-06  
  3.061963433689e+06  ,2.872412229334e-08  ,6.254293321079e-06  
  3.069021988390e+06  ,2.865632494903e-08  ,6.247097094656e-06  
  3.076096814739e+06  ,2.858865471678e-08  ,6.239909147887e-06  
  3.083187950248e+06  ,2.852111115974e-08  ,6.232729471247e-06  
  3.090295432512e+06  ,2.845369384275e-08  ,6.225558055221e-06  
  3.097419299215e+06  ,2.838640233226e-08  ,6.218394890305e-06  
  3.104559588127e+06  ,2.831923619647e-08  ,6.211239967008e-06  
  3.111716337105e+06  ,2.825219500528e-08  ,6.204093275848e-06  
  3.118889584093e+06  ,2.818527833029e-08  ,6.196954807354e-06  
  3.126079367123e+06  ,2.811848574491e-08  ,6.189824552067e-06  
  3.133285724314e+06  ,2.805181682431e-08  ,6.182702500537e-06  
  3.140508693875e+06  ,2.798527114546e-08  ,6.175588643328e-06  
  3.147748314100e+06  ,2.791884828721e-08  ,6.168482971011e-06  
  3.155004623373e+06  ,2.785254783023e-08  ,6.161385474170e-06  
  3.162277660167e+06  ,2.778636935709e-08  ,6.154296143401e-06  
  3.169567463042e+06  ,2.772031245231e-08  ,6.147214969308e-06  
  3.176874070648e+06  ,2.765437670230e-08  ,6.140141942507e-06  
  3.184197521725e+06  ,2.758856169545e-08  ,6.133077053626e-06  
  3.191537855099e+06  ,2.752286702219e-08  ,6.126020293303e-06  
  3.198895109690e+06  ,2.745729227491e-08  ,6.118971652185e-06  
  3.206269324504e+06  ,2.739183704813e-08  ,6.111931120933e-06  
  3.213660538639e+06  ,2.732650093836e-08  ,6.104898690215e-06  
  3.221068791282e+06  ,2.726128354428e-08  ,6.097874350714e-06  
  3.228494121711e+06  ,2.719618446672e-08  ,6.090858093120e-06  
  3.235936569295e+06  ,2.713120330863e-08  ,6.083849908135e-06  
  3.243396173492e+06  ,2.706633967519e-08  ,6.076849786473e-06  
  3.250872973853e+06  ,2.700159317380e-08  ,6.069857718857e-06  
  3.258367010019e+06  ,2.693696341411e-08  ,6.062873696021e-06  
  3.265878321722e+06  ,2.687245000810e-08  ,6.055897708710e-06  
  3.273406948787e+06  ,2.680805257004e-08  ,6.048929747679e-06  
  3.280952931130e+06  ,2.674377071655e-08  ,6.041969803696e-06  
  3.288516308758e+06  ,2.667960406663e-08  ,6.035017867536e-06  
  3.296097121773e+06  ,2.661555224174e-08  ,6.028073929986e-06  
  3.303695410367e+06  ,2.655161486574e-08  ,6.021137981846e-06  
  3.311311214824e+06  ,2.648779156503e-08  ,6.014210013922e-06  
  3.318944575525e+06  ,2.642408196846e-08  ,6.007290017036e-06  
  3.326595532939e+06  ,2.636048570747e-08  ,6.000377982015e-06  
  3.334264127631e+06  ,2.629700241610e-08  ,5.993473899701e-06  
  3.341950400260e+06  ,2.623363173098e-08  ,5.986577760944e-06  
  3.349654391577e+06  ,2.617037329140e-08  ,5.979689556606e-06  
  3.357376142428e+06  ,2.610722673935e-08  ,5.972809277557e-06  
  3.365115693753e+06  ,2.604419171955e-08  ,5.965936914682e-06  
  3.372873086587e+06  ,2.598126787944e-08  ,5.959072458871e-06  
  3.380648362058e+06  ,2.591845486930e-08  ,5.952215901029e-06  
  3.388441561390e+06  ,2.585575234223e-08  ,5.945367232070e-06  
  3.396252725903e+06  ,2.579315995420e-08  ,5.938526442917e-06  
  3.404081897008e+06  ,2.573067736409e-08  ,5.931693524505e-06  
  3.411929116218e+06  ,2.566830423369e-08  ,5.924868467779e-06  
  3.419794425136e+06  ,2.560604022781e-08  ,5.918051263694e-06  
  3.427677865463e+06  ,2.554388501428e-08  ,5.911241903217e-06  
  3.435579478997e+06  ,2.548183826394e-08  ,5.904440377324e-06  
  3.443499307632e+06  ,2.541989965078e-08  ,5.897646677000e-06  
  3.451437393357e+06  ,2.535806885190e-08  ,5.890860793244e-06  
  3.459393778260e+06  ,2.529634554755e-08  ,5.884082717063e-06  
  3.467368504524e+06  ,2.523472942123e-08  ,5.877312439474e-06  
  3.475361614430e+06  ,2.517322015969e-08  ,5.870549951505e-06  
  3.483373150359e+06  ,2.511181745293e-08  ,5.863795244194e-06  
  3.491403154784e+06  ,2.505052099432e-08  ,5.857048308591e-06  
  3.499451670282e+06  ,2.498933048058e-08  ,5.850309135754e-06  
  3.507518739524e+06  ,2.492824561183e-08  ,5.843577716753e-06  
  3.515604405281e+06  ,2.486726609167e-08  ,5.836854042666e-06  
  3.523708710423e+06  ,2.480639162718e-08  ,5.830138104584e-06  
  3.531831697918e+06  ,2.474562192896e-08  ,5.823429893606e-06  
  3.539973410833e+06  ,2.468495671122e-08  ,5.816729400843e-06  
  3.548133892334e+06  ,2.462439569171e-08  ,5.810036617416e-06  
  3.556313185688e+06  ,2.456393859193e-08  ,5.803351534454e-06  
  3.564511334261e+06  ,2.450358513700e-08  ,5.796674143100e-06  
  3.572728381518e+06  ,2.444333505583e-08  ,5.790004434503e-06  
  3.580964371025e+06  ,2.438318808107e-08  ,5.783342399825e-06  
  3.589219346448e+06  ,2.432314394924e-08  ,5.776688030238e-06  
  3.597493351556e+06  ,2.426320240068e-08  ,5.770041316923e-06  
  3.605786430215e+06  ,2.420336317966e-08  ,5.763402251072e-06  
  3.614098626394e+06  ,2.414362603439e-08  ,5.756770823887e-06  
  3.622429984165e+06  ,2.408399071708e-08  ,5.750147026579e-06  
  3.630780547699e+06  ,2.402445698397e-08  ,5.743530850371e-06  
  3.639150361270e+06  ,2.396502459537e-08  ,5.736922286495e-06  
  3.647539469254e+06  ,2.390569331571e-08  ,5.730321326193e-06  
  3.655947916130e+06  ,2.384646291359e-08  ,5.723727960717e-06  
  3.664375746477e+06  ,2.378733316182e-08  ,5.717142181330e-06  
  3.672823004979e+06  ,2.372830383744e-08  ,5.710563979304e-06  
  3.681289736424e+06  ,2.366937472176e-08  ,5.703993345922e-06  
  3.689775985700e+06  ,2.361054560044e-08  ,5.697430272477e-06  
  3.698281797801e+06  ,2.355181626355e-08  ,5.690874750270e-06  
  3.706807217824e+06  ,2.349318650551e-08  ,5.684326770614e-06  
  3.715352290970e+06  ,2.343465612522e-08  ,5.677786324832e-06  
  3.723917062544e+06  ,2.337622492610e-08  ,5.671253404256e-06  
  3.732501577955e+06  ,2.331789271607e-08  ,5.664728000229e-06  
  3.741105882719e+06  ,2.325965930769e-08  ,5.658210104104e-06  
  3.749730022453e+06  ,2.320152451810e-08  ,5.651699707241e-06  
  3.758374042883e+06  ,2.314348816909e-08  ,5.645196801015e-06  
  3.767037989837e+06  ,2.308555008722e-08  ,5.638701376807e-06  
  3.775721909252e+06  ,2.302771010375e-08  ,5.632213426009e-06  
  3.784425847169e+06  ,2.296996805472e-08  ,5.625732940023e-06  
  3.793149849735e+06  ,2.291232378103e-08  ,5.619259910261e-06  
  3.801893963204e+06  ,2.285477712844e-08  ,5.612794328146e-06  
  3.810658233936e+06  ,2.279732794761e-08  ,5.606336185108e-06  
  3.819442708399e+06  ,2.273997609416e-08  ,5.599885472589e-06  
  3.828247433166e+06  ,2.268272142869e-08  ,5.593442182041e-06  
  3.837072454921e+06  ,2.262556381681e-08  ,5.587006304925e-06  
  3.845917820452e+06  ,2.256850312924e-08  ,5.580577832712e-06  
  3.854783576656e+06  ,2.251153924177e-08  ,5.574156756882e-06  
  3.863669770539e+06  ,2.245467203534e-08  ,5.567743068927e-06  
  3.872576449214e+06  ,2.239790139605e-08  ,5.561336760347e-06  
  3.881503659905e+06  ,2.234122721526e-08  ,5.554937822652e-06  
  3.890451449941e+06  ,2.228464938954e-08  ,5.548546247362e-06  
  3.899419866764e+06  ,2.222816782076e-08  ,5.542162026007e-06  
  3.908408957922e+06  ,2.217178241612e-08  ,5.535785150126e-06  
  3.917418771076e+06  ,2.211549308818e-08  ,5.529415611268e-06  
  3.926449353994e+06  ,2.205929975488e-08  ,5.523053400993e-06  
  3.935500754556e+06  ,2.200320233958e-08  ,5.516698510870e-06  
  3.944573020751e+06  ,2.194720077112e-08  ,5.510350932475e-06  
  3.953666200679e+06  ,2.189129498383e-08  ,5.504010657399e-06  
  3.962780342553e+06  ,2.183548491753e-08  ,5.497677677237e-06  
  3.971915494693e+06  ,2.177977051762e-08  ,5.491351983598e-06  
  3.981071705533e+06  ,2.172415173510e-08  ,5.485033568099e-06  
  3.990249023620e+06  ,2.166862852654e-08  ,5.478722422366e-06  
  3.999447497609e+06  ,2.161320085418e-08  ,5.472418538036e-06  
  4.008667176271e+06  ,2.155786868592e-08  ,5.466121906755e-06  
  4.017908108488e+06  ,2.150263199537e-08  ,5.459832520177e-06  
  4.027170343253e+06  ,2.144749076185e-08  ,5.453550369969e-06  
  4.036453929674e+06  ,2.139244497041e-08  ,5.447275447805e-06  
  4.045758916973e+06  ,2.133749461191e-08  ,5.441007745370e-06  
  4.055085354482e+06  ,2.128263968298e-08  ,5.434747254357e-06  
  4.064433291650e+06  ,2.122788018609e-08  ,5.428493966469e-06  
  4.073802778039e+06  ,2.117321612951e-08  ,5.422247873420e-06  
  4.083193863325e+06  ,2.111864752742e-08  ,5.416008966932e-06  
  4.092606597298e+06  ,2.106417439984e-08  ,5.409777238738e-06  
  4.102041029864e+06  ,2.100979677271e-08  ,5.403552680579e-06  
  4.111497211043e+06  ,2.095551467787e-08  ,5.397335284205e-06  
  4.120975190971e+06  ,2.090132815311e-08  ,5.391125041378e-06  
  4.130475019900e+06  ,2.084723724216e-08  ,5.384921943867e-06  
  4.139996748195e+06  ,2.079324199469e-08  ,5.378725983452e-06  
  4.149540426342e+06  ,2.073934246637e-08  ,5.372537151922e-06  
  4.159106104938e+06  ,2.068553871883e-08  ,5.366355441076e-06  
  4.168693834701e+06  ,2.063183081974e-08  ,5.360180842721e-06  
  4.178303666464e+06  ,2.057821884272e-08  ,5.354013348674e-06  
  4.187935651177e+06  ,2.052470286742e-08  ,5.347852950762e-06  
  4.197589839908e+06  ,2.047128297953e-08  ,5.341699640821e-06  
  4.207266283843e+06  ,2.041795927072e-08  ,5.335553410698e-06  
  4.216965034284e+06  ,2.036473183872e-08  ,5.329414252245e-06  
  4.226686142654e+06  ,2.031160078728e-08  ,5.323282157329e-06  
  4.236429660493e+06  ,2.025856622618e-08  ,5.317157117822e-06  
  4.246195639461e+06  ,2.020562827121e-08  ,5.311039125607e-06  
  4.255984131335e+06  ,2.015278704422e-08  ,5.304928172576e-06  
  4.265795188014e+06  ,2.010004267305e-08  ,5.298824250632e-06  
  4.275628861514e+06  ,2.004739529158e-08  ,5.292727351685e-06  
  4.285485203972e+06  ,1.999484503968e-08  ,5.286637467656e-06  
  4.295364267647e+06  ,1.994239206324e-08  ,5.280554590473e-06  
  4.305266104915e+06  ,1.989003651414e-08  ,5.274478712076e-06  
  4.315190768276e+06  ,1.983777855023e-08  ,5.268409824413e-06  
  4.325138310348e+06  ,1.978561833534e-08  ,5.262347919442e-06  
  4.335108783873e+06  ,1.973355603925e-08  ,5.256292989128e-06  
  4.345102241714e+06  ,1.968159183766e-08  ,5.250245025447e-06  
  4.355118736854e+06  ,1.962972591223e-08  ,5.244204020386e-06  
  4.365158322400e+06  ,1.957795845047e-08  ,5.238169965937e-06  
  4.375221051581e+06  ,1.952628964580e-08  ,5.232142854105e-06  
  4.385306977748e+06  ,1.947471969749e-08  ,5.226122676903e-06  
  4.395416154376e+06  ,1.942324881063e-08  ,5.220109426351e-06  
  4.405548635064e+06  ,1.937187719611e-08  ,5.214103094482e-06  
  4.415704473531e+06  ,1.932060507061e-08  ,5.208103673336e-06  
  4.425883723624e+06  ,1.926943265654e-08  ,5.202111154961e-06  
  4.436086439312e+06  ,1.921836018203e-08  ,5.196125531418e-06  
  4.446312674689e+06  ,1.916738788088e-08  ,5.190146794772e-06  
  4.456562483973e+06  ,1.911651599254e-08  ,5.184174937102e-06  
  4.466835921508e+06  ,1.906574476205e-08  ,5.178209950493e-06  
  4.477133041762e+06  ,1.901507444002e-08  ,5.172251827040e-06  
  4.487453899329e+06  ,1.896450528260e-08  ,5.166300558847e-06  
  4.497798548931e+06  ,1.891403755141e-08  ,5.160356138029e-06  
  4.508167045413e+06  ,1.886367151349e-08  ,5.154418556705e-06  
  4.518559443747e+06  ,1.881340744128e-08  ,5.148487807010e-06  
  4.528975799034e+06  ,1.876324561256e-08  ,5.142563881082e-06  
  4.539416166500e+06  ,1.871318631040e-08  ,5.136646771071e-06  
  4.549880601498e+06  ,1.866322982309e-08  ,5.130736469136e-06  
  4.560369159511e+06  ,1.861337644413e-08  ,5.124832967445e-06  
  4.570881896147e+06  ,1.856362647210e-08  ,5.118936258173e-06  
  4.581418867143e+06  ,1.851398021068e-08  ,5.113046333507e-06  
  4.591980128367e+06  ,1.846443796855e-08  ,5.107163185640e-06  
  4.602565735811e+06  ,1.841500005932e-08  ,5.101286806778e-06  
  4.613175745602e+06  ,1.836566680149e-08  ,5.095417189131e-06  
  4.623810213990e+06  ,1.831643851836e-08  ,5.089554324922e-06  
  4.634469197361e+06  ,1.826731553798e-08  ,5.083698206380e-06  
  4.645152752225e+06  ,1.821829819308e-08  ,5.077848825746e-06  
  4.655860935227e+06  ,1.816938682098e-08  ,5.072006175268e-06  
  4.666593803141e+06  ,1.812058176354e-08  ,5.066170247202e-06  
  4.677351412870e+06  ,1.807188336707e-08  ,5.060341033815e-06  
  4.688133821450e+06  ,1.802329198224e-08  ,5.054518527382e-06  
  4.698941086050e+06  ,1.797480796403e-08  ,5.048702720187e-06  
  4.709773263967e+06  ,1.792643167163e-08  ,5.042893604523e-06  
  4.720630412634e+06  ,1.787816346838e-08  ,5.037091172691e-06  
  4.731512589613e+06  ,1.783000372162e-08  ,5.031295417001e-06  
  4.742419852600e+06  ,1.778195280270e-08  ,5.025506329774e-06  
  4.753352259426e+06  ,1.773401108682e-08  ,5.019723903338e-06  
  4.764309868052e+06  ,1.768617895295e-08  ,5.013948130028e-06  
  4.775292736575e+06  ,1.763845678377e-08  ,5.008179002192e-06  
  4.786300923224e+06  ,1.759084496554e-08  ,5.002416512184e-06  
  4.797334486365e+06  ,1.754334388804e-08  ,4.996660652367e-06  
  4.808393484495e+06  ,1.749595394443e-08  ,4.990911415114e-06  
  4.819477976249e+06  ,1.744867553117e-08  ,4.985168792805e-06  
  4.830588020395e+06  ,1.740150904796e-08  ,4.979432777831e-06  
  4.841723675839e+06  ,1.735445489756e-08  ,4.973703362590e-06  
  4.852885001619e+06  ,1.730751348577e-08  ,4.967980539489e-06  
  4.864072056912e+06  ,1.726068522125e-08  ,4.962264300945e-06  
  4.875284901032e+06  ,1.721397051545e-08  ,4.956554639382e-06  
  4.886523593426e+06  ,1.716736978251e-08  ,4.950851547233e-06  
  4.897788193682e+06  ,1.712088343916e-08  ,4.945155016941e-06  
  4.909078761524e+06  ,1.707451190454e-08  ,4.939465040957e-06  
  4.920395356812e+06  ,1.702825560016e-08  ,4.933781611740e-06  
  4.931738039547e+06  ,1.698211494978e-08  ,4.928104721758e-06  
  4.943106869866e+06  ,1.693609037926e-08  ,4.922434363489e-06  
  4.954501908046e+06  ,1.689018231644e-08  ,4.916770529418e-06  
  4.965923214501e+06  ,1.684439119110e-08  ,4.911113212039e-06  
  4.977370849787e+06  ,1.679871743473e-08  ,4.905462403855e-06  
  4.988844874598e+06  ,1.675316148049e-08  ,4.899818097377e-06  
  5.000345349767e+06  ,1.670772376306e-08  ,4.894180285127e-06  
  5.011872336270e+06  ,1.666240471854e-08  ,4.888548959631e-06  
  5.023425895222e+06  ,1.661720478426e-08  ,4.882924113429e-06  
  5.035006087877e+06  ,1.657212439878e-08  ,4.877305739064e-06  
  5.046612975633e+06  ,1.652716400163e-08  ,4.871693829093e-06  
  5.058246620029e+06  ,1.648232403326e-08  ,4.866088376078e-06  
  5.069907082745e+06  ,1.643760493491e-08  ,4.860489372591e-06  
  5.081594425603e+06  ,1.639300714848e-08  ,4.854896811212e-06  
  5.093308710570e+06  ,1.634853111635e-08  ,4.849310684529e-06  
  5.105049999752e+06  ,1.630417728134e-08  ,4.843730985140e-06  
  5.116818355401e+06  ,1.625994608652e-08  ,4.838157705650e-06  
  5.128613839911e+06  ,1.621583797508e-08  ,4.832590838674e-06  
  5.140436515822e+06  ,1.617185339024e-08  ,4.827030376835e-06  
  5.152286445815e+06  ,1.612799277507e-08  ,4.821476312764e-06  
  5.164163692718e+06  ,1.608425657240e-08  ,4.815928639099e-06  
  5.176068319503e+06  ,1.604064522466e-08  ,4.810387348491e-06  
  5.188000389287e+06  ,1.599715917376e-08  ,4.804852433595e-06  
  5.199959965333e+06  ,1.595379886095e-08  ,4.799323887076e-06  
  5.211947111048e+06  ,1.591056472671e-08  ,4.793801701608e-06  
  5.223961889989e+06  ,1.586745721058e-08  ,4.788285869873e-06  
  5.236004365855e+06  ,1.582447675107e-08  ,4.782776384561e-06  
  5.248074602495e+06  ,1.578162378547e-08  ,4.777273238371e-06  
  5.260172663905e+06  ,1.573889874980e-08  ,4.771776424011e-06  
  5.272298614226e+06  ,1.569630207860e-08  ,4.766285934195e-06  
  5.284452517749e+06  ,1.565383420482e-08  ,4.760801761648e-06  
  5.296634438914e+06  ,1.561149555971e-08  ,4.755323899102e-06  
  5.308844442307e+06  ,1.556928657268e-08  ,4.749852339299e-06  
  5.321082592665e+06  ,1.552720767113e-08  ,4.744387074986e-06  
  5.333348954874e+06  ,1.548525928037e-08  ,4.738928098921e-06  
  5.345643593967e+06  ,1.544344182349e-08  ,4.733475403871e-06  
  5.357966575131e+06  ,1.540175572115e-08  ,4.728028982609e-06  
  5.370317963700e+06  ,1.536020139156e-08  ,4.722588827917e-06  
  5.382697825160e+06  ,1.531877925027e-08  ,4.717154932586e-06  
  5.395106225149e+06  ,1.527748971009e-08  ,4.711727289416e-06  
  5.407543229453e+06  ,1.523633318091e-08  ,4.706305891213e-06  
  5.420008904014e+06  ,1.519531006963e-08  ,4.700890730793e-06  
  5.432503314922e+06  ,1.515442078001e-08  ,4.695481800980e-06  
  5.445026528422e+06  ,1.511366571252e-08  ,4.690079094606e-06  
  5.457578610910e+06  ,1.507304526426e-08  ,4.684682604511e-06  
  5.470159628937e+06  ,1.503255982878e-08  ,4.679292323544e-06  
  5.482769649206e+06  ,1.499220979604e-08  ,4.673908244562e-06  
  5.495408738574e+06  ,1.495199555219e-08  ,4.668530360428e-06  
  5.508076964051e+06  ,1.491191747953e-08  ,4.663158664018e-06  
  5.520774392805e+06  ,1.487197595636e-08  ,4.657793148212e-06  
  5.533501092155e+06  ,1.483217135683e-08  ,4.652433805899e-06  
  5.546257129577e+06  ,1.479250405089e-08  ,4.647080629978e-06  
  5.559042572701e+06  ,1.475297440412e-08  ,4.641733613355e-06  
  5.571857489317e+06  ,1.471358277764e-08  ,4.636392748943e-06  
  5.584701947366e+06  ,1.467432952800e-08  ,4.631058029665e-06  
  5.597576014948e+06  ,1.463521500705e-08  ,4.625729448452e-06  
  5.610479760322e+06  ,1.459623956185e-08  ,4.620406998241e-06  
  5.623413251901e+06  ,1.455740353455e-08  ,4.615090671979e-06  
  5.636376558257e+06  ,1.451870726230e-08  ,4.609780462622e-06  
  5.649369748120e+06  ,1.448015107713e-08  ,4.604476363132e-06  
  5.662392890380e+06  ,1.444173530583e-08  ,4.599178366481e-06  
  5.675446054083e+06  ,1.440346026989e-08  ,4.593886465646e-06  
  5.688529308436e+06  ,1.436532628538e-08  ,4.588600653616e-06  
  5.701642722805e+06  ,1.432733366285e-08  ,4.583320923386e-06  
  5.714786366716e+06  ,1.428948270724e-08  ,4.578047267958e-06  
  5.727960309856e+06  ,1.425177371777e-08  ,4.572779680345e-06  
  5.741164622071e+06  ,1.421420698789e-08  ,4.567518153565e-06  
  5.754399373369e+06  ,1.417678280512e-08  ,4.562262680646e-06  
  5.767664633920e+06  ,1.413950145106e-08  ,4.557013254624e-06  
  5.780960474054e+06  ,1.410236320120e-08  ,4.551769868541e-06  
  5.794286964266e+06  ,1.406536832491e-08  ,4.546532515450e-06  
  5.807644175210e+06  ,1.402851708533e-08  ,4.541301188409e-06  
  5.821032177706e+06  ,1.399180973929e-08  ,4.536075880487e-06  
  5.834451042735e+06  ,1.395524653723e-08  ,4.530856584758e-06  
  5.847900841442e+06  ,1.391882772316e-08  ,4.525643294306e-06  
  5.861381645138e+06  ,1.388255353453e-08  ,4.520436002223e-06  
  5.874893525295e+06  ,1.384642420220e-08  ,4.515234701606e-06  
  5.888436553553e+06  ,1.381043995037e-08  ,4.510039385565e-06  
  5.902010801716e+06  ,1.377460099649e-08  ,4.504850047213e-06  
  5.915616341752e+06  ,1.373890755121e-08  ,4.499666679674e-06  
  5.929253245797e+06  ,1.370335981833e-08  ,4.494489276079e-06  
  5.942921586153e+06  ,1.366795799474e-08  ,4.489317829567e-06  
  5.956621435287e+06  ,1.363270227032e-08  ,4.484152333284e-06  
  5.970352865836e+06  ,1.359759282795e-08  ,4.478992780385e-06  
  5.984115950600e+06  ,1.356262984341e-08  ,4.473839164033e-06  
  5.997910762552e+06  ,1.352781348535e-08  ,4.468691477398e-06  
  6.011737374830e+06  ,1.349314391525e-08  ,4.463549713658e-06  
  6.025595860741e+06  ,1.345862128736e-08  ,4.458413866000e-06  
  6.039486293761e+06  ,1.342424574865e-08  ,4.453283927616e-06  
  6.053408747536e+06  ,1.339001743881e-08  ,4.448159891710e-06  
  6.067363295882e+06  ,1.335593649015e-08  ,4.443041751490e-06  
  6.081350012784e+06  ,1.332200302763e-08  ,4.437929500174e-06  
  6.095368972399e+06  ,1.328821716878e-08  ,4.432823130988e-06  
  6.109420249053e+06  ,1.325457902370e-08  ,4.427722637163e-06  
  6.123503917245e+06  ,1.322108869500e-08  ,4.422628011942e-06  
  6.137620051645e+06  ,1.318774627780e-08  ,4.417539248572e-06  
  6.151768727096e+06  ,1.315455185970e-08  ,4.412456340309e-06  
  6.165950018612e+06  ,1.312150552077e-08  ,4.407379280419e-06  
  6.180164001381e+06  ,1.308860733350e-08  ,4.402308062172e-06  
  6.194410750765e+06  ,1.305585736281e-08  ,4.397242678848e-06  
  6.208690342298e+06  ,1.302325566603e-08  ,4.392183123735e-06  
  6.223002851689e+06  ,1.299080229289e-08  ,4.387129390127e-06  
  6.237348354821e+06  ,1.295849728551e-08  ,4.382081471327e-06  
  6.251726927754e+06  ,1.292634067839e-08  ,4.377039360646e-06  
  6.266138646720e+06  ,1.289433249841e-08  ,4.372003051402e-06  
  6.280583588130e+06  ,1.286247276481e-08  ,4.366972536920e-06  
  6.295061828569e+06  ,1.283076148924e-08  ,4.361947810534e-06  
  6.309573444799e+06  ,1.279919867568e-08  ,4.356928865585e-06  
  6.324118513759e+06  ,1.276778432053e-08  ,4.351915695422e-06  
  6.338697112566e+06  ,1.273651841256e-08  ,4.346908293401e-06  
  6.353309318514e+06  ,1.270540093295e-08  ,4.341906652887e-06  
  6.367955209076e+06  ,1.267443185527e-08  ,4.336910767251e-06  
  6.382634861902e+06  ,1.264361114553e-08  ,4.331920629873e-06  
  6.397348354823e+06  ,1.261293876217e-08  ,4.326936234139e-06  
  6.412095765849e+06  ,1.258241465608e-08  ,4.321957573444e-06  
  6.426877173167e+06  ,1.255203877063e-08  ,4.316984641190e-06  
  6.441692655149e+06  ,1.252181104167e-08  ,4.312017430787e-06  
  6.456542290344e+06  ,1.249173139758e-08  ,4.307055935653e-06  
  6.471426157483e+06  ,1.246179975930e-08  ,4.302100149212e-06  
  6.486344335479e+06  ,1.243201604031e-08  ,4.297150064896e-06  
  6.501296903428e+06  ,1.240238014671e-08  ,4.292205676146e-06  
  6.516283940605e+06  ,1.237289197722e-08  ,4.287266976410e-06  
  6.531305526472e+06  ,1.234355142323e-08  ,4.282333959142e-06  
  6.546361740670e+06  ,1.231435836884e-08  ,4.277406617804e-06  
  6.561452663026e+06  ,1.228531269085e-08  ,4.272484945868e-06  
  6.576578373551e+06  ,1.225641425888e-08  ,4.267568936811e-06  
  6.591738952440e+06  ,1.222766293534e-08  ,4.262658584118e-06  
  6.606934480073e+06  ,1.219905857548e-08  ,4.257753881281e-06  
  6.622165037015e+06  ,1.217060102749e-08  ,4.252854821801e-06  
  6.637430704016e+06  ,1.214229013246e-08  ,4.247961399186e-06  
  6.652731562014e+06  ,1.211412572450e-08  ,4.243073606949e-06  
  6.668067692133e+06  ,1.208610763075e-08  ,4.238191438615e-06  
  6.683439175683e+06  ,1.205823567143e-08  ,4.233314887713e-06  
  6.698846094162e+06  ,1.203050965992e-08  ,4.228443947780e-06  
  6.714288529256e+06  ,1.200292940276e-08  ,4.223578612362e-06  
  6.729766562840e+06  ,1.197549469976e-08  ,4.218718875009e-06  
  6.745280276976e+06  ,1.194820534402e-08  ,4.213864729284e-06  
  6.760829753917e+06  ,1.192106112200e-08  ,4.209016168751e-06  
  6.776415076104e+06  ,1.189406181357e-08  ,4.204173186986e-06  
  6.792036326169e+06  ,1.186720719209e-08  ,4.199335777571e-06  
  6.807693586934e+06  ,1.184049702442e-08  ,4.194503934095e-06  
  6.823386941413e+06  ,1.181393107105e-08  ,4.189677650155e-06  
  6.839116472811e+06  ,1.178750908610e-08  ,4.184856919354e-06  
  6.854882264523e+06  ,1.176123081743e-08  ,4.180041735304e-06  
  6.870684400139e+06  ,1.173509600668e-08  ,4.175232091624e-06  
  6.886522963440e+06  ,1.170910438933e-08  ,4.170427981939e-06  
  6.902398038399e+06  ,1.168325569478e-08  ,4.165629399884e-06  
  6.918309709186e+06  ,1.165754964644e-08  ,4.160836339099e-06  
  6.934258060162e+06  ,1.163198596173e-08  ,4.156048793231e-06  
  6.950243175885e+06  ,1.160656435221e-08  ,4.151266755937e-06  
  6.966265141104e+06  ,1.158128452366e-08  ,4.146490220878e-06  
  6.982324040768e+06  ,1.155614617607e-08  ,4.141719181725e-06  
  6.998419960019e+06  ,1.153114900381e-08  ,4.136953632155e-06  
  7.014552984196e+06  ,1.150629269563e-08  ,4.132193565852e-06  
  7.030723198835e+06  ,1.148157693475e-08  ,4.127438976509e-06  
  7.046930689668e+06  ,1.145700139898e-08  ,4.122689857823e-06  
  7.063175542626e+06  ,1.143256576071e-08  ,4.117946203501e-06  
  7.079457843838e+06  ,1.140826968706e-08  ,4.113208007258e-06  
  7.095777679631e+06  ,1.138411283992e-08  ,4.108475262812e-06  
  7.112135136530e+06  ,1.136009487601e-08  ,4.103747963893e-06  
  7.128530301262e+06  ,1.133621544702e-08  ,4.099026104235e-06  
  7.144963260752e+06  ,1.131247419959e-08  ,4.094309677581e-06  
  7.161434102126e+06  ,1.128887077548e-08  ,4.089598677680e-06  
  7.177942912710e+06  ,1.126540481158e-08  ,4.084893098289e-06  
  7.194489780034e+06  ,1.124207594002e-08  ,4.080192933171e-06  
  7.211074791826e+06  ,1.121888378826e-08  ,4.075498176099e-06  
  7.227698036018e+06  ,1.119582797912e-08  ,4.070808820850e-06  
  7.244359600746e+06  ,1.117290813091e-08  ,4.066124861209e-06  
  7.261059574348e+06  ,1.115012385747e-08  ,4.061446290969e-06  
  7.277798045365e+06  ,1.112747476826e-08  ,4.056773103930e-06  
  7.294575102542e+06  ,1.110496046845e-08  ,4.052105293898e-06  
  7.311390834831e+06  ,1.108258055899e-08  ,4.047442854687e-06  
  7.328245331386e+06  ,1.106033463669e-08  ,4.042785780119e-06  
  7.345138681568e+06  ,1.103822229429e-08  ,4.038134064021e-06  
  7.362070974944e+06  ,1.101624312055e-08  ,4.033487700229e-06  
  7.379042301288e+06  ,1.099439670031e-08  ,4.028846682585e-06  
  7.396052750579e+06  ,1.097268261460e-08  ,4.024211004939e-06  
  7.413102413006e+06  ,1.095110044070e-08  ,4.019580661146e-06  
  7.430191378963e+06  ,1.092964975220e-08  ,4.014955645071e-06  
  7.447319739056e+06  ,1.090833011910e-08  ,4.010335950583e-06  
  7.464487584097e+06  ,1.088714110791e-08  ,4.005721571562e-06  
  7.481695005108e+06  ,1.086608228168e-08  ,4.001112501891e-06  
  7.498942093321e+06  ,1.084515320010e-08  ,3.996508735461e-06  
  7.516228940178e+06  ,1.082435341957e-08  ,3.991910266173e-06  
  7.533555637334e+06  ,1.080368249330e-08  ,3.987317087931e-06  
  7.550922276651e+06  ,1.078313997135e-08  ,3.982729194648e-06  
  7.568328950206e+06  ,1.076272540076e-08  ,3.978146580244e-06  
  7.585775750288e+06  ,1.074243832555e-08  ,3.973569238647e-06  
  7.603262769398e+06  ,1.072227828686e-08  ,3.968997163788e-06  
  7.620790100251e+06  ,1.070224482300e-08  ,3.964430349610e-06  
  7.638357835773e+06  ,1.068233746954e-08  ,3.959868790060e-06  
  7.655966069109e+06  ,1.066255575934e-08  ,3.955312479092e-06  
  7.673614893615e+06  ,1.064289922269e-08  ,3.950761410669e-06  
  7.691304402862e+06  ,1.062336738733e-08  ,3.946215578758e-06  
  7.709034690641e+06  ,1.060395977854e-08  ,3.941674977335e-06  
  7.726805850953e+06  ,1.058467591924e-08  ,3.937139600383e-06  
  7.744617978022e+06  ,1.056551533001e-08  ,3.932609441891e-06  
  7.762471166283e+06  ,1.054647752920e-08  ,3.928084495855e-06  
  7.780365510394e+06  ,1.052756203298e-08  ,3.923564756278e-06  
  7.798301105229e+06  ,1.050876835545e-08  ,3.919050217170e-06  
  7.816278045880e+06  ,1.049009600865e-08  ,3.914540872549e-06  
  7.834296427658e+06  ,1.047154450267e-08  ,3.910036716437e-06  
  7.852356346097e+06  ,1.045311334570e-08  ,3.905537742866e-06  
  7.870457896947e+06  ,1.043480204414e-08  ,3.901043945873e-06  
  7.888601176182e+06  ,1.041661010259e-08  ,3.896555319503e-06  
  7.906786279994e+06  ,1.039853702399e-08  ,3.892071857807e-06  
  7.925013304801e+06  ,1.038058230966e-08  ,3.887593554842e-06  
  7.943282347239e+06  ,1.036274545933e-08  ,3.883120404675e-06  
  7.961593504169e+06  ,1.034502597129e-08  ,3.878652401376e-06  
  7.979946872676e+06  ,1.032742334236e-08  ,3.874189539023e-06  
  7.998342550066e+06  ,1.030993706803e-08  ,3.869731811704e-06  
  8.016780633873e+06  ,1.029256664246e-08  ,3.865279213509e-06  
  8.035261221852e+06  ,1.027531155860e-08  ,3.860831738537e-06  
  8.053784411987e+06  ,1.025817130821e-08  ,3.856389380895e-06  
  8.072350302485e+06  ,1.024114538193e-08  ,3.851952134695e-06  
  8.090958991780e+06  ,1.022423326936e-08  ,3.847519994056e-06  
  8.109610578535e+06  ,1.020743445912e-08  ,3.843092953104e-06  
  8.128305161637e+06  ,1.019074843885e-08  ,3.838671005972e-06  
  8.147042840205e+06  ,1.017417469535e-08  ,3.834254146800e-06  
  8.165823713582e+06  ,1.015771271459e-08  ,3.829842369733e-06  
  8.184647881344e+06  ,1.014136198179e-08  ,3.825435668926e-06  
  8.203515443294e+06  ,1.012512198144e-08  ,3.821034038537e-06  
  8.222426499467e+06  ,1.010899219740e-08  ,3.816637472733e-06  
  8.241381150126e+06  ,1.009297211293e-08  ,3.812245965688e-06  
  8.260379495768e+06  ,1.007706121074e-08  ,3.807859511580e-06  
  8.279421637119e+06  ,1.006125897307e-08  ,3.803478104598e-06  
  8.298507675140e+06  ,1.004556488169e-08  ,3.799101738933e-06  
  8.317637711023e+06  ,1.002997841804e-08  ,3.794730408787e-06  
  8.336811846192e+06  ,1.001449906317e-08  ,3.790364108365e-06  
  8.356030182309e+06  ,9.999126297894e-09  ,3.786002831880e-06  
  8.375292821265e+06  ,9.983859602762e-09  ,3.781646573554e-06  
  8.394599865190e+06  ,9.968698458160e-09  ,3.777295327611e-06  
  8.413951416448e+06  ,9.953642344326e-09  ,3.772949088287e-06  
  8.433347577639e+06  ,9.938690741417e-09  ,3.768607849819e-06  
  8.452788451599e+06  ,9.923843129546e-09  ,3.764271606456e-06  
  8.472274141402e+06  ,9.909098988840e-09  ,3.759940352449e-06  
  8.491804750359e+06  ,9.894457799461e-09  ,3.755614082059e-06  
  8.511380382020e+06  ,9.879919041676e-09  ,3.751292789552e-06  
  8.531001140172e+06  ,9.865482195894e-09  ,3.746976469200e-06  
  8.550667128843e+06  ,9.851146742696e-09  ,3.742665115284e-06  
  8.570378452300e+06  ,9.836912162896e-09  ,3.738358722089e-06  
  8.590135215050e+06  ,9.822777937572e-09  ,3.734057283908e-06  
  8.609937521842e+06  ,9.808743548105e-09  ,3.729760795040e-06  
  8.629785477666e+06  ,9.794808476234e-09  ,3.725469249790e-06  
  8.649679187753e+06  ,9.780972204070e-09  ,3.721182642472e-06  
  8.669618757578e+06  ,9.767234214171e-09  ,3.716900967404e-06  
  8.689604292859e+06  ,9.753593989543e-09  ,3.712624218911e-06  
  8.709635899557e+06  ,9.740051013695e-09  ,3.708352391325e-06  
  8.729713683877e+06  ,9.726604770690e-09  ,3.704085478985e-06  
  8.749837752270e+06  ,9.713254745152e-09  ,3.699823476235e-06  
  8.770008211432e+06  ,9.700000422322e-09  ,3.695566377428e-06  
  8.790225168305e+06  ,9.686841288088e-09  ,3.691314176920e-06  
  8.810488730076e+06  ,9.673776829018e-09  ,3.687066869076e-06  
  8.830799004181e+06  ,9.660806532388e-09  ,3.682824448268e-06  
  8.851156098304e+06  ,9.647929886233e-09  ,3.678586908872e-06  
  8.871560120375e+06  ,9.635146379354e-09  ,3.674354245272e-06  
  8.892011178575e+06  ,9.622455501374e-09  ,3.670126451859e-06  
  8.912509381333e+06  ,9.609856742749e-09  ,3.665903523029e-06  
  8.933054837329e+06  ,9.597349594817e-09  ,3.661685453186e-06  
  8.953647655492e+06  ,9.584933549812e-09  ,3.657472236739e-06  
  8.974287945003e+06  ,9.572608100898e-09  ,3.653263868104e-06  
  8.994975815296e+06  ,9.560372742204e-09  ,3.649060341704e-06  
  9.015711376055e+06  ,9.548226968846e-09  ,3.644861651967e-06  
  9.036494737219e+06  ,9.536170276950e-09  ,3.640667793329e-06  
  9.057326008978e+06  ,9.524202163694e-09  ,3.636478760232e-06  
  9.078205301778e+06  ,9.512322127316e-09  ,3.632294547123e-06  
  9.099132726318e+06  ,9.500529667150e-09  ,3.628115148458e-06  
  9.120108393555e+06  ,9.488824283655e-09  ,3.623940558696e-06  
  9.141132414698e+06  ,9.477205478424e-09  ,3.619770772305e-06  
  9.162204901216e+06  ,9.465672754221e-09  ,3.615605783760e-06  
  9.183325964831e+06  ,9.454225615009e-09  ,3.611445587538e-06  
  9.204495717527e+06  ,9.442863565953e-09  ,3.607290178128e-06  
  9.225714271543e+06  ,9.431586113458e-09  ,3.603139550022e-06  
  9.246981739378e+06  ,9.420392765194e-09  ,3.598993697717e-06  
  9.268298233789e+06  ,9.409283030099e-09  ,3.594852615721e-06  
  9.289663867795e+06  ,9.398256418417e-09  ,3.590716298544e-06  
  9.311078754674e+06  ,9.387312441714e-09  ,3.586584740705e-06  
  9.332543007965e+06  ,9.376450612887e-09  ,3.582457936727e-06  
  9.354056741471e+06  ,9.365670446205e-09  ,3.578335881141e-06  
  9.375620069254e+06  ,9.354971457301e-09  ,3.574218568484e-06  
  9.397233105642e+06  ,9.344353163218e-09  ,3.570105993298e-06  
  9.418895965224e+06  ,9.333815082399e-09  ,3.565998150135e-06  
  9.440608762855e+06  ,9.323356734730e-09  ,3.561895033548e-06  
  9.462371613653e+06  ,9.312977641538e-09  ,3.557796638100e-06  
  9.484184633004e+06  ,9.302677325612e-09  ,3.553702958359e-06  
  9.506047936558e+06  ,9.292455311227e-09  ,3.549613988900e-06  
  9.527961640232e+06  ,9.282311124156e-09  ,3.545529724302e-06  
  9.549925860210e+06  ,9.272244291671e-09  ,3.541450159154e-06  
  9.571940712944e+06  ,9.262254342582e-09  ,3.537375288048e-06  
  9.594006315155e+06  ,9.252340807231e-09  ,3.533305105583e-06  
  9.616122783832e+06  ,9.242503217518e-09  ,3.529239606365e-06  
  9.638290236235e+06  ,9.232741106904e-09  ,3.525178785005e-06  
  9.660508789893e+06  ,9.223054010436e-09  ,3.521122636122e-06  
  9.682778562608e+06  ,9.213441464747e-09  ,3.517071154340e-06  
  9.705099672450e+06  ,9.203903008076e-09  ,3.513024334289e-06  
  9.727472237765e+06  ,9.194438180286e-09  ,3.508982170606e-06  
  9.749896377169e+06  ,9.185046522855e-09  ,3.504944657932e-06  
  9.772372209553e+06  ,9.175727578907e-09  ,3.500911790917e-06  
  9.794899854082e+06  ,9.166480893212e-09  ,3.496883564217e-06  
  9.817479430195e+06  ,9.157306012204e-09  ,3.492859972491e-06  
  9.840111057607e+06  ,9.148202483982e-09  ,3.488841010408e-06  
  9.862794856307e+06  ,9.139169858323e-09  ,3.484826672640e-06  
  9.885530946565e+06  ,9.130207686693e-09  ,3.480816953868e-06  
  9.908319448923e+06  ,9.121315522261e-09  ,3.476811848776e-06  
  9.931160484205e+06  ,9.112492919894e-09  ,3.472811352057e-06  
  9.954054173510e+06  ,9.103739436178e-09  ,3.468815458408e-06  
  9.977000638221e+06  ,9.095054629414e-09  ,3.464824162534e-06  
  9.999999999995e+06  ,9.086438059642e-09  ,3.460837459144e-06  
  1.002305238077e+07  ,9.077889288629e-09  ,3.456855342955e-06  
  1.004615790278e+07  ,9.069407879892e-09  ,3.452877808688e-06  
  1.006931668851e+07  ,9.060993398698e-09  ,3.448904851072e-06  
  1.009252886076e+07  ,9.052645412068e-09  ,3.444936464842e-06  
  1.011579454259e+07  ,9.044363488787e-09  ,3.440972644737e-06  
  1.013911385736e+07  ,9.036147199409e-09  ,3.437013385505e-06  
  1.016248692870e+07  ,9.027996116259e-09  ,3.433058681897e-06  
  1.018591388054e+07  ,9.019909813448e-09  ,3.429108528673e-06  
  1.020939483707e+07  ,9.011887866866e-09  ,3.425162920596e-06  
  1.023292992280e+07  ,9.003929854192e-09  ,3.421221852438e-06  
  1.025651926251e+07  ,8.996035354903e-09  ,3.417285318974e-06  
  1.028016298126e+07  ,8.988203950271e-09  ,3.413353314988e-06  
  1.030386120441e+07  ,8.980435223370e-09  ,3.409425835268e-06  
  1.032761405761e+07  ,8.972728759080e-09  ,3.405502874609e-06  
  1.035142166679e+07  ,8.965084144087e-09  ,3.401584427811e-06  
  1.037528415818e+07  ,8.957500966897e-09  ,3.397670489681e-06  
  1.039920165829e+07  ,8.949978817821e-09  ,3.393761055031e-06  
  1.042317429393e+07  ,8.942517289000e-09  ,3.389856118680e-06  
  1.044720219220e+07  ,8.935115974384e-09  ,3.385955675453e-06  
  1.047128548050e+07  ,8.927774469755e-09  ,3.382059720179e-06  
  1.049542428652e+07  ,8.920492372713e-09  ,3.378168247695e-06  
  1.051961873823e+07  ,8.913269282693e-09  ,3.374281252843e-06  
  1.054386896391e+07  ,8.906104800952e-09  ,3.370398730472e-06  
  1.056817509213e+07  ,8.898998530580e-09  ,3.366520675436e-06  
  1.059253725177e+07  ,8.891950076503e-09  ,3.362647082595e-06  
  1.061695557198e+07  ,8.884959045473e-09  ,3.358777946815e-06  
  1.064143018224e+07  ,8.878025046078e-09  ,3.354913262967e-06  
  1.066596121230e+07  ,8.871147688744e-09  ,3.351053025930e-06  
  1.069054879222e+07  ,8.864326585731e-09  ,3.347197230587e-06  
  1.071519305237e+07  ,8.857561351132e-09  ,3.343345871827e-06  
  1.073989412341e+07  ,8.850851600877e-09  ,3.339498944547e-06  
  1.076465213629e+07  ,8.844196952734e-09  ,3.335656443648e-06  
  1.078946722229e+07  ,8.837597026304e-09  ,3.331818364036e-06  
  1.081433951297e+07  ,8.831051443028e-09  ,3.327984700625e-06  
  1.083926914021e+07  ,8.824559826178e-09  ,3.324155448333e-06  
  1.086425623617e+07  ,8.818121800863e-09  ,3.320330602086e-06  
  1.088930093333e+07  ,8.811736994023e-09  ,3.316510156814e-06  
  1.091440336448e+07  ,8.805405034437e-09  ,3.312694107453e-06  
  1.093956366272e+07  ,8.799125552710e-09  ,3.308882448945e-06  
  1.096478196143e+07  ,8.792898181282e-09  ,3.305075176240e-06  
  1.099005839432e+07  ,8.786722554421e-09  ,3.301272284289e-06  
  1.101539309541e+07  ,8.780598308220e-09  ,3.297473768054e-06  
  1.104078619902e+07  ,8.774525080606e-09  ,3.293679622500e-06  
  1.106623783977e+07  ,8.768502511324e-09  ,3.289889842597e-06  
  1.109174815262e+07  ,8.762530241947e-09  ,3.286104423323e-06  
  1.111731727281e+07  ,8.756607915865e-09  ,3.282323359661e-06  
  1.114294533591e+07  ,8.750735178289e-09  ,3.278546646599e-06  
  1.116863247780e+07  ,8.744911676247e-09  ,3.274774279132e-06  
  1.119437883467e+07  ,8.739137058583e-09  ,3.271006252259e-06  
  1.122018454301e+07  ,8.733410975949e-09  ,3.267242560988e-06  
  1.124604973966e+07  ,8.727733080811e-09  ,3.263483200328e-06  
  1.127197456175e+07  ,8.722103027436e-09  ,3.259728165298e-06  
  1.129795914672e+07  ,8.716520471905e-09  ,3.255977450920e-06  
  1.132400363235e+07  ,8.710985072087e-09  ,3.252231052224e-06  
  1.135010815672e+07  ,8.705496487660e-09  ,3.248488964243e-06  
  1.137627285823e+07  ,8.700054380094e-09  ,3.244751182019e-06  
  1.140249787561e+07  ,8.694658412650e-09  ,3.241017700597e-06  
  1.142878334789e+07  ,8.689308250375e-09  ,3.237288515029e-06  
  1.145512941445e+07  ,8.684003560109e-09  ,3.233563620371e-06  
  1.148153621496e+07  ,8.678744010468e-09  ,3.229843011688e-06  
  1.150800388944e+07  ,8.673529271848e-09  ,3.226126684048e-06  
  1.153453257821e+07  ,8.668359016419e-09  ,3.222414632524e-06  
  1.156112242192e+07  ,8.663232918124e-09  ,3.218706852198e-06  
  1.158777356155e+07  ,8.658150652669e-09  ,3.215003338154e-06  
  1.161448613840e+07  ,8.653111897529e-09  ,3.211304085485e-06  
  1.164126029410e+07  ,8.648116331938e-09  ,3.207609089286e-06  
  1.166809617060e+07  ,8.643163636879e-09  ,3.203918344662e-06  
  1.169499391019e+07  ,8.638253495093e-09  ,3.200231846719e-06  
  1.172195365548e+07  ,8.633385591066e-09  ,3.196549590572e-06  
  1.174897554939e+07  ,8.628559611024e-09  ,3.192871571341e-06  
  1.177605973520e+07  ,8.623775242935e-09  ,3.189197784150e-06  
  1.180320635651e+07  ,8.619032176501e-09  ,3.185528224131e-06  
  1.183041555725e+07  ,8.614330103152e-09  ,3.181862886419e-06  
  1.185768748167e+07  ,8.609668716047e-09  ,3.178201766156e-06  
  1.188502227436e+07  ,8.605047710059e-09  ,3.174544858491e-06  
  1.191242008027e+07  ,8.600466781782e-09  ,3.170892158576e-06  
  1.193988104464e+07  ,8.595925629518e-09  ,3.167243661569e-06  
  1.196740531307e+07  ,8.591423953280e-09  ,3.163599362635e-06  
  1.199499303149e+07  ,8.586961454781e-09  ,3.159959256945e-06  
  1.202264434617e+07  ,8.582537837426e-09  ,3.156323339672e-06  
  1.205035940371e+07  ,8.578152806315e-09  ,3.152691605999e-06  
  1.207813835106e+07  ,8.573806068238e-09  ,3.149064051111e-06  
  1.210598133550e+07  ,8.569497331664e-09  ,3.145440670200e-06  
  1.213388850464e+07  ,8.565226306738e-09  ,3.141821458465e-06  
  1.216186000646e+07  ,8.560992705277e-09  ,3.138206411108e-06  
  1.218989598924e+07  ,8.556796240767e-09  ,3.134595523337e-06  
  1.221799660164e+07  ,8.552636628351e-09  ,3.130988790367e-06  
  1.224616199264e+07  ,8.548513584830e-09  ,3.127386207418e-06  
  1.227439231158e+07  ,8.544426828655e-09  ,3.123787769714e-06  
  1.230268770812e+07  ,8.540376079925e-09  ,3.120193472486e-06  
  1.233104833228e+07  ,8.536361060374e-09  ,3.116603310969e-06  
  1.235947433444e+07  ,8.532381493374e-09  ,3.113017280407e-06  
  1.238796586530e+07  ,8.528437103925e-09  ,3.109435376045e-06  
  1.241652307592e+07  ,8.524527618650e-09  ,3.105857593136e-06  
  1.244514611771e+07  ,8.520652765789e-09  ,3.102283926938e-06  
  1.247383514242e+07  ,8.516812275199e-09  ,3.098714372714e-06  
  1.250259030217e+07  ,8.513005878334e-09  ,3.095148925734e-06  
  1.253141174941e+07  ,8.509233308260e-09  ,3.091587581271e-06  
  1.256029963694e+07  ,8.505494299633e-09  ,3.088030334605e-06  
  1.258925411794e+07  ,8.501788588696e-09  ,3.084477181022e-06  
  1.261827534590e+07  ,8.498115913279e-09  ,3.080928115812e-06  
  1.264736347471e+07  ,8.494476012790e-09  ,3.077383134271e-06  
  1.267651865857e+07  ,8.490868628210e-09  ,3.073842231700e-06  
  1.270574105208e+07  ,8.487293502085e-09  ,3.070305403407e-06  
  1.273503081016e+07  ,8.483750378519e-09  ,3.066772644702e-06  
  1.276438808811e+07  ,8.480239003178e-09  ,3.063243950905e-06  
  1.279381304157e+07  ,8.476759123269e-09  ,3.059719317338e-06  
  1.282330582655e+07  ,8.473310487545e-09  ,3.056198739329e-06  
  1.285286659943e+07  ,8.469892846299e-09  ,3.052682212213e-06  
  1.288249551693e+07  ,8.466505951349e-09  ,3.049169731327e-06  
  1.291219273613e+07  ,8.463149556038e-09  ,3.045661292017e-06  
  1.294195841449e+07  ,8.459823415235e-09  ,3.042156889633e-06  
  1.297179270983e+07  ,8.456527285315e-09  ,3.038656519530e-06  
  1.300169578033e+07  ,8.453260924163e-09  ,3.035160177067e-06  
  1.303166778452e+07  ,8.450024091163e-09  ,3.031667857612e-06  
  1.306170888131e+07  ,8.446816547195e-09  ,3.028179556536e-06  
  1.309181922999e+07  ,8.443638054624e-09  ,3.024695269214e-06  
  1.312199899019e+07  ,8.440488377302e-09  ,3.021214991028e-06  
  1.315224832192e+07  ,8.437367280555e-09  ,3.017738717367e-06  
  1.318256738556e+07  ,8.434274531179e-09  ,3.014266443621e-06  
  1.321295634186e+07  ,8.431209897433e-09  ,3.010798165190e-06  
  1.324341535194e+07  ,8.428173149035e-09  ,3.007333877476e-06  
  1.327394457729e+07  ,8.425164057156e-09  ,3.003873575887e-06  
  1.330454417977e+07  ,8.422182394407e-09  ,3.000417255837e-06  
  1.333521432163e+07  ,8.419227934844e-09  ,2.996964912745e-06  
  1.336595516546e+07  ,8.416300453951e-09  ,2.993516542035e-06  
  1.339676687425e+07  ,8.413399728642e-09  ,2.990072139137e-06  
  1.342764961137e+07  ,8.410525537251e-09  ,2.986631699485e-06  
  1.345860354055e+07  ,8.407677659523e-09  ,2.983195218519e-06  
  1.348962882591e+07  ,8.404855876613e-09  ,2.979762691684e-06  
  1.352072563194e+07  ,8.402059971078e-09  ,2.976334114432e-06  
  1.355189412350e+07  ,8.399289726869e-09  ,2.972909482216e-06  
  1.358313446586e+07  ,8.396544929327e-09  ,2.969488790499e-06  
  1.361444682465e+07  ,8.393825365174e-09  ,2.966072034746e-06  
  1.364583136588e+07  ,8.391130822510e-09  ,2.962659210429e-06  
  1.367728825595e+07  ,8.388461090804e-09  ,2.959250313024e-06  
  1.370881766164e+07  ,8.385815960890e-09  ,2.955845338013e-06  
  1.374041975012e+07  ,8.383195224957e-09  ,2.952444280884e-06  
  1.377209468893e+07  ,8.380598676547e-09  ,2.949047137127e-06  
  1.380384264602e+07  ,8.378026110547e-09  ,2.945653902240e-06  
  1.383566378971e+07  ,8.375477323180e-09  ,2.942264571727e-06  
  1.386755828871e+07  ,8.372952112004e-09  ,2.938879141094e-06  
  1.389952631213e+07  ,8.370450275902e-09  ,2.935497605855e-06  
  1.393156802945e+07  ,8.367971615075e-09  ,2.932119961526e-06  
  1.396368361055e+07  ,8.365515931037e-09  ,2.928746203633e-06  
  1.399587322572e+07  ,8.363083026611e-09  ,2.925376327702e-06  
  1.402813704561e+07  ,8.360672705920e-09  ,2.922010329268e-06  
  1.406047524129e+07  ,8.358284774378e-09  ,2.918648203868e-06  
  1.409288798421e+07  ,8.355919038692e-09  ,2.915289947047e-06  
  1.412537544622e+07  ,8.353575306846e-09  ,2.911935554354e-06  
  1.415793779956e+07  ,8.351253388101e-09  ,2.908585021342e-06  
  1.419057521688e+07  ,8.348953092987e-09  ,2.905238343570e-06  
  1.422328787122e+07  ,8.346674233295e-09  ,2.901895516604e-06  
  1.425607593601e+07  ,8.344416622076e-09  ,2.898556536011e-06  
  1.428893958510e+07  ,8.342180073625e-09  ,2.895221397366e-06  
  1.432187899273e+07  ,8.339964403486e-09  ,2.891890096250e-06  
  1.435489433353e+07  ,8.337769428437e-09  ,2.888562628246e-06  
  1.438798578255e+07  ,8.335594966488e-09  ,2.885238988944e-06  
  1.442115351524e+07  ,8.333440836875e-09  ,2.881919173939e-06  
  1.445439770745e+07  ,8.331306860049e-09  ,2.878603178830e-06  
  1.448771853544e+07  ,8.329192857677e-09  ,2.875290999223e-06  
  1.452111617587e+07  ,8.327098652629e-09  ,2.871982630727e-06  
  1.455459080581e+07  ,8.325024068977e-09  ,2.868678068958e-06  
  1.458814260275e+07  ,8.322968931984e-09  ,2.865377309535e-06  
  1.462177174456e+07  ,8.320933068100e-09  ,2.862080348083e-06  
  1.465547840955e+07  ,8.318916304959e-09  ,2.858787180233e-06  
  1.468926277643e+07  ,8.316918471364e-09  ,2.855497801619e-06  
  1.472312502432e+07  ,8.314939397294e-09  ,2.852212207883e-06  
  1.475706533275e+07  ,8.312978913882e-09  ,2.848930394667e-06  
  1.479108388167e+07  ,8.311036853424e-09  ,2.845652357624e-06  
  1.482518085145e+07  ,8.309113049360e-09  ,2.842378092408e-06  
  1.485935642286e+07  ,8.307207336275e-09  ,2.839107594680e-06  
  1.489361077710e+07  ,8.305319549896e-09  ,2.835840860104e-06  
  1.492794409578e+07  ,8.303449527073e-09  ,2.832577884350e-06  
  1.496235656094e+07  ,8.301597105789e-09  ,2.829318663094e-06  
  1.499684835502e+07  ,8.299762125140e-09  ,2.826063192016e-06  
  1.503141966089e+07  ,8.297944425336e-09  ,2.822811466801e-06  
  1.506607066186e+07  ,8.296143847697e-09  ,2.819563483138e-06  
  1.510080154163e+07  ,8.294360234638e-09  ,2.816319236724e-06  
  1.513561248435e+07  ,8.292593429672e-09  ,2.813078723257e-06  
  1.517050367459e+07  ,8.290843277398e-09  ,2.809841938443e-06  
  1.520547529732e+07  ,8.289109623500e-09  ,2.806608877991e-06  
  1.524052753797e+07  ,8.287392314735e-09  ,2.803379537617e-06  
  1.527566058237e+07  ,8.285691198932e-09  ,2.800153913039e-06  
  1.531087461681e+07  ,8.284006124982e-09  ,2.796931999983e-06  
  1.534616982799e+07  ,8.282336942836e-09  ,2.793713794179e-06  
  1.538154640302e+07  ,8.280683503495e-09  ,2.790499291360e-06  
  1.541700452949e+07  ,8.279045659007e-09  ,2.787288487265e-06  
  1.545254439538e+07  ,8.277423262460e-09  ,2.784081377640e-06  
  1.548816618912e+07  ,8.275816167973e-09  ,2.780877958233e-06  
  1.552387009957e+07  ,8.274224230699e-09  ,2.777678224799e-06  
  1.555965631604e+07  ,8.272647306805e-09  ,2.774482173096e-06  
  1.559552502826e+07  ,8.271085253481e-09  ,2.771289798888e-06  
  1.563147642640e+07  ,8.269537928922e-09  ,2.768101097943e-06  
  1.566751070107e+07  ,8.268005192331e-09  ,2.764916066036e-06  
  1.570362804333e+07  ,8.266486903906e-09  ,2.761734698945e-06  
  1.573982864465e+07  ,8.264982924839e-09  ,2.758556992453e-06  
  1.577611269699e+07  ,8.263493117309e-09  ,2.755382942348e-06  
  1.581248039270e+07  ,8.262017344475e-09  ,2.752212544423e-06  
  1.584893192460e+07  ,8.260555470469e-09  ,2.749045794476e-06  
  1.588546748597e+07  ,8.259107360396e-09  ,2.745882688309e-06  
  1.592208727050e+07  ,8.257672880320e-09  ,2.742723221730e-06  
  1.595879147236e+07  ,8.256251897265e-09  ,2.739567390552e-06  
  1.599558028614e+07  ,8.254844279205e-09  ,2.736415190591e-06  
  1.603245390689e+07  ,8.253449895062e-09  ,2.733266617669e-06  
  1.606941253012e+07  ,8.252068614696e-09  ,2.730121667613e-06  
  1.610645635177e+07  ,8.250700308902e-09  ,2.726980336255e-06  
  1.614358556826e+07  ,8.249344849404e-09  ,2.723842619431e-06  
  1.618080037642e+07  ,8.248002108849e-09  ,2.720708512982e-06  
  1.621810097358e+07  ,8.246671960800e-09  ,2.717578012754e-06  
  1.625548755750e+07  ,8.245354279735e-09  ,2.714451114597e-06  
  1.629296032639e+07  ,8.244048941034e-09  ,2.711327814367e-06  
  1.633051947894e+07  ,8.242755820979e-09  ,2.708208107925e-06  
  1.636816521427e+07  ,8.241474796749e-09  ,2.705091991135e-06  
  1.640589773199e+07  ,8.240205746409e-09  ,2.701979459866e-06  
  1.644371723214e+07  ,8.238948548908e-09  ,2.698870509995e-06  
  1.648162391525e+07  ,8.237703084076e-09  ,2.695765137399e-06  
  1.651961798228e+07  ,8.236469232613e-09  ,2.692663337963e-06  
  1.655769963469e+07  ,8.235246876087e-09  ,2.689565107575e-06  
  1.659586907437e+07  ,8.234035896925e-09  ,2.686470442129e-06  
  1.663412650369e+07  ,8.232836178416e-09  ,2.683379337523e-06  
  1.667247212550e+07  ,8.231647604695e-09  ,2.680291789660e-06  
  1.671090614310e+07  ,8.230470060741e-09  ,2.677207794447e-06  
  1.674942876026e+07  ,8.229303432379e-09  ,2.674127347798e-06  
  1.678804018122e+07  ,8.228147606261e-09  ,2.671050445628e-06  
  1.682674061070e+07  ,8.227002469873e-09  ,2.667977083860e-06  
  1.686553025388e+07  ,8.225867911525e-09  ,2.664907258419e-06  
  1.690440931642e+07  ,8.224743820341e-09  ,2.661840965238e-06  
  1.694337800446e+07  ,8.223630086262e-09  ,2.658778200252e-06  
  1.698243652461e+07  ,8.222526600035e-09  ,2.655718959401e-06  
  1.702158508394e+07  ,8.221433253209e-09  ,2.652663238630e-06  
  1.706082389002e+07  ,8.220349938133e-09  ,2.649611033890e-06  
  1.710015315089e+07  ,8.219276547945e-09  ,2.646562341134e-06  
  1.713957307508e+07  ,8.218212976570e-09  ,2.643517156322e-06  
  1.717908387157e+07  ,8.217159118715e-09  ,2.640475475417e-06  
  1.721868574985e+07  ,8.216114869865e-09  ,2.637437294388e-06  
  1.725837891989e+07  ,8.215080126273e-09  ,2.634402609208e-06  
  1.729816359214e+07  ,8.214054784961e-09  ,2.631371415855e-06  
  1.733803997753e+07  ,8.213038743709e-09  ,2.628343710310e-06  
  1.737800828749e+07  ,8.212031901056e-09  ,2.625319488561e-06  
  1.741806873391e+07  ,8.211034156290e-09  ,2.622298746600e-06  
  1.745822152920e+07  ,8.210045409444e-09  ,2.619281480422e-06  
  1.749846688624e+07  ,8.209065561292e-09  ,2.616267686028e-06  
  1.753880501841e+07  ,8.208094513345e-09  ,2.613257359424e-06  
  1.757923613958e+07  ,8.207132167844e-09  ,2.610250496619e-06  
  1.761976046411e+07  ,8.206178427755e-09  ,2.607247093628e-06  
  1.766037820685e+07  ,8.205233196764e-09  ,2.604247146470e-06  
  1.770108958317e+07  ,8.204296379274e-09  ,2.601250651169e-06  
  1.774189480889e+07  ,8.203367880399e-09  ,2.598257603753e-06  
  1.778279410038e+07  ,8.202447605958e-09  ,2.595268000255e-06  
  1.782378767447e+07  ,8.201535462473e-09  ,2.592281836712e-06  
  1.786487574851e+07  ,8.200631357159e-09  ,2.589299109167e-06  
  1.790605854034e+07  ,8.199735197924e-09  ,2.586319813666e-06  
  1.794733626832e+07  ,8.198846893363e-09  ,2.583343946259e-06  
  1.798870915128e+07  ,8.197966352753e-09  ,2.580371503003e-06  
  1.803017740859e+07  ,8.197093486047e-09  ,2.577402479958e-06  
  1.807174126010e+07  ,8.196228203870e-09  ,2.574436873188e-06  
  1.811340092619e+07  ,8.195370417516e-09  ,2.571474678762e-06  
  1.815515662772e+07  ,8.194520038940e-09  ,2.568515892755e-06  
  1.819700858609e+07  ,8.193676980758e-09  ,2.565560511245e-06  
  1.823895702319e+07  ,8.192841156236e-09  ,2.562608530313e-06  
  1.828100216142e+07  ,8.192012479289e-09  ,2.559659946049e-06  
  1.832314422370e+07  ,8.191190864480e-09  ,2.556714754542e-06  
  1.836538343347e+07  ,8.190376227009e-09  ,2.553772951891e-06  
  1.840772001468e+07  ,8.189568482711e-09  ,2.550834534194e-06  
  1.845015419179e+07  ,8.188767548050e-09  ,2.547899497559e-06  
  1.849268618977e+07  ,8.187973340119e-09  ,2.544967838093e-06  
  1.853531623414e+07  ,8.187185776630e-09  ,2.542039551912e-06  
  1.857804455091e+07  ,8.186404775915e-09  ,2.539114635135e-06  
  1.862087136662e+07  ,8.185630256913e-09  ,2.536193083884e-06  
  1.866379690834e+07  ,8.184862139178e-09  ,2.533274894287e-06  
  1.870682140365e+07  ,8.184100342861e-09  ,2.530360062475e-06  
  1.874994508066e+07  ,8.183344788716e-09  ,2.527448584587e-06  
  1.879316816802e+07  ,8.182595398090e-09  ,2.524540456762e-06  
  1.883649089489e+07  ,8.181852092922e-09  ,2.521635675146e-06  
  1.887991349095e+07  ,8.181114795736e-09  ,2.518734235888e-06  
  1.892343618644e+07  ,8.180383429638e-09  ,2.515836135143e-06  
  1.896705921210e+07  ,8.179657918310e-09  ,2.512941369070e-06  
  1.901078279922e+07  ,8.178938186010e-09  ,2.510049933832e-06  
  1.905460717962e+07  ,8.178224157563e-09  ,2.507161825596e-06  
  1.909853258565e+07  ,8.177515758358e-09  ,2.504277040534e-06  
  1.914255925020e+07  ,8.176812914346e-09  ,2.501395574823e-06  
  1.918668740669e+07  ,8.176115552033e-09  ,2.498517424643e-06  
  1.923091728909e+07  ,8.175423598477e-09  ,2.495642586179e-06  
  1.927524913190e+07  ,8.174736981286e-09  ,2.492771055621e-06  
  1.931968317016e+07  ,8.174055628609e-09  ,2.489902829163e-06  
  1.936421963946e+07  ,8.173379469135e-09  ,2.487037903003e-06  
  1.940885877592e+07  ,8.172708432091e-09  ,2.484176273344e-06  
  1.945360081622e+07  ,8.172042447232e-09  ,2.481317936392e-06  
  1.949844599757e+07  ,8.171381444843e-09  ,2.478462888359e-06  
  1.954339455774e+07  ,8.170725355732e-09  ,2.475611125461e-06  
  1.958844673505e+07  ,8.170074111224e-09  ,2.472762643918e-06  
  1.963360276835e+07  ,8.169427643162e-09  ,2.469917439954e-06  
  1.967886289706e+07  ,8.168785883901e-09  ,2.467075509799e-06  
  1.972422736114e+07  ,8.168148766301e-09  ,2.464236849684e-06  
  1.976969640111e+07  ,8.167516223725e-09  ,2.461401455849e-06  
  1.981527025804e+07  ,8.166888190040e-09  ,2.458569324534e-06  
  1.986094917356e+07  ,8.166264599605e-09  ,2.455740451985e-06  
  1.990673338986e+07  ,8.165645387271e-09  ,2.452914834453e-06  
  1.995262314968e+07  ,8.165030488378e-09  ,2.450092468194e-06  
  1.999861869632e+07  ,8.164419838751e-09  ,2.447273349465e-06  
  2.004472027364e+07  ,8.163813374694e-09  ,2.444457474530e-06  
  2.009092812608e+07  ,8.163211032988e-09  ,2.441644839657e-06  
  2.013724249861e+07  ,8.162612750887e-09  ,2.438835441118e-06  
  2.018366363681e+07  ,8.162018466114e-09  ,2.436029275188e-06  
  2.023019178677e+07  ,8.161428116858e-09  ,2.433226338150e-06  
  2.027682719520e+07  ,8.160841641769e-09  ,2.430426626286e-06  
  2.032357010935e+07  ,8.160258979955e-09  ,2.427630135888e-06  
  2.037042077705e+07  ,8.159680070979e-09  ,2.424836863247e-06  
  2.041737944669e+07  ,8.159104854854e-09  ,2.422046804661e-06  
  2.046444636724e+07  ,8.158533272041e-09  ,2.419259956432e-06  
  2.051162178825e+07  ,8.157965263444e-09  ,2.416476314867e-06  
  2.055890595983e+07  ,8.157400770406e-09  ,2.413695876276e-06  
  2.060629913269e+07  ,8.156839734708e-09  ,2.410918636973e-06  
  2.065380155810e+07  ,8.156282098564e-09  ,2.408144593277e-06  
  2.070141348790e+07  ,8.155727804614e-09  ,2.405373741512e-06  
  2.074913517454e+07  ,8.155176795929e-09  ,2.402606078004e-06  
  2.079696687103e+07  ,8.154629015998e-09  ,2.399841599086e-06  
  2.084490883096e+07  ,8.154084408731e-09  ,2.397080301093e-06  
  2.089296130853e+07  ,8.153542918453e-09  ,2.394322180364e-06  
  2.094112455850e+07  ,8.153004489901e-09  ,2.391567233245e-06  
  2.098939883622e+07  ,8.152469068221e-09  ,2.388815456083e-06  
  2.103778439765e+07  ,8.151936598963e-09  ,2.386066845232e-06  
  2.108628149932e+07  ,8.151407028080e-09  ,2.383321397047e-06  
  2.113489039836e+07  ,8.150880301924e-09  ,2.380579107891e-06  
  2.118361135247e+07  ,8.150356367241e-09  ,2.377839974127e-06  
  2.123244461999e+07  ,8.149835171169e-09  ,2.375103992127e-06  
  2.128139045982e+07  ,8.149316661236e-09  ,2.372371158262e-06  
  2.133044913146e+07  ,8.148800785355e-09  ,2.369641468911e-06  
  2.137962089501e+07  ,8.148287491818e-09  ,2.366914920456e-06  
  2.142890601119e+07  ,8.147776729301e-09  ,2.364191509282e-06  
  2.147830474129e+07  ,8.147268446852e-09  ,2.361471231781e-06  
  2.152781734723e+07  ,8.146762593893e-09  ,2.358754084346e-06  
  2.157744409152e+07  ,8.146259120216e-09  ,2.356040063375e-06  
  2.162718523726e+07  ,8.145757975977e-09  ,2.353329165272e-06  
  2.167704104819e+07  ,8.145259111697e-09  ,2.350621386443e-06  
  2.172701178863e+07  ,8.144762478256e-09  ,2.347916723300e-06  
  2.177709772352e+07  ,8.144268026890e-09  ,2.345215172256e-06  
  2.182729911842e+07  ,8.143775709192e-09  ,2.342516729732e-06  
  2.187761623948e+07  ,8.143285477103e-09  ,2.339821392151e-06  
  2.192804935349e+07  ,8.142797282912e-09  ,2.337129155939e-06  
  2.197859872784e+07  ,8.142311079253e-09  ,2.334440017530e-06  
  2.202926463052e+07  ,8.141826819101e-09  ,2.331753973357e-06  
  2.208004733018e+07  ,8.141344455772e-09  ,2.329071019862e-06  
  2.213094709605e+07  ,8.140863942915e-09  ,2.326391153487e-06  
  2.218196419799e+07  ,8.140385234513e-09  ,2.323714370681e-06  
  2.223309890650e+07  ,8.139908284878e-09  ,2.321040667896e-06  
  2.228435149269e+07  ,8.139433048651e-09  ,2.318370041587e-06  
  2.233572222829e+07  ,8.138959480795e-09  ,2.315702488216e-06  
  2.238721138567e+07  ,8.138487536595e-09  ,2.313038004245e-06  
  2.243881923782e+07  ,8.138017171654e-09  ,2.310376586144e-06  
  2.249054605835e+07  ,8.137548341891e-09  ,2.307718230385e-06  
  2.254239212151e+07  ,8.137081003537e-09  ,2.305062933444e-06  
  2.259435770220e+07  ,8.136615113133e-09  ,2.302410691802e-06  
  2.264644307592e+07  ,8.136150627528e-09  ,2.299761501943e-06  
  2.269864851883e+07  ,8.135687503873e-09  ,2.297115360356e-06  
  2.275097430771e+07  ,8.135225699623e-09  ,2.294472263534e-06  
  2.280342071999e+07  ,8.134765172532e-09  ,2.291832207973e-06  
  2.285598803374e+07  ,8.134305880647e-09  ,2.289195190173e-06  
  2.290867652767e+07  ,8.133847782311e-09  ,2.286561206640e-06  
  2.296148648111e+07  ,8.133390836157e-09  ,2.283930253882e-06  
  2.301441817407e+07  ,8.132935001107e-09  ,2.281302328412e-06  
  2.306747188719e+07  ,8.132480236366e-09  ,2.278677426747e-06  
  2.312064790174e+07  ,8.132026501425e-09  ,2.276055545407e-06  
  2.317394649967e+07  ,8.131573756051e-09  ,2.273436680918e-06  
  2.322736796356e+07  ,8.131121960294e-09  ,2.270820829808e-06  
  2.328091257664e+07  ,8.130671074473e-09  ,2.268207988609e-06  
  2.333458062280e+07  ,8.130221059185e-09  ,2.265598153859e-06  
  2.338837238658e+07  ,8.129771875292e-09  ,2.262991322098e-06  
  2.344228815319e+07  ,8.129323483927e-09  ,2.260387489872e-06  
  2.349632820847e+07  ,8.128875846485e-09  ,2.257786653727e-06  
  2.355049283895e+07  ,8.128428924625e-09  ,2.255188810219e-06  
  2.360478233179e+07  ,8.127982680267e-09  ,2.252593955902e-06  
  2.365919697485e+07  ,8.127537075585e-09  ,2.250002087337e-06  
  2.371373705660e+07  ,8.127092073010e-09  ,2.247413201090e-06  
  2.376840286624e+07  ,8.126647635226e-09  ,2.244827293728e-06  
  2.382319469357e+07  ,8.126203725165e-09  ,2.242244361825e-06  
  2.387811282912e+07  ,8.125760306009e-09  ,2.239664401956e-06  
  2.393315756404e+07  ,8.125317341184e-09  ,2.237087410701e-06  
  2.398832919018e+07  ,8.124874794359e-09  ,2.234513384646e-06  
  2.404362800006e+07  ,8.124432629443e-09  ,2.231942320377e-06  
  2.409905428685e+07  ,8.123990810584e-09  ,2.229374214488e-06  
  2.415460834444e+07  ,8.123549302166e-09  ,2.226809063575e-06  
  2.421029046735e+07  ,8.123108068806e-09  ,2.224246864237e-06  
  2.426610095081e+07  ,8.122667075352e-09  ,2.221687613078e-06  
  2.432204009073e+07  ,8.122226286882e-09  ,2.219131306705e-06  
  2.437810818368e+07  ,8.121785668700e-09  ,2.216577941732e-06  
  2.443430552693e+07  ,8.121345186334e-09  ,2.214027514773e-06  
  2.449063241844e+07  ,8.120904805536e-09  ,2.211480022447e-06  
  2.454708915684e+07  ,8.120464492276e-09  ,2.208935461378e-06  
  2.460367604146e+07  ,8.120024212743e-09  ,2.206393828194e-06  
  2.466039337233e+07  ,8.119583933341e-09  ,2.203855119525e-06  
  2.471724145015e+07  ,8.119143620689e-09  ,2.201319332007e-06  
  2.477422057632e+07  ,8.118703241614e-09  ,2.198786462278e-06  
  2.483133105294e+07  ,8.118262763155e-09  ,2.196256506981e-06  
  2.488857318281e+07  ,8.117822152558e-09  ,2.193729462762e-06  
  2.494594726942e+07  ,8.117381377272e-09  ,2.191205326273e-06  
  2.500345361695e+07  ,8.116940404950e-09  ,2.188684094167e-06  
  2.506109253031e+07  ,8.116499203446e-09  ,2.186165763102e-06  
  2.511886431508e+07  ,8.116057740812e-09  ,2.183650329742e-06  
  2.517676927758e+07  ,8.115615985296e-09  ,2.181137790750e-06  
  2.523480772479e+07  ,8.115173905343e-09  ,2.178628142798e-06  
  2.529297996445e+07  ,8.114731469587e-09  ,2.176121382558e-06  
  2.535128630497e+07  ,8.114288646856e-09  ,2.173617506709e-06  
  2.540972705548e+07  ,8.113845406163e-09  ,2.171116511930e-06  
  2.546830252584e+07  ,8.113401716710e-09  ,2.168618394908e-06  
  2.552701302660e+07  ,8.112957547882e-09  ,2.166123152330e-06  
  2.558585886904e+07  ,8.112512869248e-09  ,2.163630780890e-06  
  2.564484036516e+07  ,8.112067650557e-09  ,2.161141277284e-06  
  2.570395782768e+07  ,8.111621861736e-09  ,2.158654638213e-06  
  2.576321157001e+07  ,8.111175472889e-09  ,2.156170860379e-06  
  2.582260190633e+07  ,8.110728454295e-09  ,2.153689940492e-06  
  2.588212915152e+07  ,8.110280776406e-09  ,2.151211875262e-06  
  2.594179362118e+07  ,8.109832409845e-09  ,2.148736661405e-06  
  2.600159563164e+07  ,8.109383325404e-09  ,2.146264295640e-06  
  2.606153549998e+07  ,8.108933494043e-09  ,2.143794774690e-06  
  2.612161354398e+07  ,8.108482886886e-09  ,2.141328095282e-06  
  2.618183008218e+07  ,8.108031475223e-09  ,2.138864254146e-06  
  2.624218543383e+07  ,8.107579230503e-09  ,2.136403248017e-06  
  2.630267991894e+07  ,8.107126124337e-09  ,2.133945073632e-06  
  2.636331385824e+07  ,8.106672128493e-09  ,2.131489727734e-06  
  2.642408757321e+07  ,8.106217214897e-09  ,2.129037207067e-06  
  2.648500138605e+07  ,8.105761355628e-09  ,2.126587508381e-06  
  2.654605561974e+07  ,8.105304522919e-09  ,2.124140628428e-06  
  2.660725059797e+07  ,8.104846689154e-09  ,2.121696563967e-06  
  2.666858664520e+07  ,8.104387826866e-09  ,2.119255311756e-06  
  2.673006408662e+07  ,8.103927908735e-09  ,2.116816868561e-06  
  2.679168324818e+07  ,8.103466907590e-09  ,2.114381231148e-06  
  2.685344445657e+07  ,8.103004796401e-09  ,2.111948396291e-06  
  2.691534803926e+07  ,8.102541548282e-09  ,2.109518360763e-06  
  2.697739432444e+07  ,8.102077136488e-09  ,2.107091121345e-06  
  2.703958364107e+07  ,8.101611534414e-09  ,2.104666674818e-06  
  2.710191631889e+07  ,8.101144715592e-09  ,2.102245017970e-06  
  2.716439268838e+07  ,8.100676653689e-09  ,2.099826147590e-06  
  2.722701308077e+07  ,8.100207322508e-09  ,2.097410060472e-06  
  2.728977782807e+07  ,8.099736695984e-09  ,2.094996753414e-06  
  2.735268726305e+07  ,8.099264748183e-09  ,2.092586223217e-06  
  2.741574171926e+07  ,8.098791453302e-09  ,2.090178466685e-06  
  2.747894153101e+07  ,8.098316785665e-09  ,2.087773480628e-06  
  2.754228703337e+07  ,8.097840719722e-09  ,2.085371261858e-06  
  2.760577856219e+07  ,8.097363230048e-09  ,2.082971807190e-06  
  2.766941645410e+07  ,8.096884291343e-09  ,2.080575113445e-06  
  2.773320104650e+07  ,8.096403878427e-09  ,2.078181177444e-06  
  2.779713267758e+07  ,8.095921966241e-09  ,2.075789996016e-06  
  2.786121168628e+07  ,8.095438529845e-09  ,2.073401565991e-06  
  2.792543841236e+07  ,8.094953544416e-09  ,2.071015884202e-06  
  2.798981319633e+07  ,8.094466985247e-09  ,2.068632947489e-06  
  2.805433637950e+07  ,8.093978827745e-09  ,2.066252752691e-06  
  2.811900830398e+07  ,8.093489047431e-09  ,2.063875296655e-06  
  2.818382931263e+07  ,8.092997619937e-09  ,2.061500576229e-06  
  2.824879974914e+07  ,8.092504521003e-09  ,2.059128588265e-06  
  2.831391995798e+07  ,8.092009726481e-09  ,2.056759329619e-06  
  2.837919028440e+07  ,8.091513212327e-09  ,2.054392797151e-06  
  2.844461107446e+07  ,8.091014954604e-09  ,2.052028987725e-06  
  2.851018267502e+07  ,8.090514929481e-09  ,2.049667898206e-06  
  2.857590543374e+07  ,8.090013113227e-09  ,2.047309525466e-06  
  2.864177969905e+07  ,8.089509482214e-09  ,2.044953866378e-06  
  2.870780582023e+07  ,8.089004012914e-09  ,2.042600917820e-06  
  2.877398414734e+07  ,8.088496681898e-09  ,2.040250676673e-06  
  2.884031503125e+07  ,8.087987465834e-09  ,2.037903139823e-06  
  2.890679882364e+07  ,8.087476341487e-09  ,2.035558304156e-06  
  2.897343587700e+07  ,8.086963285716e-09  ,2.033216166566e-06  
  2.904022654463e+07  ,8.086448275473e-09  ,2.030876723948e-06  
  2.910717118065e+07  ,8.085931287804e-09  ,2.028539973200e-06  
  2.917427014000e+07  ,8.085412299844e-09  ,2.026205911226e-06  
  2.924152377842e+07  ,8.084891288818e-09  ,2.023874534932e-06  
  2.930893245249e+07  ,8.084368232041e-09  ,2.021545841228e-06  
  2.937649651960e+07  ,8.083843106911e-09  ,2.019219827027e-06  
  2.944421633797e+07  ,8.083315890917e-09  ,2.016896489245e-06  
  2.951209226665e+07  ,8.082786561628e-09  ,2.014575824804e-06  
  2.958012466550e+07  ,8.082255096700e-09  ,2.012257830628e-06  
  2.964831389523e+07  ,8.081721473867e-09  ,2.009942503643e-06  
  2.971666031737e+07  ,8.081185670946e-09  ,2.007629840781e-06  
  2.978516429428e+07  ,8.080647665835e-09  ,2.005319838976e-06  
  2.985382618916e+07  ,8.080107436507e-09  ,2.003012495168e-06  
  2.992264636607e+07  ,8.079564961016e-09  ,2.000707806296e-06  
  2.999162518986e+07  ,8.079020217489e-09  ,1.998405769307e-06  
  3.006076302627e+07  ,8.078473184128e-09  ,1.996106381149e-06  
  3.013006024185e+07  ,8.077923839210e-09  ,1.993809638775e-06  
  3.019951720400e+07  ,8.077372161085e-09  ,1.991515539140e-06  
  3.026913428100e+07  ,8.076818128172e-09  ,1.989224079202e-06  
  3.033891184193e+07  ,8.076261718961e-09  ,1.986935255926e-06  
  3.040885025675e+07  ,8.075702912013e-09  ,1.984649066277e-06  
  3.047894989626e+07  ,8.075141685955e-09  ,1.982365507225e-06  
  3.054921113214e+07  ,8.074578019480e-09  ,1.980084575743e-06  
  3.061963433689e+07  ,8.074011891349e-09  ,1.977806268807e-06  
  3.069021988390e+07  ,8.073443280387e-09  ,1.975530583398e-06  
  3.076096814739e+07  ,8.072872165480e-09  ,1.973257516500e-06  
  3.083187950248e+07  ,8.072298525581e-09  ,1.970987065099e-06  
  3.090295432512e+07  ,8.071722339700e-09  ,1.968719226186e-06  
  3.097419299215e+07  ,8.071143586909e-09  ,1.966453996755e-06  
  3.104559588127e+07  ,8.070562246341e-09  ,1.964191373804e-06  
  3.111716337104e+07  ,8.069978297184e-09  ,1.961931354333e-06  
  3.118889584092e+07  ,8.069391718685e-09  ,1.959673935347e-06  
  3.126079367122e+07  ,8.068802490147e-09  ,1.957419113853e-06  
  3.133285724314e+07  ,8.068210590928e-09  ,1.955166886864e-06  
  3.140508693875e+07  ,8.067616000439e-09  ,1.952917251392e-06  
  3.147748314100e+07  ,8.067018698146e-09  ,1.950670204458e-06  
  3.155004623373e+07  ,8.066418663566e-09  ,1.948425743082e-06  
  3.162277660167e+07  ,8.065815876267e-09  ,1.946183864289e-06  
  3.169567463042e+07  ,8.065210315866e-09  ,1.943944565107e-06  
  3.176874070648e+07  ,8.064601962032e-09  ,1.941707842570e-06  
  3.184197521725e+07  ,8.063990794480e-09  ,1.939473693711e-06  
  3.191537855099e+07  ,8.063376792972e-09  ,1.937242115569e-06  
  3.198895109690e+07  ,8.062759937317e-09  ,1.935013105187e-06  
  3.206269324504e+07  ,8.062140207370e-09  ,1.932786659609e-06  
  3.213660538639e+07  ,8.061517583029e-09  ,1.930562775886e-06  
  3.221068791282e+07  ,8.060892044236e-09  ,1.928341451068e-06  
  3.228494121711e+07  ,8.060263570975e-09  ,1.926122682213e-06  
  3.235936569295e+07  ,8.059632143273e-09  ,1.923906466378e-06  
  3.243396173492e+07  ,8.058997741196e-09  ,1.921692800626e-06  
  3.250872973853e+07  ,8.058360344851e-09  ,1.919481682023e-06  
  3.258367010018e+07  ,8.057719934383e-09  ,1.917273107639e-06  
  3.265878321722e+07  ,8.057076489975e-09  ,1.915067074545e-06  
  3.273406948787e+07  ,8.056429991848e-09  ,1.912863579818e-06  
  3.280952931130e+07  ,8.055780420259e-09  ,1.910662620537e-06  
  3.288516308758e+07  ,8.055127755499e-09  ,1.908464193784e-06  
  3.296097121773e+07  ,8.054471977896e-09  ,1.906268296646e-06  
  3.303695410366e+07  ,8.053813067811e-09  ,1.904074926212e-06  
  3.311311214824e+07  ,8.053151005635e-09  ,1.901884079575e-06  
  3.318944575524e+07  ,8.052485771794e-09  ,1.899695753830e-06  
  3.326595532938e+07  ,8.051817346746e-09  ,1.897509946078e-06  
  3.334264127631e+07  ,8.051145710976e-09  ,1.895326653420e-06  
  3.341950400259e+07  ,8.050470845001e-09  ,1.893145872963e-06  
  3.349654391577e+07  ,8.049792729367e-09  ,1.890967601816e-06  
  3.357376142428e+07  ,8.049111344645e-09  ,1.888791837093e-06  
  3.365115693753e+07  ,8.048426671438e-09  ,1.886618575908e-06  
  3.372873086587e+07  ,8.047738690370e-09  ,1.884447815382e-06  
  3.380648362058e+07  ,8.047047382094e-09  ,1.882279552637e-06  
  3.388441561390e+07  ,8.046352727287e-09  ,1.880113784799e-06  
  3.396252725902e+07  ,8.045654706651e-09  ,1.877950508998e-06  
  3.404081897008e+07  ,8.044953300910e-09  ,1.875789722365e-06  
  3.411929116218e+07  ,8.044248490810e-09  ,1.873631422037e-06  
  3.419794425135e+07  ,8.043540257120e-09  ,1.871475605153e-06  
  3.427677865463e+07  ,8.042828580630e-09  ,1.869322268856e-06  
  3.435579478997e+07  ,8.042113442151e-09  ,1.867171410291e-06  
  3.443499307632e+07  ,8.041394822512e-09  ,1.865023026607e-06  
  3.451437393357e+07  ,8.040672702561e-09  ,1.862877114957e-06  
  3.459393778259e+07  ,8.039947063165e-09  ,1.860733672496e-06  
  3.467368504524e+07  ,8.039217885209e-09  ,1.858592696383e-06  
  3.475361614430e+07  ,8.038485149593e-09  ,1.856454183781e-06  
  3.483373150358e+07  ,8.037748837236e-09  ,1.854318131854e-06  
  3.491403154784e+07  ,8.037008929068e-09  ,1.852184537772e-06  
  3.499451670282e+07  ,8.036265406038e-09  ,1.850053398705e-06  
  3.507518739524e+07  ,8.035518249106e-09  ,1.847924711831e-06  
  3.515604405281e+07  ,8.034767439248e-09  ,1.845798474326e-06  
  3.523708710423e+07  ,8.034012957450e-09  ,1.843674683373e-06  
  3.531831697918e+07  ,8.033254784712e-09  ,1.841553336156e-06  
  3.539973410833e+07  ,8.032492902044e-09  ,1.839434429864e-06  
  3.548133892334e+07  ,8.031727290468e-09  ,1.837317961688e-06  
  3.556313185688e+07  ,8.030957931017e-09  ,1.835203928823e-06  
  3.564511334261e+07  ,8.030184804730e-09  ,1.833092328466e-06  
  3.572728381517e+07  ,8.029407892657e-09  ,1.830983157819e-06  
  3.580964371025e+07  ,8.028627175858e-09  ,1.828876414086e-06  
  3.589219346448e+07  ,8.027842635397e-09  ,1.826772094474e-06  
  3.597493351556e+07  ,8.027054252348e-09  ,1.824670196195e-06  
  3.605786430215e+07  ,8.026262007790e-09  ,1.822570716462e-06  
  3.614098626394e+07  ,8.025465882808e-09  ,1.820473652492e-06  
  3.622429984165e+07  ,8.024665858491e-09  ,1.818379001505e-06  
  3.630780547699e+07  ,8.023861915937e-09  ,1.816286760726e-06  
  3.639150361270e+07  ,8.023054036242e-09  ,1.814196927381e-06  
  3.647539469254e+07  ,8.022242200510e-09  ,1.812109498699e-06  
  3.655947916129e+07  ,8.021426389846e-09  ,1.810024471914e-06  
  3.664375746476e+07  ,8.020606585359e-09  ,1.807941844263e-06  
  3.672823004979e+07  ,8.019782768157e-09  ,1.805861612985e-06  
  3.681289736423e+07  ,8.018954919351e-09  ,1.803783775321e-06  
  3.689775985700e+07  ,8.018123020054e-09  ,1.801708328519e-06  
  3.698281797801e+07  ,8.017287051377e-09  ,1.799635269828e-06  
  3.706807217824e+07  ,8.016446994431e-09  ,1.797564596498e-06  
  3.715352290970e+07  ,8.015602830327e-09  ,1.795496305787e-06  
  3.723917062544e+07  ,8.014754540175e-09  ,1.793430394951e-06  
  3.732501577955e+07  ,8.013902105081e-09  ,1.791366861253e-06  
  3.741105882719e+07  ,8.013045506150e-09  ,1.789305701958e-06  
  3.749730022453e+07  ,8.012184724485e-09  ,1.787246914334e-06  
  3.758374042883e+07  ,8.011319741183e-09  ,1.785190495651e-06  
  3.767037989837e+07  ,8.010450537340e-09  ,1.783136443184e-06  
  3.775721909252e+07  ,8.009577094045e-09  ,1.781084754210e-06  
  3.784425847169e+07  ,8.008699392383e-09  ,1.779035426010e-06  
  3.793149849735e+07  ,8.007817413435e-09  ,1.776988455867e-06  
  3.801893963204e+07  ,8.006931138275e-09  ,1.774943841068e-06  
  3.810658233936e+07  ,8.006040547970e-09  ,1.772901578903e-06  
  3.819442708399e+07  ,8.005145623582e-09  ,1.770861666665e-06  
  3.828247433166e+07  ,8.004246346163e-09  ,1.768824101650e-06  
  3.837072454921e+07  ,8.003342696760e-09  ,1.766788881157e-06  
  3.845917820452e+07  ,8.002434656412e-09  ,1.764756002488e-06  
  3.854783576656e+07  ,8.001522206146e-09  ,1.762725462949e-06  
  3.863669770539e+07  ,8.000605326984e-09  ,1.760697259849e-06  
  3.872576449214e+07  ,7.999683999937e-09  ,1.758671390499e-06  
  3.881503659904e+07  ,7.998758206006e-09  ,1.756647852213e-06  
  3.890451449941e+07  ,7.997827926180e-09  ,1.754626642310e-06  
  3.899419866763e+07  ,7.996893141442e-09  ,1.752607758110e-06  
  3.908408957922e+07  ,7.995953832759e-09  ,1.750591196938e-06  
  3.917418771076e+07  ,7.995009981088e-09  ,1.748576956120e-06  
  3.926449353994e+07  ,7.994061567377e-09  ,1.746565032987e-06  
  3.935500754556e+07  ,7.993108572557e-09  ,1.744555424871e-06  
  3.944573020751e+07  ,7.992150977550e-09  ,1.742548129109e-06  
  3.953666200679e+07  ,7.991188763263e-09  ,1.740543143041e-06  
  3.962780342552e+07  ,7.990221910590e-09  ,1.738540464008e-06  
  3.971915494692e+07  ,7.989250400412e-09  ,1.736540089356e-06  
  3.981071705533e+07  ,7.988274213594e-09  ,1.734542016434e-06  
  3.990249023619e+07  ,7.987293330989e-09  ,1.732546242593e-06  
  3.999447497609e+07  ,7.986307733432e-09  ,1.730552765188e-06  
  4.008667176271e+07  ,7.985317401746e-09  ,1.728561581576e-06  
  4.017908108487e+07  ,7.984322316735e-09  ,1.726572689118e-06  
  4.027170343253e+07  ,7.983322459191e-09  ,1.724586085178e-06  
  4.036453929674e+07  ,7.982317809886e-09  ,1.722601767122e-06  
  4.045758916972e+07  ,7.981308349577e-09  ,1.720619732321e-06  
  4.055085354482e+07  ,7.980294059004e-09  ,1.718639978147e-06  
  4.064433291650e+07  ,7.979274918890e-09  ,1.716662501975e-06  
  4.073802778039e+07  ,7.978250909941e-09  ,1.714687301186e-06  
  4.083193863325e+07  ,7.977222012842e-09  ,1.712714373160e-06  
  4.092606597298e+07  ,7.976188208264e-09  ,1.710743715282e-06  
  4.102041029864e+07  ,7.975149476857e-09  ,1.708775324941e-06  
  4.111497211043e+07  ,7.974105799252e-09  ,1.706809199527e-06  
  4.120975190971e+07  ,7.973057156062e-09  ,1.704845336434e-06  
  4.130475019899e+07  ,7.972003527881e-09  ,1.702883733059e-06  
  4.139996748195e+07  ,7.970944895280e-09  ,1.700924386802e-06  
  4.149540426341e+07  ,7.969881238815e-09  ,1.698967295066e-06  
  4.159106104938e+07  ,7.968812539018e-09  ,1.697012455256e-06  
  4.168693834701e+07  ,7.967738776402e-09  ,1.695059864782e-06  
  4.178303666464e+07  ,7.966659931460e-09  ,1.693109521055e-06  
  4.187935651177e+07  ,7.965575984661e-09  ,1.691161421490e-06  
  4.197589839908e+07  ,7.964486916456e-09  ,1.689215563505e-06  
  4.207266283842e+07  ,7.963392707273e-09  ,1.687271944521e-06  
  4.216965034284e+07  ,7.962293337518e-09  ,1.685330561961e-06  
  4.226686142654e+07  ,7.961188787575e-09  ,1.683391413252e-06  
  4.236429660493e+07  ,7.960079037807e-09  ,1.681454495823e-06  
  4.246195639461e+07  ,7.958964068554e-09  ,1.679519807108e-06  
  4.255984131335e+07  ,7.957843860131e-09  ,1.677587344542e-06  
  4.265795188014e+07  ,7.956718392833e-09  ,1.675657105562e-06  
  4.275628861514e+07  ,7.955587646932e-09  ,1.673729087612e-06  
  4.285485203972e+07  ,7.954451602673e-09  ,1.671803288135e-06  
  4.295364267647e+07  ,7.953310240282e-09  ,1.669879704578e-06  
  4.305266104915e+07  ,7.952163539957e-09  ,1.667958334391e-06  
  4.315190768275e+07  ,7.951011481876e-09  ,1.666039175029e-06  
  4.325138310348e+07  ,7.949854046190e-09  ,1.664122223947e-06  
  4.335108783873e+07  ,7.948691213027e-09  ,1.662207478604e-06  
  4.345102241713e+07  ,7.947522962490e-09  ,1.660294936462e-06  
  4.355118736853e+07  ,7.946349274656e-09  ,1.658384594986e-06  
  4.365158322399e+07  ,7.945170129581e-09  ,1.656476451643e-06  
  4.375221051580e+07  ,7.943985507291e-09  ,1.654570503906e-06  
  4.385306977748e+07  ,7.942795387790e-09  ,1.652666749246e-06  
  4.395416154376e+07  ,7.941599751056e-09  ,1.650765185141e-06  
  4.405548635063e+07  ,7.940398577042e-09  ,1.648865809070e-06  
  4.415704473531e+07  ,7.939191845673e-09  ,1.646968618516e-06  
  4.425883723624e+07  ,7.937979536850e-09  ,1.645073610964e-06  
  4.436086439312e+07  ,7.936761630448e-09  ,1.643180783901e-06  
  4.446312674689e+07  ,7.935538106316e-09  ,1.641290134820e-06  
  4.456562483973e+07  ,7.934308944276e-09  ,1.639401661213e-06  
  4.466835921507e+07  ,7.933074124124e-09  ,1.637515360578e-06  
  4.477133041761e+07  ,7.931833625630e-09  ,1.635631230415e-06  
  4.487453899329e+07  ,7.930587428536e-09  ,1.633749268225e-06  
  4.497798548931e+07  ,7.929335512559e-09  ,1.631869471514e-06  
  4.508167045412e+07  ,7.928077857387e-09  ,1.629991837791e-06  
  4.518559443747e+07  ,7.926814442684e-09  ,1.628116364567e-06  
  4.528975799034e+07  ,7.925545248084e-09  ,1.626243049356e-06  
  4.539416166500e+07  ,7.924270253197e-09  ,1.624371889674e-06  
  4.549880601498e+07  ,7.922989437602e-09  ,1.622502883042e-06  
  4.560369159511e+07  ,7.921702780853e-09  ,1.620636026982e-06  
  4.570881896146e+07  ,7.920410262478e-09  ,1.618771319020e-06  
  4.581418867143e+07  ,7.919111861974e-09  ,1.616908756683e-06  
  4.591980128366e+07  ,7.917807558814e-09  ,1.615048337503e-06  
  4.602565735811e+07  ,7.916497332440e-09  ,1.613190059014e-06  
  4.613175745601e+07  ,7.915181162269e-09  ,1.611333918753e-06  
  4.623810213990e+07  ,7.913859027689e-09  ,1.609479914259e-06  
  4.634469197360e+07  ,7.912530908061e-09  ,1.607628043075e-06  
  4.645152752225e+07  ,7.911196782717e-09  ,1.605778302746e-06  
  4.655860935227e+07  ,7.909856630963e-09  ,1.603930690821e-06  
  4.666593803140e+07  ,7.908510432075e-09  ,1.602085204849e-06  
  4.677351412870e+07  ,7.907158165302e-09  ,1.600241842386e-06  
  4.688133821450e+07  ,7.905799809867e-09  ,1.598400600988e-06  
  4.698941086050e+07  ,7.904435344961e-09  ,1.596561478213e-06  
  4.709773263967e+07  ,7.903064749750e-09  ,1.594724471625e-06  
  4.720630412633e+07  ,7.901688003370e-09  ,1.592889578788e-06  
  4.731512589612e+07  ,7.900305084932e-09  ,1.591056797269e-06  
  4.742419852600e+07  ,7.898915973517e-09  ,1.589226124641e-06  
  4.753352259426e+07  ,7.897520648176e-09  ,1.587397558476e-06  
  4.764309868052e+07  ,7.896119087936e-09  ,1.585571096349e-06  
  4.775292736574e+07  ,7.894711271793e-09  ,1.583746735841e-06  
  4.786300923224e+07  ,7.893297178716e-09  ,1.581924474533e-06  
  4.797334486364e+07  ,7.891876787646e-09  ,1.580104310010e-06  
  4.808393484495e+07  ,7.890450077497e-09  ,1.578286239858e-06  
  4.819477976249e+07  ,7.889017027153e-09  ,1.576470261669e-06  
  4.830588020395e+07  ,7.887577615472e-09  ,1.574656373034e-06  
  4.841723675838e+07  ,7.886131821283e-09  ,1.572844571550e-06  
  4.852885001619e+07  ,7.884679623387e-09  ,1.571034854815e-06  
  4.864072056912e+07  ,7.883221000559e-09  ,1.569227220430e-06  
  4.875284901031e+07  ,7.881755931544e-09  ,1.567421665998e-06  
  4.886523593426e+07  ,7.880284395061e-09  ,1.565618189128e-06  
  4.897788193682e+07  ,7.878806369800e-09  ,1.563816787428e-06  
  4.909078761523e+07  ,7.877321834426e-09  ,1.562017458510e-06  
  4.920395356812e+07  ,7.875830767572e-09  ,1.560220199989e-06  
  4.931738039547e+07  ,7.874333147849e-09  ,1.558425009484e-06  
  4.943106869866e+07  ,7.872828953837e-09  ,1.556631884613e-06  
  4.954501908045e+07  ,7.871318164090e-09  ,1.554840823002e-06  
  4.965923214501e+07  ,7.869800757134e-09  ,1.553051822275e-06  
  4.977370849787e+07  ,7.868276711470e-09  ,1.551264880061e-06  
  4.988844874598e+07  ,7.866746005570e-09  ,1.549479993991e-06  
  5.000345349767e+07  ,7.865208617880e-09  ,1.547697161700e-06  
  5.011872336270e+07  ,7.863664526819e-09  ,1.545916380824e-06  
  5.023425895221e+07  ,7.862113710780e-09  ,1.544137649004e-06  
  5.035006087876e+07  ,7.860556148128e-09  ,1.542360963880e-06  
  5.046612975633e+07  ,7.858991817205e-09  ,1.540586323099e-06  
  5.058246620029e+07  ,7.857420696322e-09  ,1.538813724307e-06  
  5.069907082744e+07  ,7.855842763768e-09  ,1.537043165155e-06  
  5.081594425603e+07  ,7.854257997804e-09  ,1.535274643297e-06  
  5.093308710569e+07  ,7.852666376666e-09  ,1.533508156387e-06  
  5.105049999751e+07  ,7.851067878563e-09  ,1.531743702085e-06  
  5.116818355400e+07  ,7.849462481680e-09  ,1.529981278051e-06  
  5.128613839911e+07  ,7.847850164175e-09  ,1.528220881950e-06  
  5.140436515822e+07  ,7.846230904184e-09  ,1.526462511448e-06  
  5.152286445815e+07  ,7.844604679814e-09  ,1.524706164214e-06  
  5.164163692718e+07  ,7.842971469149e-09  ,1.522951837920e-06  
  5.176068319503e+07  ,7.841331250249e-09  ,1.521199530241e-06  
  5.188000389287e+07  ,7.839684001149e-09  ,1.519449238854e-06  
  5.199959965332e+07  ,7.838029699858e-09  ,1.517700961439e-06  
  5.211947111048e+07  ,7.836368324364e-09  ,1.515954695678e-06  
  5.223961889988e+07  ,7.834699852628e-09  ,1.514210439257e-06  
  5.236004365855e+07  ,7.833024262590e-09  ,1.512468189863e-06  
  5.248074602495e+07  ,7.831341532164e-09  ,1.510727945188e-06  
  5.260172663904e+07  ,7.829651639243e-09  ,1.508989702924e-06  
  5.272298614225e+07  ,7.827954561694e-09  ,1.507253460768e-06  
  5.284452517749e+07  ,7.826250277365e-09  ,1.505519216417e-06  
  5.296634438914e+07  ,7.824538764078e-09  ,1.503786967574e-06  
  5.308844442307e+07  ,7.822819999634e-09  ,1.502056711942e-06  
  5.321082592665e+07  ,7.821093961813e-09  ,1.500328447227e-06  
  5.333348954873e+07  ,7.819360628370e-09  ,1.498602171139e-06  
  5.345643593967e+07  ,7.817619977040e-09  ,1.496877881389e-06  
  5.357966575131e+07  ,7.815871985539e-09  ,1.495155575692e-06  
  5.370317963700e+07  ,7.814116631557e-09  ,1.493435251765e-06  
  5.382697825160e+07  ,7.812353892767e-09  ,1.491716907327e-06  
  5.395106225148e+07  ,7.810583746819e-09  ,1.490000540101e-06  
  5.407543229453e+07  ,7.808806171345e-09  ,1.488286147811e-06  
  5.420008904013e+07  ,7.807021143954e-09  ,1.486573728186e-06  
  5.432503314922e+07  ,7.805228642238e-09  ,1.484863278954e-06  
  5.445026528421e+07  ,7.803428643767e-09  ,1.483154797850e-06  
  5.457578610910e+07  ,7.801621126093e-09  ,1.481448282608e-06  
  5.470159628937e+07  ,7.799806066750e-09  ,1.479743730966e-06  
  5.482769649206e+07  ,7.797983443252e-09  ,1.478041140665e-06  
  5.495408738573e+07  ,7.796153233095e-09  ,1.476340509447e-06  
  5.508076964051e+07  ,7.794315413757e-09  ,1.474641835060e-06  
  5.520774392805e+07  ,7.792469962698e-09  ,1.472945115250e-06  
  5.533501092154e+07  ,7.790616857362e-09  ,1.471250347769e-06  
  5.546257129576e+07  ,7.788756075174e-09  ,1.469557530371e-06  
  5.559042572701e+07  ,7.786887593543e-09  ,1.467866660811e-06  
  5.571857489316e+07  ,7.785011389863e-09  ,1.466177736849e-06  
  5.584701947365e+07  ,7.783127441510e-09  ,1.464490756245e-06  
  5.597576014948e+07  ,7.781235725845e-09  ,1.462805716763e-06  
  5.610479760322e+07  ,7.779336220215e-09  ,1.461122616170e-06  
  5.623413251901e+07  ,7.777428901950e-09  ,1.459441452235e-06  
  5.636376558257e+07  ,7.775513748366e-09  ,1.457762222729e-06  
  5.649369748120e+07  ,7.773590736765e-09  ,1.456084925426e-06  
  5.662392890380e+07  ,7.771659844436e-09  ,1.454409558103e-06  
  5.675446054083e+07  ,7.769721048653e-09  ,1.452736118540e-06  
  5.688529308435e+07  ,7.767774326679e-09  ,1.451064604517e-06  
  5.701642722805e+07  ,7.765819655761e-09  ,1.449395013820e-06  
  5.714786366716e+07  ,7.763857013136e-09  ,1.447727344235e-06  
  5.727960309855e+07  ,7.761886376029e-09  ,1.446061593551e-06  
  5.741164622070e+07  ,7.759907721654e-09  ,1.444397759562e-06  
  5.754399373369e+07  ,7.757921027212e-09  ,1.442735840060e-06  
  5.767664633919e+07  ,7.755926269894e-09  ,1.441075832844e-06  
  5.780960474054e+07  ,7.753923426882e-09  ,1.439417735712e-06  
  5.794286964266e+07  ,7.751912475347e-09  ,1.437761546467e-06  
  5.807644175210e+07  ,7.749893392451e-09  ,1.436107262914e-06  
  5.821032177706e+07  ,7.747866155348e-09  ,1.434454882859e-06  
  5.834451042734e+07  ,7.745830741180e-09  ,1.432804404113e-06  
  5.847900841442e+07  ,7.743787127085e-09  ,1.431155824487e-06  
  5.861381645137e+07  ,7.741735290191e-09  ,1.429509141797e-06  
  5.874893525295e+07  ,7.739675207620e-09  ,1.427864353859e-06  
  5.888436553553e+07  ,7.737606856486e-09  ,1.426221458493e-06  
  5.902010801715e+07  ,7.735530213899e-09  ,1.424580453522e-06  
  5.915616341752e+07  ,7.733445256961e-09  ,1.422941336770e-06  
  5.929253245797e+07  ,7.731351962770e-09  ,1.421304106065e-06  
  5.942921586153e+07  ,7.729250308417e-09  ,1.419668759236e-06  
  5.956621435287e+07  ,7.727140270993e-09  ,1.418035294116e-06  
  5.970352865835e+07  ,7.725021827580e-09  ,1.416403708539e-06  
  5.984115950600e+07  ,7.722894955262e-09  ,1.414774000342e-06  
  5.997910762552e+07  ,7.720759631115e-09  ,1.413146167366e-06  
  6.011737374830e+07  ,7.718615832216e-09  ,1.411520207453e-06  
  6.025595860740e+07  ,7.716463535640e-09  ,1.409896118446e-06  
  6.039486293761e+07  ,7.714302718460e-09  ,1.408273898195e-06  
  6.053408747536e+07  ,7.712133357747e-09  ,1.406653544547e-06  
  6.067363295882e+07  ,7.709955430575e-09  ,1.405035055355e-06  
  6.081350012784e+07  ,7.707768914015e-09  ,1.403418428474e-06  
  6.095368972399e+07  ,7.705573785141e-09  ,1.401803661761e-06  
  6.109420249053e+07  ,7.703370021027e-09  ,1.400190753076e-06  
  6.123503917245e+07  ,7.701157598751e-09  ,1.398579700280e-06  
  6.137620051645e+07  ,7.698936495391e-09  ,1.396970501238e-06  
  6.151768727095e+07  ,7.696706688029e-09  ,1.395363153816e-06  
  6.165950018612e+07  ,7.694468153753e-09  ,1.393757655885e-06  
  6.180164001381e+07  ,7.692220869650e-09  ,1.392154005315e-06  
  6.194410750765e+07  ,7.689964812818e-09  ,1.390552199982e-06  
  6.208690342297e+07  ,7.687699960355e-09  ,1.388952237762e-06  
  6.223002851688e+07  ,7.685426289369e-09  ,1.387354116534e-06  
  6.237348354821e+07  ,7.683143776972e-09  ,1.385757834180e-06  
  6.251726927754e+07  ,7.680852400284e-09  ,1.384163388583e-06  
  6.266138646720e+07  ,7.678552136432e-09  ,1.382570777630e-06  
  6.280583588130e+07  ,7.676242962554e-09  ,1.380979999211e-06  
  6.295061828569e+07  ,7.673924855794e-09  ,1.379391051216e-06  
  6.309573444799e+07  ,7.671597793307e-09  ,1.377803931539e-06  
  6.324118513759e+07  ,7.669261752258e-09  ,1.376218638077e-06  
  6.338697112566e+07  ,7.666916709823e-09  ,1.374635168727e-06  
  6.353309318514e+07  ,7.664562643189e-09  ,1.373053521391e-06  
  6.367955209076e+07  ,7.662199529556e-09  ,1.371473693973e-06  
  6.382634861902e+07  ,7.659827346136e-09  ,1.369895684378e-06  
  6.397348354823e+07  ,7.657446070155e-09  ,1.368319490514e-06  
  6.412095765848e+07  ,7.655055678852e-09  ,1.366745110292e-06  
  6.426877173167e+07  ,7.652656149483e-09  ,1.365172541626e-06  
  6.441692655148e+07  ,7.650247459317e-09  ,1.363601782430e-06  
  6.456542290343e+07  ,7.647829585640e-09  ,1.362032830622e-06  
  6.471426157482e+07  ,7.645402505756e-09  ,1.360465684124e-06  
  6.486344335479e+07  ,7.642966196985e-09  ,1.358900340856e-06  
  6.501296903427e+07  ,7.640520636666e-09  ,1.357336798745e-06  
  6.516283940605e+07  ,7.638065802155e-09  ,1.355775055718e-06  
  6.531305526471e+07  ,7.635601670829e-09  ,1.354215109704e-06  
  6.546361740669e+07  ,7.633128220087e-09  ,1.352656958637e-06  
  6.561452663026e+07  ,7.630645427345e-09  ,1.351100600449e-06  
  6.576578373551e+07  ,7.628153270045e-09  ,1.349546033079e-06  
  6.591738952440e+07  ,7.625651725647e-09  ,1.347993254465e-06  
  6.606934480072e+07  ,7.623140771637e-09  ,1.346442262550e-06  
  6.622165037014e+07  ,7.620620385525e-09  ,1.344893055277e-06  
  6.637430704016e+07  ,7.618090544844e-09  ,1.343345630592e-06  
  6.652731562014e+07  ,7.615551227152e-09  ,1.341799986446e-06  
  6.668067692133e+07  ,7.613002410036e-09  ,1.340256120787e-06  
  6.683439175683e+07  ,7.610444071106e-09  ,1.338714031571e-06  
  6.698846094162e+07  ,7.607876188003e-09  ,1.337173716753e-06  
  6.714288529256e+07  ,7.605298738393e-09  ,1.335635174291e-06  
  6.729766562840e+07  ,7.602711699975e-09  ,1.334098402146e-06  
  6.745280276976e+07  ,7.600115050474e-09  ,1.332563398281e-06  
  6.760829753916e+07  ,7.597508767647e-09  ,1.331030160660e-06  
  6.776415076103e+07  ,7.594892829284e-09  ,1.329498687252e-06  
  6.792036326168e+07  ,7.592267213205e-09  ,1.327968976026e-06  
  6.807693586934e+07  ,7.589631897263e-09  ,1.326441024955e-06  
  6.823386941413e+07  ,7.586986859348e-09  ,1.324914832013e-06  
  6.839116472811e+07  ,7.584332077380e-09  ,1.323390395178e-06  
  6.854882264523e+07  ,7.581667529317e-09  ,1.321867712427e-06  
  6.870684400139e+07  ,7.578993193153e-09  ,1.320346781743e-06  
  6.886522963439e+07  ,7.576309046919e-09  ,1.318827601111e-06  
  6.902398038399e+07  ,7.573615068683e-09  ,1.317310168515e-06  
  6.918309709186e+07  ,7.570911236552e-09  ,1.315794481945e-06  
  6.934258060162e+07  ,7.568197528673e-09  ,1.314280539391e-06  
  6.950243175884e+07  ,7.565473923233e-09  ,1.312768338847e-06  
  6.966265141104e+07  ,7.562740398460e-09  ,1.311257878307e-06  
  6.982324040768e+07  ,7.559996932623e-09  ,1.309749155771e-06  
  6.998419960019e+07  ,7.557243504035e-09  ,1.308242169237e-06  
  7.014552984196e+07  ,7.554480091054e-09  ,1.306736916708e-06  
  7.030723198835e+07  ,7.551706672079e-09  ,1.305233396190e-06  
  7.046930689668e+07  ,7.548923225558e-09  ,1.303731605688e-06  
  7.063175542626e+07  ,7.546129729983e-09  ,1.302231543212e-06  
  7.079457843838e+07  ,7.543326163894e-09  ,1.300733206773e-06  
  7.095777679630e+07  ,7.540512505878e-09  ,1.299236594386e-06  
  7.112135136530e+07  ,7.537688734572e-09  ,1.297741704067e-06  
  7.128530301261e+07  ,7.534854828662e-09  ,1.296248533833e-06  
  7.144963260751e+07  ,7.532010766886e-09  ,1.294757081707e-06  
  7.161434102125e+07  ,7.529156528032e-09  ,1.293267345709e-06  
  7.177942912710e+07  ,7.526292090941e-09  ,1.291779323867e-06  
  7.194489780033e+07  ,7.523417434507e-09  ,1.290293014206e-06  
  7.211074791825e+07  ,7.520532537678e-09  ,1.288808414758e-06  
  7.227698036018e+07  ,7.517637379460e-09  ,1.287325523554e-06  
  7.244359600746e+07  ,7.514731938911e-09  ,1.285844338628e-06  
  7.261059574348e+07  ,7.511816195147e-09  ,1.284364858018e-06  
  7.277798045364e+07  ,7.508890127345e-09  ,1.282887079761e-06  
  7.294575102542e+07  ,7.505953714736e-09  ,1.281411001898e-06  
  7.311390834830e+07  ,7.503006936615e-09  ,1.279936622474e-06  
  7.328245331385e+07  ,7.500049772336e-09  ,1.278463939534e-06  
  7.345138681567e+07  ,7.497082201313e-09  ,1.276992951125e-06  
  7.362070974943e+07  ,7.494104203026e-09  ,1.275523655298e-06  
  7.379042301287e+07  ,7.491115757015e-09  ,1.274056050105e-06  
  7.396052750578e+07  ,7.488116842888e-09  ,1.272590133600e-06  
  7.413102413005e+07  ,7.485107440315e-09  ,1.271125903841e-06  
  7.430191378963e+07  ,7.482087529034e-09  ,1.269663358886e-06  
  7.447319739056e+07  ,7.479057088852e-09  ,1.268202496796e-06  
  7.464487584097e+07  ,7.476016099641e-09  ,1.266743315636e-06  
  7.481695005108e+07  ,7.472964541346e-09  ,1.265285813470e-06  
  7.498942093321e+07  ,7.469902393978e-09  ,1.263829988367e-06  
  7.516228940178e+07  ,7.466829637622e-09  ,1.262375838397e-06  
  7.533555637333e+07  ,7.463746252436e-09  ,1.260923361632e-06  
  7.550922276650e+07  ,7.460652218650e-09  ,1.259472556147e-06  
  7.568328950206e+07  ,7.457547516566e-09  ,1.258023420019e-06  
  7.585775750288e+07  ,7.454432126566e-09  ,1.256575951327e-06  
  7.603262769398e+07  ,7.451306029104e-09  ,1.255130148151e-06  
  7.620790100250e+07  ,7.448169204713e-09  ,1.253686008576e-06  
  7.638357835773e+07  ,7.445021634004e-09  ,1.252243530687e-06  
  7.655966069109e+07  ,7.441863297668e-09  ,1.250802712572e-06  
  7.673614893614e+07  ,7.438694176475e-09  ,1.249363552321e-06  
  7.691304402862e+07  ,7.435514251277e-09  ,1.247926048026e-06  
  7.709034690640e+07  ,7.432323503007e-09  ,1.246490197782e-06  
  7.726805850953e+07  ,7.429121912683e-09  ,1.245055999685e-06  
  7.744617978021e+07  ,7.425909461407e-09  ,1.243623451834e-06  
  7.762471166283e+07  ,7.422686130364e-09  ,1.242192552330e-06  
  7.780365510394e+07  ,7.419451900830e-09  ,1.240763299277e-06  
  7.798301105228e+07  ,7.416206754163e-09  ,1.239335690779e-06  
  7.816278045879e+07  ,7.412950671814e-09  ,1.237909724945e-06  
  7.834296427658e+07  ,7.409683635320e-09  ,1.236485399884e-06  
  7.852356346097e+07  ,7.406405626311e-09  ,1.235062713708e-06  
  7.870457896947e+07  ,7.403116626508e-09  ,1.233641664530e-06  
  7.888601176181e+07  ,7.399816617723e-09  ,1.232222250468e-06  
  7.906786279994e+07  ,7.396505581863e-09  ,1.230804469640e-06  
  7.925013304801e+07  ,7.393183500931e-09  ,1.229388320166e-06  
  7.943282347239e+07  ,7.389850357023e-09  ,1.227973800168e-06  
  7.961593504169e+07  ,7.386506132334e-09  ,1.226560907773e-06  
  7.979946872676e+07  ,7.383150809156e-09  ,1.225149641107e-06  
  7.998342550066e+07  ,7.379784369880e-09  ,1.223739998299e-06  
  8.016780633873e+07  ,7.376406796996e-09  ,1.222331977480e-06  
  8.035261221852e+07  ,7.373018073098e-09  ,1.220925576785e-06  
  8.053784411986e+07  ,7.369618180879e-09  ,1.219520794348e-06  
  8.072350302484e+07  ,7.366207103137e-09  ,1.218117628308e-06  
  8.090958991780e+07  ,7.362784822774e-09  ,1.216716076804e-06  
  8.109610578534e+07  ,7.359351322797e-09  ,1.215316137979e-06  
  8.128305161637e+07  ,7.355906586320e-09  ,1.213917809977e-06  
  8.147042840204e+07  ,7.352450596564e-09  ,1.212521090944e-06  
  8.165823713582e+07  ,7.348983336859e-09  ,1.211125979028e-06  
  8.184647881344e+07  ,7.345504790646e-09  ,1.209732472381e-06  
  8.203515443294e+07  ,7.342014941473e-09  ,1.208340569155e-06  
  8.222426499466e+07  ,7.338513773004e-09  ,1.206950267505e-06  
  8.241381150126e+07  ,7.335001269015e-09  ,1.205561565587e-06  
  8.260379495767e+07  ,7.331477413393e-09  ,1.204174461562e-06  
  8.279421637119e+07  ,7.327942190146e-09  ,1.202788953590e-06  
  8.298507675140e+07  ,7.324395583392e-09  ,1.201405039835e-06  
  8.317637711022e+07  ,7.320837577371e-09  ,1.200022718461e-06  
  8.336811846192e+07  ,7.317268156439e-09  ,1.198641987638e-06  
  8.356030182308e+07  ,7.313687305073e-09  ,1.197262845533e-06  
  8.375292821264e+07  ,7.310095007870e-09  ,1.195885290320e-06  
  8.394599865190e+07  ,7.306491249548e-09  ,1.194509320172e-06  
  8.413951416447e+07  ,7.302876014950e-09  ,1.193134933265e-06  
  8.433347577638e+07  ,7.299249289040e-09  ,1.191762127777e-06  
  8.452788451598e+07  ,7.295611056911e-09  ,1.190390901888e-06  
  8.472274141401e+07  ,7.291961303779e-09  ,1.189021253781e-06  
  8.491804750359e+07  ,7.288300014988e-09  ,1.187653181640e-06  
  8.511380382019e+07  ,7.284627176012e-09  ,1.186286683651e-06  
  8.531001140171e+07  ,7.280942772451e-09  ,1.184921758003e-06  
  8.550667128842e+07  ,7.277246790041e-09  ,1.183558402886e-06  
  8.570378452299e+07  ,7.273539214645e-09  ,1.182196616494e-06  
  8.590135215049e+07  ,7.269820032260e-09  ,1.180836397021e-06  
  8.609937521841e+07  ,7.266089229020e-09  ,1.179477742664e-06  
  8.629785477665e+07  ,7.262346791189e-09  ,1.178120651622e-06  
  8.649679187752e+07  ,7.258592705171e-09  ,1.176765122096e-06  
  8.669618757578e+07  ,7.254826957507e-09  ,1.175411152289e-06  
  8.689604292858e+07  ,7.251049534875e-09  ,1.174058740405e-06  
  8.709635899556e+07  ,7.247260424094e-09  ,1.172707884653e-06  
  8.729713683876e+07  ,7.243459612121e-09  ,1.171358583242e-06  
  8.749837752270e+07  ,7.239647086059e-09  ,1.170010834383e-06  
  8.770008211432e+07  ,7.235822833149e-09  ,1.168664636289e-06  
  8.790225168304e+07  ,7.231986840781e-09  ,1.167319987175e-06  
  8.810488730075e+07  ,7.228139096486e-09  ,1.165976885260e-06  
  8.830799004181e+07  ,7.224279587944e-09  ,1.164635328763e-06  
  8.851156098304e+07  ,7.220408302981e-09  ,1.163295315905e-06  
  8.871560120375e+07  ,7.216525229571e-09  ,1.161956844911e-06  
  8.892011178575e+07  ,7.212630355839e-09  ,1.160619914005e-06  
  8.912509381333e+07  ,7.208723670059e-09  ,1.159284521415e-06  
  8.933054837328e+07  ,7.204805160659e-09  ,1.157950665372e-06  
  8.953647655491e+07  ,7.200874816218e-09  ,1.156618344107e-06  
  8.974287945003e+07  ,7.196932625469e-09  ,1.155287555854e-06  
  8.994975815296e+07  ,7.192978577301e-09  ,1.153958298848e-06  
  9.015711376055e+07  ,7.189012660759e-09  ,1.152630571328e-06  
  9.036494737218e+07  ,7.185034865046e-09  ,1.151304371534e-06  
  9.057326008977e+07  ,7.181045179521e-09  ,1.149979697707e-06  
  9.078205301777e+07  ,7.177043593705e-09  ,1.148656548092e-06  
  9.099132726318e+07  ,7.173030097278e-09  ,1.147334920934e-06  
  9.120108393554e+07  ,7.169004680083e-09  ,1.146014814482e-06  
  9.141132414698e+07  ,7.164967332126e-09  ,1.144696226985e-06  
  9.162204901215e+07  ,7.160918043574e-09  ,1.143379156696e-06  
  9.183325964831e+07  ,7.156856804763e-09  ,1.142063601869e-06  
  9.204495717527e+07  ,7.152783606192e-09  ,1.140749560759e-06  
  9.225714271543e+07  ,7.148698438529e-09  ,1.139437031625e-06  
  9.246981739377e+07  ,7.144601292609e-09  ,1.138126012727e-06  
  9.268298233789e+07  ,7.140492159437e-09  ,1.136816502327e-06  
  9.289663867794e+07  ,7.136371030189e-09  ,1.135508498689e-06  
  9.311078754673e+07  ,7.132237896210e-09  ,1.134202000078e-06  
  9.332543007965e+07  ,7.128092749022e-09  ,1.132897004764e-06  
  9.354056741471e+07  ,7.123935580315e-09  ,1.131593511016e-06  
  9.375620069254e+07  ,7.119766381959e-09  ,1.130291517106e-06  
  9.397233105641e+07  ,7.115585145997e-09  ,1.128991021309e-06  
  9.418895965223e+07  ,7.111391864649e-09  ,1.127692021899e-06  
  9.440608762854e+07  ,7.107186530313e-09  ,1.126394517156e-06  
  9.462371613653e+07  ,7.102969135567e-09  ,1.125098505359e-06  
  9.484184633004e+07  ,7.098739673167e-09  ,1.123803984790e-06  
  9.506047936558e+07  ,7.094498136052e-09  ,1.122510953734e-06  
  9.527961640231e+07  ,7.090244517343e-09  ,1.121219410475e-06  
  9.549925860209e+07  ,7.085978810343e-09  ,1.119929353303e-06  
  9.571940712943e+07  ,7.081701008540e-09  ,1.118640780506e-06  
  9.594006315154e+07  ,7.077411105607e-09  ,1.117353690376e-06  
  9.616122783832e+07  ,7.073109095404e-09  ,1.116068081208e-06  
  9.638290236235e+07  ,7.068794971976e-09  ,1.114783951297e-06  
  9.660508789893e+07  ,7.064468729559e-09  ,1.113501298941e-06  
  9.682778562607e+07  ,7.060130362578e-09  ,1.112220122440e-06  
  9.705099672450e+07  ,7.055779865647e-09  ,1.110940420094e-06  
  9.727472237764e+07  ,7.051417233573e-09  ,1.109662190208e-06  
  9.749896377169e+07  ,7.047042461354e-09  ,1.108385431088e-06  
  9.772372209553e+07  ,7.042655544182e-09  ,1.107110141040e-06  
  9.794899854082e+07  ,7.038256477443e-09  ,1.105836318374e-06  
  9.817479430195e+07  ,7.033845256720e-09  ,1.104563961402e-06  
  9.840111057606e+07  ,7.029421877791e-09  ,1.103293068436e-06  
  9.862794856307e+07  ,7.024986336631e-09  ,1.102023637793e-06  
  9.885530946564e+07  ,7.020538629415e-09  ,1.100755667788e-06  
  9.908319448922e+07  ,7.016078752516e-09  ,1.099489156742e-06  
  9.931160484204e+07  ,7.011606702507e-09  ,1.098224102976e-06  
  9.954054173510e+07  ,7.007122476165e-09  ,1.096960504812e-06  
  9.977000638220e+07  ,7.002626070465e-09  ,1.095698360575e-06  
  9.999999999995e+07  ,6.998117482589e-09  ,1.094437668592e-06  
  1.002305238077e+08  ,6.993596709922e-09  ,1.093178427193e-06  
  1.004615790278e+08  ,6.989063750053e-09  ,1.091920634706e-06  
  1.006931668851e+08  ,6.984518600778e-09  ,1.090664289467e-06  
  1.009252886076e+08  ,6.979961260100e-09  ,1.089409389808e-06  
  1.011579454259e+08  ,6.975391726230e-09  ,1.088155934066e-06  
  1.013911385736e+08  ,6.970809997588e-09  ,1.086903920580e-06  
  1.016248692870e+08  ,6.966216072803e-09  ,1.085653347689e-06  
  1.018591388054e+08  ,6.961609950714e-09  ,1.084404213737e-06  
  1.020939483707e+08  ,6.956991630375e-09  ,1.083156517067e-06  
  1.023292992280e+08  ,6.952361111048e-09  ,1.081910256025e-06  
  1.025651926251e+08  ,6.947718392212e-09  ,1.080665428959e-06  
  1.028016298126e+08  ,6.943063473557e-09  ,1.079422034218e-06  
  1.030386120441e+08  ,6.938396354991e-09  ,1.078180070156e-06  
  1.032761405761e+08  ,6.933717036637e-09  ,1.076939535124e-06  
  1.035142166679e+08  ,6.929025518835e-09  ,1.075700427480e-06  
  1.037528415817e+08  ,6.924321802141e-09  ,1.074462745579e-06  
  1.039920165829e+08  ,6.919605887332e-09  ,1.073226487781e-06  
  1.042317429393e+08  ,6.914877775402e-09  ,1.071991652448e-06  
  1.044720219220e+08  ,6.910137467569e-09  ,1.070758237942e-06  
  1.047128548050e+08  ,6.905384965268e-09  ,1.069526242629e-06  
  1.049542428652e+08  ,6.900620270157e-09  ,1.068295664875e-06  
  1.051961873823e+08  ,6.895843384119e-09  ,1.067066503048e-06  
  1.054386896391e+08  ,6.891054309257e-09  ,1.065838755521e-06  
  1.056817509213e+08  ,6.886253047901e-09  ,1.064612420664e-06  
  1.059253725177e+08  ,6.881439602605e-09  ,1.063387496852e-06  
  1.061695557198e+08  ,6.876613976149e-09  ,1.062163982462e-06  
  1.064143018224e+08  ,6.871776171540e-09  ,1.060941875871e-06  
  1.066596121230e+08  ,6.866926192011e-09  ,1.059721175459e-06  
  1.069054879222e+08  ,6.862064041025e-09  ,1.058501879609e-06  
  1.071519305237e+08  ,6.857189722273e-09  ,1.057283986703e-06  
  1.073989412341e+08  ,6.852303239675e-09  ,1.056067495128e-06  
  1.076465213629e+08  ,6.847404597383e-09  ,1.054852403270e-06  
  1.078946722229e+08  ,6.842493799780e-09  ,1.053638709519e-06  
  1.081433951297e+08  ,6.837570851479e-09  ,1.052426412266e-06  
  1.083926914021e+08  ,6.832635757326e-09  ,1.051215509904e-06  
  1.086425623616e+08  ,6.827688522402e-09  ,1.050006000827e-06  
  1.088930093333e+08  ,6.822729152020e-09  ,1.048797883433e-06  
  1.091440336448e+08  ,6.817757651729e-09  ,1.047591156119e-06  
  1.093956366272e+08  ,6.812774027312e-09  ,1.046385817286e-06  
  1.096478196143e+08  ,6.807778284789e-09  ,1.045181865336e-06  
  1.099005839432e+08  ,6.802770430416e-09  ,1.043979298674e-06  
  1.101539309541e+08  ,6.797750470685e-09  ,1.042778115704e-06  
  1.104078619901e+08  ,6.792718412329e-09  ,1.041578314835e-06  
  1.106623783977e+08  ,6.787674262316e-09  ,1.040379894475e-06  
  1.109174815262e+08  ,6.782618027855e-09  ,1.039182853038e-06  
  1.111731727281e+08  ,6.777549716394e-09  ,1.037987188934e-06  
  1.114294533591e+08  ,6.772469335623e-09  ,1.036792900580e-06  
  1.116863247780e+08  ,6.767376893470e-09  ,1.035599986392e-06  
  1.119437883467e+08  ,6.762272398105e-09  ,1.034408444790e-06  
  1.122018454301e+08  ,6.757155857943e-09  ,1.033218274192e-06  
  1.124604973966e+08  ,6.752027281638e-09  ,1.032029473022e-06  
  1.127197456175e+08  ,6.746886678088e-09  ,1.030842039703e-06  
  1.129795914672e+08  ,6.741734056435e-09  ,1.029655972662e-06  
  1.132400363235e+08  ,6.736569426066e-09  ,1.028471270326e-06  
  1.135010815672e+08  ,6.731392796610e-09  ,1.027287931125e-06  
  1.137627285823e+08  ,6.726204177945e-09  ,1.026105953489e-06  
  1.140249787561e+08  ,6.721003580190e-09  ,1.024925335853e-06  
  1.142878334789e+08  ,6.715791013714e-09  ,1.023746076651e-06  
  1.145512941445e+08  ,6.710566489131e-09  ,1.022568174319e-06  
  1.148153621496e+08  ,6.705330017301e-09  ,1.021391627296e-06  
  1.150800388944e+08  ,6.700081609333e-09  ,1.020216434023e-06  
  1.153453257820e+08  ,6.694821276584e-09  ,1.019042592942e-06  
  1.156112242191e+08  ,6.689549030657e-09  ,1.017870102496e-06  
  1.158777356155e+08  ,6.684264883407e-09  ,1.016698961131e-06  
  1.161448613840e+08  ,6.678968846935e-09  ,1.015529167295e-06  
  1.164126029410e+08  ,6.673660933594e-09  ,1.014360719437e-06  
  1.166809617060e+08  ,6.668341155985e-09  ,1.013193616007e-06  
  1.169499391019e+08  ,6.663009526960e-09  ,1.012027855460e-06  
  1.172195365548e+08  ,6.657666059623e-09  ,1.010863436249e-06  
  1.174897554939e+08  ,6.652310767325e-09  ,1.009700356830e-06  
  1.177605973520e+08  ,6.646943663673e-09  ,1.008538615663e-06  
  1.180320635651e+08  ,6.641564762522e-09  ,1.007378211206e-06  
  1.183041555725e+08  ,6.636174077981e-09  ,1.006219141922e-06  
  1.185768748167e+08  ,6.630771624409e-09  ,1.005061406274e-06  
  1.188502227436e+08  ,6.625357416420e-09  ,1.003905002727e-06  
  1.191242008027e+08  ,6.619931468878e-09  ,1.002749929748e-06  
  1.193988104464e+08  ,6.614493796903e-09  ,1.001596185807e-06  
  1.196740531307e+08  ,6.609044415866e-09  ,1.000443769373e-06  
  1.199499303149e+08  ,6.603583341392e-09  ,9.992926789192e-07  
  1.202264434617e+08  ,6.598110589359e-09  ,9.981429129192e-07  
  1.205035940371e+08  ,6.592626175900e-09  ,9.969944698490e-07  
  1.207813835106e+08  ,6.587130117401e-09  ,9.958473481861e-07  
  1.210598133550e+08  ,6.581622430503e-09  ,9.947015464098e-07  
  1.213388850464e+08  ,6.576103132102e-09  ,9.935570630013e-07  
  1.216186000646e+08  ,6.570572239346e-09  ,9.924138964432e-07  
  1.218989598924e+08  ,6.565029769640e-09  ,9.912720452203e-07  
  1.221799660164e+08  ,6.559475740644e-09  ,9.901315078187e-07  
  1.224616199264e+08  ,6.553910170271e-09  ,9.889922827265e-07  
  1.227439231158e+08  ,6.548333076689e-09  ,9.878543684336e-07  
  1.230268770812e+08  ,6.542744478325e-09  ,9.867177634314e-07  
  1.233104833228e+08  ,6.537144393856e-09  ,9.855824662131e-07  
  1.235947433444e+08  ,6.531532842217e-09  ,9.844484752739e-07  
  1.238796586530e+08  ,6.525909842598e-09  ,9.833157891103e-07  
  1.241652307592e+08  ,6.520275414444e-09  ,9.821844062210e-07  
  1.244514611771e+08  ,6.514629577456e-09  ,9.810543251059e-07  
  1.247383514242e+08  ,6.508972351590e-09  ,9.799255442671e-07  
  1.250259030217e+08  ,6.503303757057e-09  ,9.787980622082e-07  
  1.253141174941e+08  ,6.497623814323e-09  ,9.776718774345e-07  
  1.256029963694e+08  ,6.491932544110e-09  ,9.765469884531e-07  
  1.258925411793e+08  ,6.486229967396e-09  ,9.754233937728e-07  
  1.261827534590e+08  ,6.480516105413e-09  ,9.743010919041e-07  
  1.264736347470e+08  ,6.474790979648e-09  ,9.731800813593e-07  
  1.267651865857e+08  ,6.469054611844e-09  ,9.720603606522e-07  
  1.270574105208e+08  ,6.463307023998e-09  ,9.709419282985e-07  
  1.273503081016e+08  ,6.457548238362e-09  ,9.698247828155e-07  
  1.276438808811e+08  ,6.451778277444e-09  ,9.687089227223e-07  
  1.279381304157e+08  ,6.445997164005e-09  ,9.675943465398e-07  
  1.282330582655e+08  ,6.440204921061e-09  ,9.664810527902e-07  
  1.285286659943e+08  ,6.434401571883e-09  ,9.653690399979e-07  
  1.288249551692e+08  ,6.428587139993e-09  ,9.642583066886e-07  
  1.291219273613e+08  ,6.422761649172e-09  ,9.631488513899e-07  
  1.294195841449e+08  ,6.416925123449e-09  ,9.620406726311e-07  
  1.297179270983e+08  ,6.411077587111e-09  ,9.609337689432e-07  
  1.300169578033e+08  ,6.405219064696e-09  ,9.598281388586e-07  
  1.303166778452e+08  ,6.399349580994e-09  ,9.587237809119e-07  
  1.306170888131e+08  ,6.393469161051e-09  ,9.576206936390e-07  
  1.309181922999e+08  ,6.387577830162e-09  ,9.565188755775e-07  
  1.312199899018e+08  ,6.381675613876e-09  ,9.554183252669e-07  
  1.315224832192e+08  ,6.375762537993e-09  ,9.543190412483e-07  
  1.318256738556e+08  ,6.369838628564e-09  ,9.532210220643e-07  
  1.321295634186e+08  ,6.363903911893e-09  ,9.521242662594e-07  
  1.324341535194e+08  ,6.357958414532e-09  ,9.510287723797e-07  
  1.327394457729e+08  ,6.352002163287e-09  ,9.499345389729e-07  
  1.330454417977e+08  ,6.346035185210e-09  ,9.488415645886e-07  
  1.333521432163e+08  ,6.340057507606e-09  ,9.477498477777e-07  
  1.336595516546e+08  ,6.334069158027e-09  ,9.466593870930e-07  
  1.339676687425e+08  ,6.328070164275e-09  ,9.455701810891e-07  
  1.342764961137e+08  ,6.322060554399e-09  ,9.444822283220e-07  
  1.345860354055e+08  ,6.316040356699e-09  ,9.433955273494e-07  
  1.348962882591e+08  ,6.310009599719e-09  ,9.423100767308e-07  
  1.352072563194e+08  ,6.303968312251e-09  ,9.412258750273e-07  
  1.355189412350e+08  ,6.297916523334e-09  ,9.401429208016e-07  
  1.358313446586e+08  ,6.291854262254e-09  ,9.390612126181e-07  
  1.361444682465e+08  ,6.285781558540e-09  ,9.379807490428e-07  
  1.364583136588e+08  ,6.279698441967e-09  ,9.369015286435e-07  
  1.367728825595e+08  ,6.273604942556e-09  ,9.358235499895e-07  
  1.370881766164e+08  ,6.267501090568e-09  ,9.347468116517e-07  
  1.374041975012e+08  ,6.261386916512e-09  ,9.336713122029e-07  
  1.377209468893e+08  ,6.255262451135e-09  ,9.325970502172e-07  
  1.380384264602e+08  ,6.249127725430e-09  ,9.315240242706e-07  
  1.383566378971e+08  ,6.242982770629e-09  ,9.304522329407e-07  
  1.386755828871e+08  ,6.236827618205e-09  ,9.293816748067e-07  
  1.389952631213e+08  ,6.230662299871e-09  ,9.283123484493e-07  
  1.393156802945e+08  ,6.224486847582e-09  ,9.272442524511e-07  
  1.396368361055e+08  ,6.218301293528e-09  ,9.261773853961e-07  
  1.399587322572e+08  ,6.212105670139e-09  ,9.251117458701e-07  
  1.402813704561e+08  ,6.205900010084e-09  ,9.240473324604e-07  
  1.406047524129e+08  ,6.199684346264e-09  ,9.229841437559e-07  
  1.409288798421e+08  ,6.193458711822e-09  ,9.219221783474e-07  
  1.412537544622e+08  ,6.187223140131e-09  ,9.208614348270e-07  
  1.415793779956e+08  ,6.180977664801e-09  ,9.198019117886e-07  
  1.419057521688e+08  ,6.174722319676e-09  ,9.187436078275e-07  
  1.422328787122e+08  ,6.168457138831e-09  ,9.176865215410e-07  
  1.425607593601e+08  ,6.162182156574e-09  ,9.166306515277e-07  
  1.428893958510e+08  ,6.155897407446e-09  ,9.155759963879e-07  
  1.432187899273e+08  ,6.149602926216e-09  ,9.145225547235e-07  
  1.435489433353e+08  ,6.143298747884e-09  ,9.134703251380e-07  
  1.438798578255e+08  ,6.136984907677e-09  ,9.124193062367e-07  
  1.442115351524e+08  ,6.130661441052e-09  ,9.113694966261e-07  
  1.445439770745e+08  ,6.124328383692e-09  ,9.103208949147e-07  
  1.448771853544e+08  ,6.117985771506e-09  ,9.092734997125e-07  
  1.452111617587e+08  ,6.111633640629e-09  ,9.082273096308e-07  
  1.455459080581e+08  ,6.105272027419e-09  ,9.071823232830e-07  
  1.458814260275e+08  ,6.098900968459e-09  ,9.061385392837e-07  
  1.462177174456e+08  ,6.092520500552e-09  ,9.050959562493e-07  
  1.465547840955e+08  ,6.086130660724e-09  ,9.040545727977e-07  
  1.468926277643e+08  ,6.079731486222e-09  ,9.030143875484e-07  
  1.472312502432e+08  ,6.073323014512e-09  ,9.019753991225e-07  
  1.475706533275e+08  ,6.066905283277e-09  ,9.009376061428e-07  
  1.479108388167e+08  ,6.060478330419e-09  ,8.999010072334e-07  
  1.482518085145e+08  ,6.054042194057e-09  ,8.988656010203e-07  
  1.485935642286e+08  ,6.047596912524e-09  ,8.978313861309e-07  
  1.489361077710e+08  ,6.041142524367e-09  ,8.967983611942e-07  
  1.492794409578e+08  ,6.034679068348e-09  ,8.957665248409e-07  
  1.496235656094e+08  ,6.028206583439e-09  ,8.947358757031e-07  
  1.499684835502e+08  ,6.021725108826e-09  ,8.937064124145e-07  
  1.503141966089e+08  ,6.015234683902e-09  ,8.926781336105e-07  
  1.506607066186e+08  ,6.008735348271e-09  ,8.916510379280e-07  
  1.510080154163e+08  ,6.002227141743e-09  ,8.906251240054e-07  
  1.513561248435e+08  ,5.995710104337e-09  ,8.896003904829e-07  
  1.517050367459e+08  ,5.989184276275e-09  ,8.885768360019e-07  
  1.520547529732e+08  ,5.982649697985e-09  ,8.875544592056e-07  
  1.524052753796e+08  ,5.976106410097e-09  ,8.865332587388e-07  
  1.527566058237e+08  ,5.969554453443e-09  ,8.855132332478e-07  
  1.531087461681e+08  ,5.962993869057e-09  ,8.844943813803e-07  
  1.534616982798e+08  ,5.956424698172e-09  ,8.834767017859e-07  
  1.538154640302e+08  ,5.949846982218e-09  ,8.824601931154e-07  
  1.541700452949e+08  ,5.943260762823e-09  ,8.814448540213e-07  
  1.545254439538e+08  ,5.936666081812e-09  ,8.804306831577e-07  
  1.548816618912e+08  ,5.930062981203e-09  ,8.794176791803e-07  
  1.552387009957e+08  ,5.923451503207e-09  ,8.784058407461e-07  
  1.555965631604e+08  ,5.916831690229e-09  ,8.773951665140e-07  
  1.559552502826e+08  ,5.910203584862e-09  ,8.763856551440e-07  
  1.563147642640e+08  ,5.903567229892e-09  ,8.753773052980e-07  
  1.566751070107e+08  ,5.896922668289e-09  ,8.743701156393e-07  
  1.570362804333e+08  ,5.890269943213e-09  ,8.733640848329e-07  
  1.573982864465e+08  ,5.883609098009e-09  ,8.723592115450e-07  
  1.577611269698e+08  ,5.876940176204e-09  ,8.713554944437e-07  
  1.581248039270e+08  ,5.870263221509e-09  ,8.703529321984e-07  
  1.584893192460e+08  ,5.863578277818e-09  ,8.693515234801e-07  
  1.588546748597e+08  ,5.856885389203e-09  ,8.683512669613e-07  
  1.592208727050e+08  ,5.850184599915e-09  ,8.673521613162e-07  
  1.595879147236e+08  ,5.843475954382e-09  ,8.663542052202e-07  
  1.599558028614e+08  ,5.836759497210e-09  ,8.653573973505e-07  
  1.603245390689e+08  ,5.830035273176e-09  ,8.643617363858e-07  
  1.606941253012e+08  ,5.823303327232e-09  ,8.633672210062e-07  
  1.610645635177e+08  ,5.816563704501e-09  ,8.623738498933e-07  
  1.614358556826e+08  ,5.809816450277e-09  ,8.613816217305e-07  
  1.618080037642e+08  ,5.803061610021e-09  ,8.603905352023e-07  
  1.621810097358e+08  ,5.796299229363e-09  ,8.594005889949e-07  
  1.625548755750e+08  ,5.789529354098e-09  ,8.584117817963e-07  
  1.629296032639e+08  ,5.782752030183e-09  ,8.574241122955e-07  
  1.633051947893e+08  ,5.775967303742e-09  ,8.564375791833e-07  
  1.636816521427e+08  ,5.769175221057e-09  ,8.554521811521e-07  
  1.640589773199e+08  ,5.762375828571e-09  ,8.544679168955e-07  
  1.644371723214e+08  ,5.755569172884e-09  ,8.534847851089e-07  
  1.648162391525e+08  ,5.748755300754e-09  ,8.525027844889e-07  
  1.651961798228e+08  ,5.741934259094e-09  ,8.515219137340e-07  
  1.655769963469e+08  ,5.735106094969e-09  ,8.505421715439e-07  
  1.659586907437e+08  ,5.728270855599e-09  ,8.495635566197e-07  
  1.663412650369e+08  ,5.721428588351e-09  ,8.485860676644e-07  
  1.667247212550e+08  ,5.714579340743e-09  ,8.476097033821e-07  
  1.671090614310e+08  ,5.707723160441e-09  ,8.466344624787e-07  
  1.674942876026e+08  ,5.700860095254e-09  ,8.456603436613e-07  
  1.678804018122e+08  ,5.693990193138e-09  ,8.446873456387e-07  
  1.682674061070e+08  ,5.687113502189e-09  ,8.437154671211e-07  
  1.686553025388e+08  ,5.680230070646e-09  ,8.427447068201e-07  
  1.690440931642e+08  ,5.673339946886e-09  ,8.417750634491e-07  
  1.694337800446e+08  ,5.666443179425e-09  ,8.408065357226e-07  
  1.698243652461e+08  ,5.659539816914e-09  ,8.398391223568e-07  
  1.702158508394e+08  ,5.652629908139e-09  ,8.388728220693e-07  
  1.706082389002e+08  ,5.645713502017e-09  ,8.379076335793e-07  
  1.710015315089e+08  ,5.638790647599e-09  ,8.369435556072e-07  
  1.713957307507e+08  ,5.631861394063e-09  ,8.359805868752e-07  
  1.717908387157e+08  ,5.624925790716e-09  ,8.350187261067e-07  
  1.721868574985e+08  ,5.617983886992e-09  ,8.340579720267e-07  
  1.725837891989e+08  ,5.611035732448e-09  ,8.330983233618e-07  
  1.729816359214e+08  ,5.604081376764e-09  ,8.321397788398e-07  
  1.733803997753e+08  ,5.597120869742e-09  ,8.311823371901e-07  
  1.737800828748e+08  ,5.590154261301e-09  ,8.302259971436e-07  
  1.741806873391e+08  ,5.583181601481e-09  ,8.292707574325e-07  
  1.745822152920e+08  ,5.576202940436e-09  ,8.283166167907e-07  
  1.749846688624e+08  ,5.569218328435e-09  ,8.273635739534e-07  
  1.753880501841e+08  ,5.562227815859e-09  ,8.264116276572e-07  
  1.757923613958e+08  ,5.555231453200e-09  ,8.254607766403e-07  
  1.761976046411e+08  ,5.548229291060e-09  ,8.245110196423e-07  
  1.766037820685e+08  ,5.541221380147e-09  ,8.235623554043e-07  
  1.770108958316e+08  ,5.534207771275e-09  ,8.226147826686e-07  
  1.774189480889e+08  ,5.527188515364e-09  ,8.216683001794e-07  
  1.778279410038e+08  ,5.520163663433e-09  ,8.207229066819e-07  
  1.782378767447e+08  ,5.513133266603e-09  ,8.197786009229e-07  
  1.786487574851e+08  ,5.506097376094e-09  ,8.188353816509e-07  
  1.790605854034e+08  ,5.499056043223e-09  ,8.178932476154e-07  
  1.794733626832e+08  ,5.492009319400e-09  ,8.169521975677e-07  
  1.798870915128e+08  ,5.484957256133e-09  ,8.160122302603e-07  
  1.803017740859e+08  ,5.477899905016e-09  ,8.150733444472e-07  
  1.807174126010e+08  ,5.470837317737e-09  ,8.141355388839e-07  
  1.811340092619e+08  ,5.463769546071e-09  ,8.131988123274e-07  
  1.815515662772e+08  ,5.456696641879e-09  ,8.122631635359e-07  
  1.819700858609e+08  ,5.449618657105e-09  ,8.113285912693e-07  
  1.823895702319e+08  ,5.442535643780e-09  ,8.103950942886e-07  
  1.828100216142e+08  ,5.435447654012e-09  ,8.094626713565e-07  
  1.832314422370e+08  ,5.428354739989e-09  ,8.085313212370e-07  
  1.836538343347e+08  ,5.421256953979e-09  ,8.076010426957e-07  
  1.840772001468e+08  ,5.414154348321e-09  ,8.066718344993e-07  
  1.845015419178e+08  ,5.407046975433e-09  ,8.057436954163e-07  
  1.849268618977e+08  ,5.399934887801e-09  ,8.048166242162e-07  
  1.853531623414e+08  ,5.392818137982e-09  ,8.038906196702e-07  
  1.857804455091e+08  ,5.385696778604e-09  ,8.029656805510e-07  
  1.862087136662e+08  ,5.378570862359e-09  ,8.020418056324e-07  
  1.866379690834e+08  ,5.371440442004e-09  ,8.011189936898e-07  
  1.870682140365e+08  ,5.364305570360e-09  ,8.001972435001e-07  
  1.874994508066e+08  ,5.357166300308e-09  ,7.992765538413e-07  
  1.879316816802e+08  ,5.350022684791e-09  ,7.983569234932e-07  
  1.883649089489e+08  ,5.342874776806e-09  ,7.974383512367e-07  
  1.887991349095e+08  ,5.335722629409e-09  ,7.965208358542e-07  
  1.892343618644e+08  ,5.328566295707e-09  ,7.956043761296e-07  
  1.896705921210e+08  ,5.321405828862e-09  ,7.946889708480e-07  
  1.901078279922e+08  ,5.314241282085e-09  ,7.937746187961e-07  
  1.905460717962e+08  ,5.307072708636e-09  ,7.928613187618e-07  
  1.909853258565e+08  ,5.299900161820e-09  ,7.919490695347e-07  
  1.914255925020e+08  ,5.292723694989e-09  ,7.910378699054e-07  
  1.918668740669e+08  ,5.285543361538e-09  ,7.901277186662e-07  
  1.923091728909e+08  ,5.278359214903e-09  ,7.892186146106e-07  
  1.927524913190e+08  ,5.271171308558e-09  ,7.883105565337e-07  
  1.931968317016e+08  ,5.263979696016e-09  ,7.874035432317e-07  
  1.936421963946e+08  ,5.256784430828e-09  ,7.864975735025e-07  
  1.940885877592e+08  ,5.249585566575e-09  ,7.855926461451e-07  
  1.945360081622e+08  ,5.242383156873e-09  ,7.846887599600e-07  
  1.949844599757e+08  ,5.235177255367e-09  ,7.837859137493e-07  
  1.954339455774e+08  ,5.227967915733e-09  ,7.828841063160e-07  
  1.958844673505e+08  ,5.220755191671e-09  ,7.819833364649e-07  
  1.963360276835e+08  ,5.213539136907e-09  ,7.810836030021e-07  
  1.967886289706e+08  ,5.206319805191e-09  ,7.801849047348e-07  
  1.972422736114e+08  ,5.199097250295e-09  ,7.792872404719e-07  
  1.976969640111e+08  ,5.191871526009e-09  ,7.783906090235e-07  
  1.981527025804e+08  ,5.184642686142e-09  ,7.774950092012e-07  
  1.986094917356e+08  ,5.177410784519e-09  ,7.766004398178e-07  
  1.990673338986e+08  ,5.170175874978e-09  ,7.757068996875e-07  
  1.995262314968e+08  ,5.162938011371e-09  ,7.748143876261e-07  
  1.999861869632e+08  ,5.155697247561e-09  ,7.739229024504e-07  
  2.004472027364e+08  ,5.148453637419e-09  ,7.730324429788e-07  
  2.009092812608e+08  ,5.141207234823e-09  ,7.721430080311e-07  
  2.013724249861e+08  ,5.133958093657e-09  ,7.712545964282e-07  
  2.018366363680e+08  ,5.126706267810e-09  ,7.703672069927e-07  
  2.023019178677e+08  ,5.119451811169e-09  ,7.694808385482e-07  
  2.027682719520e+08  ,5.112194777626e-09  ,7.685954899199e-07  
  2.032357010935e+08  ,5.104935221067e-09  ,7.677111599344e-07  
  2.037042077705e+08  ,5.097673195377e-09  ,7.668278474193e-07  
  2.041737944668e+08  ,5.090408754435e-09  ,7.659455512040e-07  
  2.046444636724e+08  ,5.083141952115e-09  ,7.650642701189e-07  
  2.051162178824e+08  ,5.075872842279e-09  ,7.641840029959e-07  
  2.055890595983e+08  ,5.068601478780e-09  ,7.633047486683e-07  
  2.060629913269e+08  ,5.061327915461e-09  ,7.624265059705e-07  
  2.065380155809e+08  ,5.054052206147e-09  ,7.615492737387e-07  
  2.070141348790e+08  ,5.046774404652e-09  ,7.606730508098e-07  
  2.074913517454e+08  ,5.039494564769e-09  ,7.597978360227e-07  
  2.079696687103e+08  ,5.032212740273e-09  ,7.589236282171e-07  
  2.084490883096e+08  ,5.024928984919e-09  ,7.580504262344e-07  
  2.089296130853e+08  ,5.017643352440e-09  ,7.571782289172e-07  
  2.094112455850e+08  ,5.010355896542e-09  ,7.563070351093e-07  
  2.098939883622e+08  ,5.003066670908e-09  ,7.554368436561e-07  
  2.103778439765e+08  ,4.995775729193e-09  ,7.545676534041e-07  
  2.108628149932e+08  ,4.988483125021e-09  ,7.536994632013e-07  
  2.113489039835e+08  ,4.981188911986e-09  ,7.528322718968e-07  
  2.118361135247e+08  ,4.973893143651e-09  ,7.519660783414e-07  
  2.123244461999e+08  ,4.966595873542e-09  ,7.511008813867e-07  
  2.128139045982e+08  ,4.959297155150e-09  ,7.502366798862e-07  
  2.133044913145e+08  ,4.951997041930e-09  ,7.493734726943e-07  
  2.137962089501e+08  ,4.944695587296e-09  ,7.485112586668e-07  
  2.142890601119e+08  ,4.937392844621e-09  ,7.476500366610e-07  
  2.147830474129e+08  ,4.930088867235e-09  ,7.467898055353e-07  
  2.152781734723e+08  ,4.922783708426e-09  ,7.459305641496e-07  
  2.157744409151e+08  ,4.915477421435e-09  ,7.450723113649e-07  
  2.162718523726e+08  ,4.908170059454e-09  ,7.442150460437e-07  
  2.167704104818e+08  ,4.900861675628e-09  ,7.433587670497e-07  
  2.172701178863e+08  ,4.893552323050e-09  ,7.425034732480e-07  
  2.177709772352e+08  ,4.886242054762e-09  ,7.416491635049e-07  
  2.182729911842e+08  ,4.878930923750e-09  ,7.407958366880e-07  
  2.187761623948e+08  ,4.871618982948e-09  ,7.399434916664e-07  
  2.192804935349e+08  ,4.864306285228e-09  ,7.390921273103e-07  
  2.197859872784e+08  ,4.856992883409e-09  ,7.382417424913e-07  
  2.202926463052e+08  ,4.849678830244e-09  ,7.373923360822e-07  
  2.208004733018e+08  ,4.842364178430e-09  ,7.365439069572e-07  
  2.213094709604e+08  ,4.835048980595e-09  ,7.356964539918e-07  
  2.218196419799e+08  ,4.827733289307e-09  ,7.348499760627e-07  
  2.223309890650e+08  ,4.820417157064e-09  ,7.340044720480e-07  
  2.228435149269e+08  ,4.813100636299e-09  ,7.331599408269e-07  
  2.233572222829e+08  ,4.805783779373e-09  ,7.323163812802e-07  
  2.238721138567e+08  ,4.798466638577e-09  ,7.314737922897e-07  
  2.243881923782e+08  ,4.791149266131e-09  ,7.306321727387e-07  
  2.249054605835e+08  ,4.783831714177e-09  ,7.297915215116e-07  
  2.254239212151e+08  ,4.776514034787e-09  ,7.289518374943e-07  
  2.259435770220e+08  ,4.769196279951e-09  ,7.281131195738e-07  
  2.264644307592e+08  ,4.761878501584e-09  ,7.272753666383e-07  
  2.269864851883e+08  ,4.754560751519e-09  ,7.264385775777e-07  
  2.275097430771e+08  ,4.747243081509e-09  ,7.256027512827e-07  
  2.280342071999e+08  ,4.739925543223e-09  ,7.247678866455e-07  
  2.285598803374e+08  ,4.732608188247e-09  ,7.239339825596e-07  
  2.290867652767e+08  ,4.725291068081e-09  ,7.231010379197e-07  
  2.296148648111e+08  ,4.717974234136e-09  ,7.222690516219e-07  
  2.301441817407e+08  ,4.710657737737e-09  ,7.214380225633e-07  
  2.306747188719e+08  ,4.703341630119e-09  ,7.206079496426e-07  
  2.312064790174e+08  ,4.696025962423e-09  ,7.197788317594e-07  
  2.317394649967e+08  ,4.688710785700e-09  ,7.189506678150e-07  
  2.322736796356e+08  ,4.681396150907e-09  ,7.181234567117e-07  
  2.328091257664e+08  ,4.674082108902e-09  ,7.172971973530e-07  
  2.333458062280e+08  ,4.666768710451e-09  ,7.164718886439e-07  
  2.338837238658e+08  ,4.659456006218e-09  ,7.156475294904e-07  
  2.344228815319e+08  ,4.652144046770e-09  ,7.148241187999e-07  
  2.349632820847e+08  ,4.644832882572e-09  ,7.140016554812e-07  
  2.355049283895e+08  ,4.637522563986e-09  ,7.131801384440e-07  
  2.360478233179e+08  ,4.630213141272e-09  ,7.123595665997e-07  
  2.365919697484e+08  ,4.622904664586e-09  ,7.115399388605e-07  
  2.371373705660e+08  ,4.615597183974e-09  ,7.107212541401e-07  
  2.376840286624e+08  ,4.608290749379e-09  ,7.099035113535e-07  
  2.382319469357e+08  ,4.600985410633e-09  ,7.090867094168e-07  
  2.387811282912e+08  ,4.593681217459e-09  ,7.082708472474e-07  
  2.393315756404e+08  ,4.586378219469e-09  ,7.074559237641e-07  
  2.398832919018e+08  ,4.579076466160e-09  ,7.066419378866e-07  
  2.404362800006e+08  ,4.571776006919e-09  ,7.058288885362e-07  
  2.409905428685e+08  ,4.564476891017e-09  ,7.050167746353e-07  
  2.415460834444e+08  ,4.557179167607e-09  ,7.042055951074e-07  
  2.421029046735e+08  ,4.549882885727e-09  ,7.033953488774e-07  
  2.426610095081e+08  ,4.542588094295e-09  ,7.025860348716e-07  
  2.432204009072e+08  ,4.535294842111e-09  ,7.017776520171e-07  
  2.437810818367e+08  ,4.528003177852e-09  ,7.009701992426e-07  
  2.443430552693e+08  ,4.520713150074e-09  ,7.001636754779e-07  
  2.449063241843e+08  ,4.513424807211e-09  ,6.993580796541e-07  
  2.454708915684e+08  ,4.506138197571e-09  ,6.985534107034e-07  
  2.460367604146e+08  ,4.498853369336e-09  ,6.977496675593e-07  
  2.466039337233e+08  ,4.491570370564e-09  ,6.969468491566e-07  
  2.471724145015e+08  ,4.484289249184e-09  ,6.961449544313e-07  
  2.477422057632e+08  ,4.477010052994e-09  ,6.953439823204e-07  
  2.483133105294e+08  ,4.469732829666e-09  ,6.945439317625e-07  
  2.488857318281e+08  ,4.462457626738e-09  ,6.937448016972e-07  
  2.494594726942e+08  ,4.455184491618e-09  ,6.929465910653e-07  
  2.500345361695e+08  ,4.447913471579e-09  ,6.921492988089e-07  
  2.506109253031e+08  ,4.440644613762e-09  ,6.913529238713e-07  
  2.511886431508e+08  ,4.433377965170e-09  ,6.905574651970e-07  
  2.517676927757e+08  ,4.426113572672e-09  ,6.897629217317e-07  
  2.523480772479e+08  ,4.418851482999e-09  ,6.889692924223e-07  
  2.529297996445e+08  ,4.411591742744e-09  ,6.881765762171e-07  
  2.535128630497e+08  ,4.404334398360e-09  ,6.873847720654e-07  
  2.540972705548e+08  ,4.397079496160e-09  ,6.865938789177e-07  
  2.546830252584e+08  ,4.389827082318e-09  ,6.858038957259e-07  
  2.552701302660e+08  ,4.382577202861e-09  ,6.850148214429e-07  
  2.558585886904e+08  ,4.375329903678e-09  ,6.842266550228e-07  
  2.564484036516e+08  ,4.368085230510e-09  ,6.834393954213e-07  
  2.570395782767e+08  ,4.360843228955e-09  ,6.826530415947e-07  
  2.576321157001e+08  ,4.353603944465e-09  ,6.818675925009e-07  
  2.582260190633e+08  ,4.346367422344e-09  ,6.810830470989e-07  
  2.588212915152e+08  ,4.339133707750e-09  ,6.802994043490e-07  
  2.594179362117e+08  ,4.331902845689e-09  ,6.795166632125e-07  
  2.600159563164e+08  ,4.324674881022e-09  ,6.787348226519e-07  
  2.606153549997e+08  ,4.317449858456e-09  ,6.779538816312e-07  
  2.612161354398e+08  ,4.310227822548e-09  ,6.771738391152e-07  
  2.618183008218e+08  ,4.303008817704e-09  ,6.763946940702e-07  
  2.624218543383e+08  ,4.295792888174e-09  ,6.756164454635e-07  
  2.630267991894e+08  ,4.288580078057e-09  ,6.748390922637e-07  
  2.636331385824e+08  ,4.281370431297e-09  ,6.740626334405e-07  
  2.642408757320e+08  ,4.274163991682e-09  ,6.732870679648e-07  
  2.648500138605e+08  ,4.266960802842e-09  ,6.725123948087e-07  
  2.654605561974e+08  ,4.259760908255e-09  ,6.717386129456e-07  
  2.660725059797e+08  ,4.252564351235e-09  ,6.709657213499e-07  
  2.666858664520e+08  ,4.245371174943e-09  ,6.701937189972e-07  
  2.673006408662e+08  ,4.238181422376e-09  ,6.694226048645e-07  
  2.679168324818e+08  ,4.230995136375e-09  ,6.686523779297e-07  
  2.685344445657e+08  ,4.223812359619e-09  ,6.678830371720e-07  
  2.691534803925e+08  ,4.216633134623e-09  ,6.671145815718e-07  
  2.697739432443e+08  ,4.209457503743e-09  ,6.663470101106e-07  
  2.703958364107e+08  ,4.202285509171e-09  ,6.655803217711e-07  
  2.710191631889e+08  ,4.195117192935e-09  ,6.648145155373e-07  
  2.716439268838e+08  ,4.187952596900e-09  ,6.640495903941e-07  
  2.722701308076e+08  ,4.180791762765e-09  ,6.632855453278e-07  
  2.728977782807e+08  ,4.173634732064e-09  ,6.625223793258e-07  
  2.735268726305e+08  ,4.166481546163e-09  ,6.617600913767e-07  
  2.741574171926e+08  ,4.159332246265e-09  ,6.609986804701e-07  
  2.747894153101e+08  ,4.152186873401e-09  ,6.602381455970e-07  
  2.754228703337e+08  ,4.145045468438e-09  ,6.594784857494e-07  
  2.760577856219e+08  ,4.137908072072e-09  ,6.587196999205e-07  
  2.766941645410e+08  ,4.130774724830e-09  ,6.579617871046e-07  
  2.773320104650e+08  ,4.123645467070e-09  ,6.572047462974e-07  
  2.779713267758e+08  ,4.116520338978e-09  ,6.564485764954e-07  
  2.786121168628e+08  ,4.109399380570e-09  ,6.556932766965e-07  
  2.792543841236e+08  ,4.102282631692e-09  ,6.549388458998e-07  
  2.798981319633e+08  ,4.095170132016e-09  ,6.541852831052e-07  
  2.805433637950e+08  ,4.088061921041e-09  ,6.534325873142e-07  
  2.811900830397e+08  ,4.080958038094e-09  ,6.526807575292e-07  
  2.818382931263e+08  ,4.073858522329e-09  ,6.519297927538e-07  
  2.824879974914e+08  ,4.066763412725e-09  ,6.511796919926e-07  
  2.831391995798e+08  ,4.059672748086e-09  ,6.504304542517e-07  
  2.837919028440e+08  ,4.052586567042e-09  ,6.496820785380e-07  
  2.844461107446e+08  ,4.045504908046e-09  ,6.489345638596e-07  
  2.851018267502e+08  ,4.038427809377e-09  ,6.481879092260e-07  
  2.857590543373e+08  ,4.031355309135e-09  ,6.474421136476e-07  
  2.864177969905e+08  ,4.024287445247e-09  ,6.466971761358e-07  
  2.870780582023e+08  ,4.017224255459e-09  ,6.459530957036e-07  
  2.877398414734e+08  ,4.010165777340e-09  ,6.452098713648e-07  
  2.884031503125e+08  ,4.003112048283e-09  ,6.444675021343e-07  
  2.890679882364e+08  ,3.996063105500e-09  ,6.437259870283e-07  
  2.897343587700e+08  ,3.989018986026e-09  ,6.429853250640e-07  
  2.904022654463e+08  ,3.981979726716e-09  ,6.422455152600e-07  
  2.910717118065e+08  ,3.974945364244e-09  ,6.415065566356e-07  
  2.917427014000e+08  ,3.967915935107e-09  ,6.407684482116e-07  
  2.924152377842e+08  ,3.960891475620e-09  ,6.400311890098e-07  
  2.930893245249e+08  ,3.953872021916e-09  ,6.392947780530e-07  
  2.937649651960e+08  ,3.946857609950e-09  ,6.385592143654e-07  
  2.944421633797e+08  ,3.939848275493e-09  ,6.378244969720e-07  
  2.951209226665e+08  ,3.932844054136e-09  ,6.370906248992e-07  
  2.958012466550e+08  ,3.925844981288e-09  ,6.363575971743e-07  
  2.964831389523e+08  ,3.918851092176e-09  ,6.356254128260e-07  
  2.971666031736e+08  ,3.911862421842e-09  ,6.348940708837e-07  
  2.978516429428e+08  ,3.904879005150e-09  ,6.341635703784e-07  
  2.985382618916e+08  ,3.897900876776e-09  ,6.334339103418e-07  
  2.992264636607e+08  ,3.890928071217e-09  ,6.327050898070e-07  
  2.999162518986e+08  ,3.883960622784e-09  ,6.319771078081e-07  
  3.006076302627e+08  ,3.876998565606e-09  ,6.312499633803e-07  
  3.013006024184e+08  ,3.870041933626e-09  ,6.305236555599e-07  
  3.019951720400e+08  ,3.863090760604e-09  ,6.297981833843e-07  
  3.026913428100e+08  ,3.856145080117e-09  ,6.290735458922e-07  
  3.033891184193e+08  ,3.849204925555e-09  ,6.283497421231e-07  
  3.040885025675e+08  ,3.842270330126e-09  ,6.276267711178e-07  
  3.047894989626e+08  ,3.835341326850e-09  ,6.269046319182e-07  
  3.054921113214e+08  ,3.828417948565e-09  ,6.261833235672e-07  
  3.061963433689e+08  ,3.821500227923e-09  ,6.254628451090e-07  
  3.069021988389e+08  ,3.814588197390e-09  ,6.247431955886e-07  
  3.076096814739e+08  ,3.807681889246e-09  ,6.240243740524e-07  
  3.083187950248e+08  ,3.800781335587e-09  ,6.233063795477e-07  
  3.090295432512e+08  ,3.793886568323e-09  ,6.225892111229e-07  
  3.097419299215e+08  ,3.786997619177e-09  ,6.218728678277e-07  
  3.104559588127e+08  ,3.780114519687e-09  ,6.211573487127e-07  
  3.111716337104e+08  ,3.773237301205e-09  ,6.204426528296e-07  
  3.118889584092e+08  ,3.766365994898e-09  ,6.197287792312e-07  
  3.126079367122e+08  ,3.759500631745e-09  ,6.190157269715e-07  
  3.133285724314e+08  ,3.752641242538e-09  ,6.183034951056e-07  
  3.140508693874e+08  ,3.745787857887e-09  ,6.175920826894e-07  
  3.147748314100e+08  ,3.738940508211e-09  ,6.168814887803e-07  
  3.155004623373e+08  ,3.732099223746e-09  ,6.161717124364e-07  
  3.162277660167e+08  ,3.725264034539e-09  ,6.154627527171e-07  
  3.169567463042e+08  ,3.718434970452e-09  ,6.147546086829e-07  
  3.176874070648e+08  ,3.711612061161e-09  ,6.140472793953e-07  
  3.184197521724e+08  ,3.704795336154e-09  ,6.133407639169e-07  
  3.191537855099e+08  ,3.697984824735e-09  ,6.126350613114e-07  
  3.198895109690e+08  ,3.691180556019e-09  ,6.119301706435e-07  
  3.206269324504e+08  ,3.684382558935e-09  ,6.112260909791e-07  
  3.213660538639e+08  ,3.677590862228e-09  ,6.105228213851e-07  
  3.221068791282e+08  ,3.670805494455e-09  ,6.098203609294e-07  
  3.228494121711e+08  ,3.664026483985e-09  ,6.091187086812e-07  
  3.235936569294e+08  ,3.657253859003e-09  ,6.084178637106e-07  
  3.243396173492e+08  ,3.650487647508e-09  ,6.077178250888e-07  
  3.250872973853e+08  ,3.643727877312e-09  ,6.070185918880e-07  
  3.258367010018e+08  ,3.636974576041e-09  ,6.063201631816e-07  
  3.265878321722e+08  ,3.630227771134e-09  ,6.056225380439e-07  
  3.273406948787e+08  ,3.623487489847e-09  ,6.049257155506e-07  
  3.280952931129e+08  ,3.616753759246e-09  ,6.042296947780e-07  
  3.288516308758e+08  ,3.610026606216e-09  ,6.035344748038e-07  
  3.296097121773e+08  ,3.603306057452e-09  ,6.028400547067e-07  
  3.303695410366e+08  ,3.596592139468e-09  ,6.021464335663e-07  
  3.311311214824e+08  ,3.589884878588e-09  ,6.014536104635e-07  
  3.318944575524e+08  ,3.583184300954e-09  ,6.007615844801e-07  
  3.326595532938e+08  ,3.576490432522e-09  ,6.000703546990e-07  
  3.334264127630e+08  ,3.569803299063e-09  ,5.993799202041e-07  
  3.341950400259e+08  ,3.563122926164e-09  ,5.986902800805e-07  
  3.349654391576e+08  ,3.556449339225e-09  ,5.980014334141e-07  
  3.357376142428e+08  ,3.549782563464e-09  ,5.973133792922e-07  
  3.365115693753e+08  ,3.543122623914e-09  ,5.966261168028e-07  
  3.372873086587e+08  ,3.536469545424e-09  ,5.959396450353e-07  
  3.380648362058e+08  ,3.529823352659e-09  ,5.952539630798e-07  
  3.388441561390e+08  ,3.523184070099e-09  ,5.945690700276e-07  
  3.396252725902e+08  ,3.516551722044e-09  ,5.938849649711e-07  
  3.404081897008e+08  ,3.509926332605e-09  ,5.932016470038e-07  
  3.411929116217e+08  ,3.503307925716e-09  ,5.925191152199e-07  
  3.419794425135e+08  ,3.496696525125e-09  ,5.918373687151e-07  
  3.427677865463e+08  ,3.490092154396e-09  ,5.911564065859e-07  
  3.435579478997e+08  ,3.483494836914e-09  ,5.904762279297e-07  
  3.443499307631e+08  ,3.476904595880e-09  ,5.897968318453e-07  
  3.451437393357e+08  ,3.470321454312e-09  ,5.891182174322e-07  
  3.459393778259e+08  ,3.463745435048e-09  ,5.884403837912e-07  
  3.467368504523e+08  ,3.457176560745e-09  ,5.877633300239e-07  
  3.475361614430e+08  ,3.450614853876e-09  ,5.870870552331e-07  
  3.483373150358e+08  ,3.444060336737e-09  ,5.864115585225e-07  
  3.491403154784e+08  ,3.437513031440e-09  ,5.857368389971e-07  
  3.499451670282e+08  ,3.430972959918e-09  ,5.850628957625e-07  
  3.507518739524e+08  ,3.424440143924e-09  ,5.843897279258e-07  
  3.515604405281e+08  ,3.417914605032e-09  ,5.837173345947e-07  
  3.523708710423e+08  ,3.411396364635e-09  ,5.830457148782e-07  
  3.531831697918e+08  ,3.404885443948e-09  ,5.823748678863e-07  
  3.539973410832e+08  ,3.398381864006e-09  ,5.817047927300e-07  
  3.548133892334e+08  ,3.391885645667e-09  ,5.810354885211e-07  
  3.556313185688e+08  ,3.385396809609e-09  ,5.803669543729e-07  
  3.564511334260e+08  ,3.378915376333e-09  ,5.796991893992e-07  
  3.572728381517e+08  ,3.372441366164e-09  ,5.790321927152e-07  
  3.580964371024e+08  ,3.365974799246e-09  ,5.783659634369e-07  
  3.589219346448e+08  ,3.359515695549e-09  ,5.777005006814e-07  
  3.597493351555e+08  ,3.353064074867e-09  ,5.770358035669e-07  
  3.605786430214e+08  ,3.346619956815e-09  ,5.763718712124e-07  
  3.614098626394e+08  ,3.340183360835e-09  ,5.757087027382e-07  
  3.622429984165e+08  ,3.333754306192e-09  ,5.750462972653e-07  
  3.630780547699e+08  ,3.327332811975e-09  ,5.743846539160e-07  
  3.639150361270e+08  ,3.320918897100e-09  ,5.737237718133e-07  
  3.647539469254e+08  ,3.314512580309e-09  ,5.730636500816e-07  
  3.655947916129e+08  ,3.308113880168e-09  ,5.724042878459e-07  
  3.664375746476e+08  ,3.301722815071e-09  ,5.717456842326e-07  
  3.672823004979e+08  ,3.295339403238e-09  ,5.710878383687e-07  
  3.681289736423e+08  ,3.288963662716e-09  ,5.704307493825e-07  
  3.689775985699e+08  ,3.282595611381e-09  ,5.697744164033e-07  
  3.698281797801e+08  ,3.276235266935e-09  ,5.691188385612e-07  
  3.706807217824e+08  ,3.269882646910e-09  ,5.684640149874e-07  
  3.715352290970e+08  ,3.263537768666e-09  ,5.678099448142e-07  
  3.723917062544e+08  ,3.257200649393e-09  ,5.671566271748e-07  
  3.732501577955e+08  ,3.250871306109e-09  ,5.665040612033e-07  
  3.741105882718e+08  ,3.244549755663e-09  ,5.658522460351e-07  
  3.749730022453e+08  ,3.238236014736e-09  ,5.652011808063e-07  
  3.758374042882e+08  ,3.231930099837e-09  ,5.645508646541e-07  
  3.767037989837e+08  ,3.225632027309e-09  ,5.639012967167e-07  
  3.775721909252e+08  ,3.219341813325e-09  ,5.632524761333e-07  
  3.784425847169e+08  ,3.213059473891e-09  ,5.626044020440e-07  
  3.793149849735e+08  ,3.206785024846e-09  ,5.619570735901e-07  
  3.801893963203e+08  ,3.200518481862e-09  ,5.613104899136e-07  
  3.810658233936e+08  ,3.194259860443e-09  ,5.606646501578e-07  
  3.819442708398e+08  ,3.188009175930e-09  ,5.600195534667e-07  
  3.828247433166e+08  ,3.181766443497e-09  ,5.593751989854e-07  
  3.837072454921e+08  ,3.175531678151e-09  ,5.587315858601e-07  
  3.845917820451e+08  ,3.169304894739e-09  ,5.580887132378e-07  
  3.854783576656e+08  ,3.163086107939e-09  ,5.574465802666e-07  
  3.863669770539e+08  ,3.156875332269e-09  ,5.568051860956e-07  
  3.872576449214e+08  ,3.150672582082e-09  ,5.561645298747e-07  
  3.881503659904e+08  ,3.144477871570e-09  ,5.555246107549e-07  
  3.890451449941e+08  ,3.138291214761e-09  ,5.548854278882e-07  
  3.899419866763e+08  ,3.132112625523e-09  ,5.542469804276e-07  
  3.908408957922e+08  ,3.125942117561e-09  ,5.536092675270e-07  
  3.917418771076e+08  ,3.119779704420e-09  ,5.529722883413e-07  
  3.926449353994e+08  ,3.113625399487e-09  ,5.523360420263e-07  
  3.935500754556e+08  ,3.107479215987e-09  ,5.517005277390e-07  
  3.944573020751e+08  ,3.101341166985e-09  ,5.510657446370e-07  
  3.953666200679e+08  ,3.095211265390e-09  ,5.504316918793e-07  
  3.962780342552e+08  ,3.089089523952e-09  ,5.497983686255e-07  
  3.971915494692e+08  ,3.082975955261e-09  ,5.491657740364e-07  
  3.981071705533e+08  ,3.076870571754e-09  ,5.485339072736e-07  
  3.990249023619e+08  ,3.070773385708e-09  ,5.479027674998e-07  
  3.999447497609e+08  ,3.064684409246e-09  ,5.472723538787e-07  
  4.008667176271e+08  ,3.058603654334e-09  ,5.466426655747e-07  
  4.017908108487e+08  ,3.052531132784e-09  ,5.460137017534e-07  
  4.027170343252e+08  ,3.046466856253e-09  ,5.453854615814e-07  
  4.036453929674e+08  ,3.040410836243e-09  ,5.447579442260e-07  
  4.045758916972e+08  ,3.034363084106e-09  ,5.441311488557e-07  
  4.055085354482e+08  ,3.028323611037e-09  ,5.435050746399e-07  
  4.064433291650e+08  ,3.022292428081e-09  ,5.428797207488e-07  
  4.073802778039e+08  ,3.016269546131e-09  ,5.422550863538e-07  
  4.083193863325e+08  ,3.010254975927e-09  ,5.416311706271e-07  
  4.092606597298e+08  ,3.004248728062e-09  ,5.410079727419e-07  
  4.102041029864e+08  ,2.998250812974e-09  ,5.403854918723e-07  
  4.111497211043e+08  ,2.992261240955e-09  ,5.397637271934e-07  
  4.120975190971e+08  ,2.986280022147e-09  ,5.391426778813e-07  
  4.130475019899e+08  ,2.980307166543e-09  ,5.385223431129e-07  
  4.139996748195e+08  ,2.974342683987e-09  ,5.379027220661e-07  
  4.149540426341e+08  ,2.968386584178e-09  ,5.372838139199e-07  
  4.159106104938e+08  ,2.962438876667e-09  ,5.366656178541e-07  
  4.168693834701e+08  ,2.956499570858e-09  ,5.360481330494e-07  
  4.178303666464e+08  ,2.950568676010e-09  ,5.354313586876e-07  
  4.187935651177e+08  ,2.944646201236e-09  ,5.348152939512e-07  
  4.197589839908e+08  ,2.938732155507e-09  ,5.341999380240e-07  
  4.207266283842e+08  ,2.932826547645e-09  ,5.335852900904e-07  
  4.216965034283e+08  ,2.926929386335e-09  ,5.329713493359e-07  
  4.226686142654e+08  ,2.921040680113e-09  ,5.323581149469e-07  
  4.236429660493e+08  ,2.915160437375e-09  ,5.317455861108e-07  
  4.246195639461e+08  ,2.909288666378e-09  ,5.311337620157e-07  
  4.255984131335e+08  ,2.903425375233e-09  ,5.305226418511e-07  
  4.265795188014e+08  ,2.897570571913e-09  ,5.299122248069e-07  
  4.275628861513e+08  ,2.891724264251e-09  ,5.293025100743e-07  
  4.285485203972e+08  ,2.885886459940e-09  ,5.286934968453e-07  
  4.295364267646e+08  ,2.880057166535e-09  ,5.280851843128e-07  
  4.305266104915e+08  ,2.874236391450e-09  ,5.274775716706e-07  
  4.315190768275e+08  ,2.868424141965e-09  ,5.268706581137e-07  
  4.325138310348e+08  ,2.862620425220e-09  ,5.262644428377e-07  
  4.335108783873e+08  ,2.856825248219e-09  ,5.256589250392e-07  
  4.345102241713e+08  ,2.851038617832e-09  ,5.250541039158e-07  
  4.355118736853e+08  ,2.845260540790e-09  ,5.244499786661e-07  
  4.365158322399e+08  ,2.839491023693e-09  ,5.238465484894e-07  
  4.375221051580e+08  ,2.833730073005e-09  ,5.232438125861e-07  
  4.385306977747e+08  ,2.827977695054e-09  ,5.226417701574e-07  
  4.395416154376e+08  ,2.822233896040e-09  ,5.220404204055e-07  
  4.405548635063e+08  ,2.816498682026e-09  ,5.214397625336e-07  
  4.415704473531e+08  ,2.810772058946e-09  ,5.208397957455e-07  
  4.425883723624e+08  ,2.805054032601e-09  ,5.202405192463e-07  
  4.436086439312e+08  ,2.799344608662e-09  ,5.196419322419e-07  
  4.446312674689e+08  ,2.793643792670e-09  ,5.190440339388e-07  
  4.456562483973e+08  ,2.787951590037e-09  ,5.184468235449e-07  
  4.466835921507e+08  ,2.782268006044e-09  ,5.178503002687e-07  
  4.477133041761e+08  ,2.776593045845e-09  ,5.172544633197e-07  
  4.487453899329e+08  ,2.770926714468e-09  ,5.166593119083e-07  
  4.497798548930e+08  ,2.765269016811e-09  ,5.160648452457e-07  
  4.508167045412e+08  ,2.759619957647e-09  ,5.154710625444e-07  
  4.518559443747e+08  ,2.753979541622e-09  ,5.148779630173e-07  
  4.528975799034e+08  ,2.748347773258e-09  ,5.142855458784e-07  
  4.539416166499e+08  ,2.742724656951e-09  ,5.136938103428e-07  
  4.549880601498e+08  ,2.737110196974e-09  ,5.131027556263e-07  
  4.560369159510e+08  ,2.731504397475e-09  ,5.125123809455e-07  
  4.570881896146e+08  ,2.725907262481e-09  ,5.119226855182e-07  
  4.581418867143e+08  ,2.720318795894e-09  ,5.113336685628e-07  
  4.591980128366e+08  ,2.714739001497e-09  ,5.107453292989e-07  
  4.602565735811e+08  ,2.709167882949e-09  ,5.101576669468e-07  
  4.613175745601e+08  ,2.703605443792e-09  ,5.095706807276e-07  
  4.623810213990e+08  ,2.698051687444e-09  ,5.089843698636e-07  
  4.634469197360e+08  ,2.692506617206e-09  ,5.083987335777e-07  
  4.645152752225e+08  ,2.686970236259e-09  ,5.078137710939e-07  
  4.655860935227e+08  ,2.681442547668e-09  ,5.072294816370e-07  
  4.666593803140e+08  ,2.675923554378e-09  ,5.066458644327e-07  
  4.677351412869e+08  ,2.670413259218e-09  ,5.060629187076e-07  
  4.688133821450e+08  ,2.664911664900e-09  ,5.054806436892e-07  
  4.698941086049e+08  ,2.659418774021e-09  ,5.048990386058e-07  
  4.709773263967e+08  ,2.653934589062e-09  ,5.043181026868e-07  
  4.720630412633e+08  ,2.648459112391e-09  ,5.037378351622e-07  
  4.731512589612e+08  ,2.642992346259e-09  ,5.031582352632e-07  
  4.742419852600e+08  ,2.637534292806e-09  ,5.025793022215e-07  
  4.753352259425e+08  ,2.632084954058e-09  ,5.020010352701e-07  
  4.764309868051e+08  ,2.626644331929e-09  ,5.014234336427e-07  
  4.775292736574e+08  ,2.621212428223e-09  ,5.008464965737e-07  
  4.786300923224e+08  ,2.615789244630e-09  ,5.002702232986e-07  
  4.797334486364e+08  ,2.610374782731e-09  ,4.996946130538e-07  
  4.808393484495e+08  ,2.604969043998e-09  ,4.991196650765e-07  
  4.819477976249e+08  ,2.599572029792e-09  ,4.985453786048e-07  
  4.830588020395e+08  ,2.594183741366e-09  ,4.979717528776e-07  
  4.841723675838e+08  ,2.588804179865e-09  ,4.973987871348e-07  
  4.852885001618e+08  ,2.583433346327e-09  ,4.968264806170e-07  
  4.864072056912e+08  ,2.578071241682e-09  ,4.962548325659e-07  
  4.875284901031e+08  ,2.572717866755e-09  ,4.956838422239e-07  
  4.886523593426e+08  ,2.567373222263e-09  ,4.951135088344e-07  
  4.897788193682e+08  ,2.562037308820e-09  ,4.945438316415e-07  
  4.909078761523e+08  ,2.556710126935e-09  ,4.939748098903e-07  
  4.920395356812e+08  ,2.551391677013e-09  ,4.934064428269e-07  
  4.931738039547e+08  ,2.546081959355e-09  ,4.928387296978e-07  
  4.943106869866e+08  ,2.540780974158e-09  ,4.922716697510e-07  
  4.954501908045e+08  ,2.535488721521e-09  ,4.917052622348e-07  
  4.965923214501e+08  ,2.530205201436e-09  ,4.911395063987e-07  
  4.977370849787e+08  ,2.524930413798e-09  ,4.905744014929e-07  
  4.988844874597e+08  ,2.519664358401e-09  ,4.900099467687e-07  
  5.000345349767e+08  ,2.514407034936e-09  ,4.894461414779e-07  
  5.011872336270e+08  ,2.509158442998e-09  ,4.888829848734e-07  
  5.023425895221e+08  ,2.503918582081e-09  ,4.883204762090e-07  
  5.035006087876e+08  ,2.498687451584e-09  ,4.877586147392e-07  
  5.046612975632e+08  ,2.493465050805e-09  ,4.871973997194e-07  
  5.058246620028e+08  ,2.488251378947e-09  ,4.866368304060e-07  
  5.069907082744e+08  ,2.483046435115e-09  ,4.860769060560e-07  
  5.081594425603e+08  ,2.477850218319e-09  ,4.855176259274e-07  
  5.093308710569e+08  ,2.472662727475e-09  ,4.849589892792e-07  
  5.105049999751e+08  ,2.467483961403e-09  ,4.844009953710e-07  
  5.116818355400e+08  ,2.462313918827e-09  ,4.838436434633e-07  
  5.128613839911e+08  ,2.457152598381e-09  ,4.832869328176e-07  
  5.140436515821e+08  ,2.451999998605e-09  ,4.827308626961e-07  
  5.152286445815e+08  ,2.446856117944e-09  ,4.821754323620e-07  
  5.164163692718e+08  ,2.441720954754e-09  ,4.816206410791e-07  
  5.176068319503e+08  ,2.436594507298e-09  ,4.810664881122e-07  
  5.188000389287e+08  ,2.431476773750e-09  ,4.805129727271e-07  
  5.199959965332e+08  ,2.426367752193e-09  ,4.799600941902e-07  
  5.211947111048e+08  ,2.421267440619e-09  ,4.794078517688e-07  
  5.223961889988e+08  ,2.416175836934e-09  ,4.788562447311e-07  
  5.236004365855e+08  ,2.411092938952e-09  ,4.783052723462e-07  
  5.248074602495e+08  ,2.406018744401e-09  ,4.777549338838e-07  
  5.260172663904e+08  ,2.400953250922e-09  ,4.772052286146e-07  
  5.272298614225e+08  ,2.395896456068e-09  ,4.766561558103e-07  
  5.284452517749e+08  ,2.390848357307e-09  ,4.761077147432e-07  
  5.296634438914e+08  ,2.385808952020e-09  ,4.755599046865e-07  
  5.308844442307e+08  ,2.380778237504e-09  ,4.750127249142e-07  
  5.321082592665e+08  ,2.375756210971e-09  ,4.744661747013e-07  
  5.333348954873e+08  ,2.370742869547e-09  ,4.739202533234e-07  
  5.345643593967e+08  ,2.365738210279e-09  ,4.733749600571e-07  
  5.357966575130e+08  ,2.360742230127e-09  ,4.728302941797e-07  
  5.370317963699e+08  ,2.355754925969e-09  ,4.722862549696e-07  
  5.382697825160e+08  ,2.350776294604e-09  ,4.717428417057e-07  
  5.395106225148e+08  ,2.345806332746e-09  ,4.712000536679e-07  
  5.407543229453e+08  ,2.340845037031e-09  ,4.706578901370e-07  
  5.420008904013e+08  ,2.335892404013e-09  ,4.701163503944e-07  
  5.432503314921e+08  ,2.330948430169e-09  ,4.695754337224e-07  
  5.445026528421e+08  ,2.326013111892e-09  ,4.690351394044e-07  
  5.457578610910e+08  ,2.321086445501e-09  ,4.684954667243e-07  
  5.470159628937e+08  ,2.316168427235e-09  ,4.679564149668e-07  
  5.482769649205e+08  ,2.311259053255e-09  ,4.674179834178e-07  
  5.495408738573e+08  ,2.306358319645e-09  ,4.668801713636e-07  
  5.508076964051e+08  ,2.301466222415e-09  ,4.663429780916e-07  
  5.520774392804e+08  ,2.296582757496e-09  ,4.658064028898e-07  
  5.533501092154e+08  ,2.291707920744e-09  ,4.652704450472e-07  
  5.546257129576e+08  ,2.286841707941e-09  ,4.647351038536e-07  
  5.559042572701e+08  ,2.281984114795e-09  ,4.642003785995e-07  
  5.571857489316e+08  ,2.277135136939e-09  ,4.636662685763e-07  
  5.584701947365e+08  ,2.272294769933e-09  ,4.631327730762e-07  
  5.597576014948e+08  ,2.267463009264e-09  ,4.625998913922e-07  
  5.610479760321e+08  ,2.262639850347e-09  ,4.620676228182e-07  
  5.623413251900e+08  ,2.257825288526e-09  ,4.615359666488e-07  
  5.636376558256e+08  ,2.253019319072e-09  ,4.610049221795e-07  
  5.649369748120e+08  ,2.248221937185e-09  ,4.604744887064e-07  
  5.662392890379e+08  ,2.243433137998e-09  ,4.599446655268e-07  
  5.675446054082e+08  ,2.238652916571e-09  ,4.594154519384e-07  
  5.688529308435e+08  ,2.233881267895e-09  ,4.588868472400e-07  
  5.701642722804e+08  ,2.229118186894e-09  ,4.583588507310e-07  
  5.714786366715e+08  ,2.224363668422e-09  ,4.578314617118e-07  
  5.727960309855e+08  ,2.219617707267e-09  ,4.573046794835e-07  
  5.741164622070e+08  ,2.214880298149e-09  ,4.567785033479e-07  
  5.754399373368e+08  ,2.210151435720e-09  ,4.562529326078e-07  
  5.767664633919e+08  ,2.205431114567e-09  ,4.557279665668e-07  
  5.780960474054e+08  ,2.200719329211e-09  ,4.552036045290e-07  
  5.794286964265e+08  ,2.196016074109e-09  ,4.546798457997e-07  
  5.807644175210e+08  ,2.191321343651e-09  ,4.541566896848e-07  
  5.821032177705e+08  ,2.186635132164e-09  ,4.536341354909e-07  
  5.834451042734e+08  ,2.181957433911e-09  ,4.531121825257e-07  
  5.847900841441e+08  ,2.177288243092e-09  ,4.525908300973e-07  
  5.861381645137e+08  ,2.172627553844e-09  ,4.520700775150e-07  
  5.874893525294e+08  ,2.167975360241e-09  ,4.515499240885e-07  
  5.888436553553e+08  ,2.163331656297e-09  ,4.510303691287e-07  
  5.902010801715e+08  ,2.158696435962e-09  ,4.505114119470e-07  
  5.915616341751e+08  ,2.154069693128e-09  ,4.499930518556e-07  
  5.929253245797e+08  ,2.149451421624e-09  ,4.494752881676e-07  
  5.942921586152e+08  ,2.144841615221e-09  ,4.489581201970e-07  
  5.956621435287e+08  ,2.140240267629e-09  ,4.484415472584e-07  
  5.970352865835e+08  ,2.135647372500e-09  ,4.479255686671e-07  
  5.984115950600e+08  ,2.131062923428e-09  ,4.474101837394e-07  
  5.997910762552e+08  ,2.126486913947e-09  ,4.468953917924e-07  
  6.011737374829e+08  ,2.121919337536e-09  ,4.463811921438e-07  
  6.025595860740e+08  ,2.117360187614e-09  ,4.458675841122e-07  
  6.039486293760e+08  ,2.112809457546e-09  ,4.453545670170e-07  
  6.053408747536e+08  ,2.108267140640e-09  ,4.448421401784e-07  
  6.067363295882e+08  ,2.103733230147e-09  ,4.443303029172e-07  
  6.081350012784e+08  ,2.099207719264e-09  ,4.438190545552e-07  
  6.095368972398e+08  ,2.094690601133e-09  ,4.433083944149e-07  
  6.109420249052e+08  ,2.090181868841e-09  ,4.427983218195e-07  
  6.123503917244e+08  ,2.085681515422e-09  ,4.422888360931e-07  
  6.137620051644e+08  ,2.081189533856e-09  ,4.417799365605e-07  
  6.151768727095e+08  ,2.076705917070e-09  ,4.412716225474e-07  
  6.165950018611e+08  ,2.072230657938e-09  ,4.407638933801e-07  
  6.180164001381e+08  ,2.067763749284e-09  ,4.402567483858e-07  
  6.194410750764e+08  ,2.063305183877e-09  ,4.397501868924e-07  
  6.208690342297e+08  ,2.058854954437e-09  ,4.392442082286e-07  
  6.223002851688e+08  ,2.054413053633e-09  ,4.387388117239e-07  
  6.237348354821e+08  ,2.049979474083e-09  ,4.382339967085e-07  
  6.251726927753e+08  ,2.045554208355e-09  ,4.377297625135e-07  
  6.266138646720e+08  ,2.041137248968e-09  ,4.372261084706e-07  
  6.280583588130e+08  ,2.036728588392e-09  ,4.367230339124e-07  
  6.295061828568e+08  ,2.032328219048e-09  ,4.362205381722e-07  
  6.309573444798e+08  ,2.027936133310e-09  ,4.357186205842e-07  
  6.324118513759e+08  ,2.023552323501e-09  ,4.352172804831e-07  
  6.338697112566e+08  ,2.019176781900e-09  ,4.347165172046e-07  
  6.353309318514e+08  ,2.014809500737e-09  ,4.342163300851e-07  
  6.367955209075e+08  ,2.010450472198e-09  ,4.337167184617e-07  
  6.382634861902e+08  ,2.006099688419e-09  ,4.332176816724e-07  
  6.397348354823e+08  ,2.001757141495e-09  ,4.327192190558e-07  
  6.412095765848e+08  ,1.997422823471e-09  ,4.322213299513e-07  
  6.426877173166e+08  ,1.993096726350e-09  ,4.317240136992e-07  
  6.441692655148e+08  ,1.988778842091e-09  ,4.312272696404e-07  
  6.456542290343e+08  ,1.984469162606e-09  ,4.307310971166e-07  
  6.471426157482e+08  ,1.980167679768e-09  ,4.302354954703e-07  
  6.486344335479e+08  ,1.975874385401e-09  ,4.297404640447e-07  
  6.501296903427e+08  ,1.971589271291e-09  ,4.292460021838e-07  
  6.516283940605e+08  ,1.967312329180e-09  ,4.287521092324e-07  
  6.531305526471e+08  ,1.963043550767e-09  ,4.282587845358e-07  
  6.546361740669e+08  ,1.958782927710e-09  ,4.277660274404e-07  
  6.561452663025e+08  ,1.954530451626e-09  ,4.272738372932e-07  
  6.576578373550e+08  ,1.950286114092e-09  ,4.267822134418e-07  
  6.591738952439e+08  ,1.946049906644e-09  ,4.262911552349e-07  
  6.606934480072e+08  ,1.941821820776e-09  ,4.258006620216e-07  
  6.622165037014e+08  ,1.937601847945e-09  ,4.253107331519e-07  
  6.637430704015e+08  ,1.933389979567e-09  ,4.248213679766e-07  
  6.652731562014e+08  ,1.929186207020e-09  ,4.243325658472e-07  
  6.668067692132e+08  ,1.924990521645e-09  ,4.238443261159e-07  
  6.683439175682e+08  ,1.920802914741e-09  ,4.233566481357e-07  
  6.698846094161e+08  ,1.916623377572e-09  ,4.228695312603e-07  
  6.714288529256e+08  ,1.912451901364e-09  ,4.223829748442e-07  
  6.729766562839e+08  ,1.908288477308e-09  ,4.218969782425e-07  
  6.745280276975e+08  ,1.904133096554e-09  ,4.214115408113e-07  
  6.760829753916e+08  ,1.899985750219e-09  ,4.209266619072e-07  
  6.776415076103e+08  ,1.895846429384e-09  ,4.204423408877e-07  
  6.792036326168e+08  ,1.891715125093e-09  ,4.199585771109e-07  
  6.807693586933e+08  ,1.887591828357e-09  ,4.194753699358e-07  
  6.823386941413e+08  ,1.883476530150e-09  ,4.189927187220e-07  
  6.839116472810e+08  ,1.879369221412e-09  ,4.185106228299e-07  
  6.854882264523e+08  ,1.875269893051e-09  ,4.180290816205e-07  
  6.870684400138e+08  ,1.871178535939e-09  ,4.175480944558e-07  
  6.886522963439e+08  ,1.867095140916e-09  ,4.170676606984e-07  
  6.902398038398e+08  ,1.863019698788e-09  ,4.165877797115e-07  
  6.918309709185e+08  ,1.858952200329e-09  ,4.161084508593e-07  
  6.934258060162e+08  ,1.854892636281e-09  ,4.156296735065e-07  
  6.950243175884e+08  ,1.850840997354e-09  ,4.151514470186e-07  
  6.966265141104e+08  ,1.846797274225e-09  ,4.146737707619e-07  
  6.982324040768e+08  ,1.842761457542e-09  ,4.141966441033e-07  
  6.998419960019e+08  ,1.838733537921e-09  ,4.137200664106e-07  
  7.014552984196e+08  ,1.834713505947e-09  ,4.132440370522e-07  
  7.030723198834e+08  ,1.830701352175e-09  ,4.127685553972e-07  
  7.046930689667e+08  ,1.826697067132e-09  ,4.122936208156e-07  
  7.063175542626e+08  ,1.822700641314e-09  ,4.118192326779e-07  
  7.079457843837e+08  ,1.818712065186e-09  ,4.113453903555e-07  
  7.095777679630e+08  ,1.814731329187e-09  ,4.108720932204e-07  
  7.112135136529e+08  ,1.810758423727e-09  ,4.103993406454e-07  
  7.128530301261e+08  ,1.806793339186e-09  ,4.099271320040e-07  
  7.144963260751e+08  ,1.802836065919e-09  ,4.094554666705e-07  
  7.161434102125e+08  ,1.798886594251e-09  ,4.089843440197e-07  
  7.177942912709e+08  ,1.794944914481e-09  ,4.085137634274e-07  
  7.194489780033e+08  ,1.791011016880e-09  ,4.080437242699e-07  
  7.211074791825e+08  ,1.787084891695e-09  ,4.075742259242e-07  
  7.227698036018e+08  ,1.783166529144e-09  ,4.071052677683e-07  
  7.244359600746e+08  ,1.779255919420e-09  ,4.066368491807e-07  
  7.261059574347e+08  ,1.775353052691e-09  ,4.061689695405e-07  
  7.277798045364e+08  ,1.771457919099e-09  ,4.057016282277e-07  
  7.294575102541e+08  ,1.767570508761e-09  ,4.052348246231e-07  
  7.311390834830e+08  ,1.763690811771e-09  ,4.047685581079e-07  
  7.328245331385e+08  ,1.759818818196e-09  ,4.043028280644e-07  
  7.345138681567e+08  ,1.755954518081e-09  ,4.038376338752e-07  
  7.362070974943e+08  ,1.752097901447e-09  ,4.033729749240e-07  
  7.379042301287e+08  ,1.748248958289e-09  ,4.029088505948e-07  
  7.396052750578e+08  ,1.744407678584e-09  ,4.024452602728e-07  
  7.413102413005e+08  ,1.740574052280e-09  ,4.019822033434e-07  
  7.430191378963e+08  ,1.736748069308e-09  ,4.015196791931e-07  
  7.447319739056e+08  ,1.732929719574e-09  ,4.010576872088e-07  
  7.464487584096e+08  ,1.729118992962e-09  ,4.005962267785e-07  
  7.481695005107e+08  ,1.725315879335e-09  ,4.001352972904e-07  
  7.498942093320e+08  ,1.721520368534e-09  ,3.996748981338e-07  
  7.516228940178e+08  ,1.717732450381e-09  ,3.992150286986e-07  
  7.533555637333e+08  ,1.713952114674e-09  ,3.987556883753e-07  
  7.550922276650e+08  ,1.710179351193e-09  ,3.982968765552e-07  
  7.568328950205e+08  ,1.706414149697e-09  ,3.978385926302e-07  
  7.585775750287e+08  ,1.702656499926e-09  ,3.973808359931e-07  
  7.603262769397e+08  ,1.698906391598e-09  ,3.969236060371e-07  
  7.620790100250e+08  ,1.695163814414e-09  ,3.964669021565e-07  
  7.638357835772e+08  ,1.691428758055e-09  ,3.960107237458e-07  
  7.655966069108e+08  ,1.687701212184e-09  ,3.955550702007e-07  
  7.673614893614e+08  ,1.683981166443e-09  ,3.950999409172e-07  
  7.691304402862e+08  ,1.680268610459e-09  ,3.946453352922e-07  
  7.709034690640e+08  ,1.676563533840e-09  ,3.941912527232e-07  
  7.726805850953e+08  ,1.672865926175e-09  ,3.937376926085e-07  
  7.744617978021e+08  ,1.669175777037e-09  ,3.932846543470e-07  
  7.762471166282e+08  ,1.665493075982e-09  ,3.928321373383e-07  
  7.780365510394e+08  ,1.661817812547e-09  ,3.923801409828e-07  
  7.798301105228e+08  ,1.658149976255e-09  ,3.919286646814e-07  
  7.816278045879e+08  ,1.654489556611e-09  ,3.914777078358e-07  
  7.834296427658e+08  ,1.650836543104e-09  ,3.910272698484e-07  
  7.852356346096e+08  ,1.647190925209e-09  ,3.905773501223e-07  
  7.870457896946e+08  ,1.643552692384e-09  ,3.901279480612e-07  
  7.888601176181e+08  ,1.639921834070e-09  ,3.896790630696e-07  
  7.906786279994e+08  ,1.636298339695e-09  ,3.892306945525e-07  
  7.925013304800e+08  ,1.632682198674e-09  ,3.887828419158e-07  
  7.943282347238e+08  ,1.629073400402e-09  ,3.883355045660e-07  
  7.961593504169e+08  ,1.625471934266e-09  ,3.878886819103e-07  
  7.979946872675e+08  ,1.621877789634e-09  ,3.874423733565e-07  
  7.998342550066e+08  ,1.618290955863e-09  ,3.869965783131e-07  
  8.016780633872e+08  ,1.614711422295e-09  ,3.865512961894e-07  
  8.035261221852e+08  ,1.611139178259e-09  ,3.861065263952e-07  
  8.053784411986e+08  ,1.607574213072e-09  ,3.856622683412e-07  
  8.072350302484e+08  ,1.604016516037e-09  ,3.852185214386e-07  
  8.090958991779e+08  ,1.600466076444e-09  ,3.847752850992e-07  
  8.109610578534e+08  ,1.596922883572e-09  ,3.843325587358e-07  
  8.128305161636e+08  ,1.593386926687e-09  ,3.838903417617e-07  
  8.147042840204e+08  ,1.589858195044e-09  ,3.834486335906e-07  
  8.165823713581e+08  ,1.586336677885e-09  ,3.830074336374e-07  
  8.184647881343e+08  ,1.582822364441e-09  ,3.825667413173e-07  
  8.203515443293e+08  ,1.579315243932e-09  ,3.821265560462e-07  
  8.222426499466e+08  ,1.575815305568e-09  ,3.816868772409e-07  
  8.241381150125e+08  ,1.572322538547e-09  ,3.812477043187e-07  
  8.260379495767e+08  ,1.568836932057e-09  ,3.808090366975e-07  
  8.279421637119e+08  ,1.565358475275e-09  ,3.803708737960e-07  
  8.298507675139e+08  ,1.561887157369e-09  ,3.799332150335e-07  
  8.317637711022e+08  ,1.558422967497e-09  ,3.794960598300e-07  
  8.336811846191e+08  ,1.554965894806e-09  ,3.790594076063e-07  
  8.356030182308e+08  ,1.551515928436e-09  ,3.786232577835e-07  
  8.375292821264e+08  ,1.548073057515e-09  ,3.781876097838e-07  
  8.394599865189e+08  ,1.544637271165e-09  ,3.777524630298e-07  
  8.413951416447e+08  ,1.541208558498e-09  ,3.773178169448e-07  
  8.433347577638e+08  ,1.537786908615e-09  ,3.768836709527e-07  
  8.452788451598e+08  ,1.534372310614e-09  ,3.764500244784e-07  
  8.472274141401e+08  ,1.530964753579e-09  ,3.760168769469e-07  
  8.491804750358e+08  ,1.527564226591e-09  ,3.755842277845e-07  
  8.511380382019e+08  ,1.524170718720e-09  ,3.751520764175e-07  
  8.531001140171e+08  ,1.520784219030e-09  ,3.747204222735e-07  
  8.550667128842e+08  ,1.517404716579e-09  ,3.742892647802e-07  
  8.570378452299e+08  ,1.514032200414e-09  ,3.738586033664e-07  
  8.590135215049e+08  ,1.510666659579e-09  ,3.734284374613e-07  
  8.609937521841e+08  ,1.507308083109e-09  ,3.729987664948e-07  
  8.629785477665e+08  ,1.503956460034e-09  ,3.725695898975e-07  
  8.649679187752e+08  ,1.500611779376e-09  ,3.721409071006e-07  
  8.669618757577e+08  ,1.497274030154e-09  ,3.717127175361e-07  
  8.689604292858e+08  ,1.493943201378e-09  ,3.712850206364e-07  
  8.709635899556e+08  ,1.490619282053e-09  ,3.708578158348e-07  
  8.729713683876e+08  ,1.487302261179e-09  ,3.704311025651e-07  
  8.749837752269e+08  ,1.483992127751e-09  ,3.700048802618e-07  
  8.770008211431e+08  ,1.480688870759e-09  ,3.695791483601e-07  
  8.790225168304e+08  ,1.477392479186e-09  ,3.691539062957e-07  
  8.810488730075e+08  ,1.474102942013e-09  ,3.687291535052e-07  
  8.830799004180e+08  ,1.470820248216e-09  ,3.683048894255e-07  
  8.851156098303e+08  ,1.467544386764e-09  ,3.678811134945e-07  
  8.871560120374e+08  ,1.464275346625e-09  ,3.674578251505e-07  
  8.892011178574e+08  ,1.461013116761e-09  ,3.670350238326e-07  
  8.912509381332e+08  ,1.457757686132e-09  ,3.666127089805e-07  
  8.933054837328e+08  ,1.454509043692e-09  ,3.661908800345e-07  
  8.953647655491e+08  ,1.451267178393e-09  ,3.657695364355e-07  
  8.974287945002e+08  ,1.448032079184e-09  ,3.653486776252e-07  
  8.994975815295e+08  ,1.444803735010e-09  ,3.649283030458e-07  
  9.015711376054e+08  ,1.441582134813e-09  ,3.645084121402e-07  
  9.036494737218e+08  ,1.438367267534e-09  ,3.640890043520e-07  
  9.057326008977e+08  ,1.435159122109e-09  ,3.636700791253e-07  
  9.078205301777e+08  ,1.431957687472e-09  ,3.632516359050e-07  
  9.099132726317e+08  ,1.428762952557e-09  ,3.628336741365e-07  
  9.120108393554e+08  ,1.425574906293e-09  ,3.624161932659e-07  
  9.141132414697e+08  ,1.422393537610e-09  ,3.619991927400e-07  
  9.162204901215e+08  ,1.419218835433e-09  ,3.615826720061e-07  
  9.183325964830e+08  ,1.416050788687e-09  ,3.611666305121e-07  
  9.204495717526e+08  ,1.412889386297e-09  ,3.607510677069e-07  
  9.225714271542e+08  ,1.409734617185e-09  ,3.603359830395e-07  
  9.246981739377e+08  ,1.406586470271e-09  ,3.599213759600e-07  
  9.268298233788e+08  ,1.403444934477e-09  ,3.595072459189e-07  
  9.289663867794e+08  ,1.400309998721e-09  ,3.590935923672e-07  
  9.311078754673e+08  ,1.397181651923e-09  ,3.586804147570e-07  
  9.332543007964e+08  ,1.394059883001e-09  ,3.582677125405e-07  
  9.354056741470e+08  ,1.390944680874e-09  ,3.578554851708e-07  
  9.375620069253e+08  ,1.387836034459e-09  ,3.574437321017e-07  
  9.397233105641e+08  ,1.384733932674e-09  ,3.570324527875e-07  
  9.418895965223e+08  ,1.381638364438e-09  ,3.566216466830e-07  
  9.440608762854e+08  ,1.378549318668e-09  ,3.562113132439e-07  
  9.462371613652e+08  ,1.375466784285e-09  ,3.558014519264e-07  
  9.484184633003e+08  ,1.372390750206e-09  ,3.553920621873e-07  
  9.506047936557e+08  ,1.369321205354e-09  ,3.549831434840e-07  
  9.527961640231e+08  ,1.366258138647e-09  ,3.545746952747e-07  
  9.549925860209e+08  ,1.363201539010e-09  ,3.541667170180e-07  
  9.571940712943e+08  ,1.360151395364e-09  ,3.537592081732e-07  
  9.594006315154e+08  ,1.357107696636e-09  ,3.533521682004e-07  
  9.616122783831e+08  ,1.354070431750e-09  ,3.529455965600e-07  
  9.638290236234e+08  ,1.351039589634e-09  ,3.525394927133e-07  
  9.660508789892e+08  ,1.348015159219e-09  ,3.521338561220e-07  
  9.682778562607e+08  ,1.344997129435e-09  ,3.517286862486e-07  
  9.705099672449e+08  ,1.341985489216e-09  ,3.513239825561e-07  
  9.727472237764e+08  ,1.338980227497e-09  ,3.509197445082e-07  
  9.749896377168e+08  ,1.335981333216e-09  ,3.505159715691e-07  
  9.772372209552e+08  ,1.332988795313e-09  ,3.501126632038e-07  
  9.794899854081e+08  ,1.330002602732e-09  ,3.497098188778e-07  
  9.817479430194e+08  ,1.327022744417e-09  ,3.493074380571e-07  
  9.840111057606e+08  ,1.324049209317e-09  ,3.489055202086e-07  
  9.862794856306e+08  ,1.321081986383e-09  ,3.485040647996e-07  
  9.885530946564e+08  ,1.318121064569e-09  ,3.481030712979e-07  
  9.908319448922e+08  ,1.315166432834e-09  ,3.477025391723e-07  
  9.931160484204e+08  ,1.312218080137e-09  ,3.473024678919e-07  
  9.954054173509e+08  ,1.309275995444e-09  ,3.469028569266e-07  
  9.977000638220e+08  ,1.306340167722e-09  ,3.465037057466e-07  
  9.999999999994e+08  ,1.303410585942e-09  ,3.461050138230e-07  
  1.002305238077e+09  ,1.300487239081e-09  ,3.457067806275e-07  
  1.004615790278e+09  ,1.297570116118e-09  ,3.453090056323e-07  
  1.006931668851e+09  ,1.294659206035e-09  ,3.449116883102e-07  
  1.009252886076e+09  ,1.291754497822e-09  ,3.445148281347e-07  
  1.011579454259e+09  ,1.288855980469e-09  ,3.441184245798e-07  
  1.013911385736e+09  ,1.285963642974e-09  ,3.437224771202e-07  
  1.016248692870e+09  ,1.283077474337e-09  ,3.433269852312e-07  
  1.018591388054e+09  ,1.280197463564e-09  ,3.429319483886e-07  
  1.020939483707e+09  ,1.277323599665e-09  ,3.425373660688e-07  
  1.023292992280e+09  ,1.274455871656e-09  ,3.421432377490e-07  
  1.025651926251e+09  ,1.271594268557e-09  ,3.417495629069e-07  
  1.028016298126e+09  ,1.268738779393e-09  ,3.413563410206e-07  
  1.030386120441e+09  ,1.265889393196e-09  ,3.409635715691e-07  
  1.032761405761e+09  ,1.263046099000e-09  ,3.405712540318e-07  
  1.035142166679e+09  ,1.260208885849e-09  ,3.401793878889e-07  
  1.037528415817e+09  ,1.257377742788e-09  ,3.397879726210e-07  
  1.039920165828e+09  ,1.254552658870e-09  ,3.393970077093e-07  
  1.042317429393e+09  ,1.251733623154e-09  ,3.390064926357e-07  
  1.044720219220e+09  ,1.248920624704e-09  ,3.386164268827e-07  
  1.047128548050e+09  ,1.246113652591e-09  ,3.382268099334e-07  
  1.049542428652e+09  ,1.243312695891e-09  ,3.378376412713e-07  
  1.051961873823e+09  ,1.240517743686e-09  ,3.374489203807e-07  
  1.054386896391e+09  ,1.237728785066e-09  ,3.370606467465e-07  
  1.056817509213e+09  ,1.234945809125e-09  ,3.366728198542e-07  
  1.059253725177e+09  ,1.232168804965e-09  ,3.362854391896e-07  
  1.061695557198e+09  ,1.229397761696e-09  ,3.358985042394e-07  
  1.064143018224e+09  ,1.226632668431e-09  ,3.355120144909e-07  
  1.066596121230e+09  ,1.223873514293e-09  ,3.351259694318e-07  
  1.069054879222e+09  ,1.221120288411e-09  ,3.347403685506e-07  
  1.071519305237e+09  ,1.218372979920e-09  ,3.343552113361e-07  
  1.073989412341e+09  ,1.215631577963e-09  ,3.339704972779e-07  
  1.076465213629e+09  ,1.212896071689e-09  ,3.335862258662e-07  
  1.078946722229e+09  ,1.210166450257e-09  ,3.332023965918e-07  
  1.081433951297e+09  ,1.207442702831e-09  ,3.328190089458e-07  
  1.083926914021e+09  ,1.204724818583e-09  ,3.324360624204e-07  
  1.086425623616e+09  ,1.202012786692e-09  ,3.320535565078e-07  
  1.088930093333e+09  ,1.199306596345e-09  ,3.316714907012e-07  
  1.091440336448e+09  ,1.196606236738e-09  ,3.312898644943e-07  
  1.093956366271e+09  ,1.193911697074e-09  ,3.309086773813e-07  
  1.096478196143e+09  ,1.191222966562e-09  ,3.305279288570e-07  
  1.099005839432e+09  ,1.188540034422e-09  ,3.301476184168e-07  
  1.101539309541e+09  ,1.185862889880e-09  ,3.297677455567e-07  
  1.104078619901e+09  ,1.183191522171e-09  ,3.293883097733e-07  
  1.106623783977e+09  ,1.180525920538e-09  ,3.290093105636e-07  
  1.109174815262e+09  ,1.177866074232e-09  ,3.286307474254e-07  
  1.111731727281e+09  ,1.175211972514e-09  ,3.282526198571e-07  
  1.114294533591e+09  ,1.172563604652e-09  ,3.278749273574e-07  
  1.116863247780e+09  ,1.169920959922e-09  ,3.274976694259e-07  
  1.119437883466e+09  ,1.167284027610e-09  ,3.271208455625e-07  
  1.122018454301e+09  ,1.164652797010e-09  ,3.267444552678e-07  
  1.124604973966e+09  ,1.162027257425e-09  ,3.263684980431e-07  
  1.127197456175e+09  ,1.159407398168e-09  ,3.259929733901e-07  
  1.129795914672e+09  ,1.156793208559e-09  ,3.256178808111e-07  
  1.132400363235e+09  ,1.154184677928e-09  ,3.252432198089e-07  
  1.135010815672e+09  ,1.151581795613e-09  ,3.248689898872e-07  
  1.137627285823e+09  ,1.148984550965e-09  ,3.244951905498e-07  
  1.140249787560e+09  ,1.146392933339e-09  ,3.241218213014e-07  
  1.142878334789e+09  ,1.143806932102e-09  ,3.237488816472e-07  
  1.145512941445e+09  ,1.141226536632e-09  ,3.233763710929e-07  
  1.148153621496e+09  ,1.138651736314e-09  ,3.230042891449e-07  
  1.150800388944e+09  ,1.136082520542e-09  ,3.226326353100e-07  
  1.153453257820e+09  ,1.133518878723e-09  ,3.222614090957e-07  
  1.156112242191e+09  ,1.130960800270e-09  ,3.218906100099e-07  
  1.158777356154e+09  ,1.128408274608e-09  ,3.215202375614e-07  
  1.161448613840e+09  ,1.125861291172e-09  ,3.211502912592e-07  
  1.164126029410e+09  ,1.123319839405e-09  ,3.207807706130e-07  
  1.166809617060e+09  ,1.120783908762e-09  ,3.204116751331e-07  
  1.169499391019e+09  ,1.118253488706e-09  ,3.200430043304e-07  
  1.172195365547e+09  ,1.115728568713e-09  ,3.196747577163e-07  
  1.174897554939e+09  ,1.113209138266e-09  ,3.193069348027e-07  
  1.177605973520e+09  ,1.110695186861e-09  ,3.189395351021e-07  
  1.180320635651e+09  ,1.108186704002e-09  ,3.185725581277e-07  
  1.183041555724e+09  ,1.105683679204e-09  ,3.182060033930e-07  
  1.185768748166e+09  ,1.103186101994e-09  ,3.178398704124e-07  
  1.188502227436e+09  ,1.100693961908e-09  ,3.174741587005e-07  
  1.191242008027e+09  ,1.098207248492e-09  ,3.171088677727e-07  
  1.193988104464e+09  ,1.095725951304e-09  ,3.167439971449e-07  
  1.196740531307e+09  ,1.093250059913e-09  ,3.163795463334e-07  
  1.199499303149e+09  ,1.090779563897e-09  ,3.160155148554e-07  
  1.202264434617e+09  ,1.088314452845e-09  ,3.156519022283e-07  
  1.205035940371e+09  ,1.085854716359e-09  ,3.152887079703e-07  
  1.207813835106e+09  ,1.083400344049e-09  ,3.149259316000e-07  
  1.210598133550e+09  ,1.080951325538e-09  ,3.145635726366e-07  
  1.213388850464e+09  ,1.078507650460e-09  ,3.142016305999e-07  
  1.216186000646e+09  ,1.076069308459e-09  ,3.138401050102e-07  
  1.218989598924e+09  ,1.073636289190e-09  ,3.134789953884e-07  
  1.221799660164e+09  ,1.071208582321e-09  ,3.131183012558e-07  
  1.224616199264e+09  ,1.068786177529e-09  ,3.127580221346e-07  
  1.227439231158e+09  ,1.066369064504e-09  ,3.123981575472e-07  
  1.230268770812e+09  ,1.063957232946e-09  ,3.120387070166e-07  
  1.233104833228e+09  ,1.061550672568e-09  ,3.116796700665e-07  
  1.235947433444e+09  ,1.059149373094e-09  ,3.113210462211e-07  
  1.238796586530e+09  ,1.056753324257e-09  ,3.109628350051e-07  
  1.241652307592e+09  ,1.054362515806e-09  ,3.106050359436e-07  
  1.244514611771e+09  ,1.051976937497e-09  ,3.102476485627e-07  
  1.247383514242e+09  ,1.049596579101e-09  ,3.098906723885e-07  
  1.250259030217e+09  ,1.047221430400e-09  ,3.095341069480e-07  
  1.253141174941e+09  ,1.044851481187e-09  ,3.091779517686e-07  
  1.256029963694e+09  ,1.042486721267e-09  ,3.088222063784e-07  
  1.258925411793e+09  ,1.040127140457e-09  ,3.084668703058e-07  
  1.261827534590e+09  ,1.037772728586e-09  ,3.081119430800e-07  
  1.264736347470e+09  ,1.035423475494e-09  ,3.077574242305e-07  
  1.267651865857e+09  ,1.033079371035e-09  ,3.074033132875e-07  
  1.270574105208e+09  ,1.030740405073e-09  ,3.070496097816e-07  
  1.273503081016e+09  ,1.028406567485e-09  ,3.066963132442e-07  
  1.276438808811e+09  ,1.026077848161e-09  ,3.063434232070e-07  
  1.279381304157e+09  ,1.023754237001e-09  ,3.059909392023e-07  
  1.282330582655e+09  ,1.021435723919e-09  ,3.056388607630e-07  
  1.285286659943e+09  ,1.019122298840e-09  ,3.052871874224e-07  
  1.288249551692e+09  ,1.016813951703e-09  ,3.049359187144e-07  
  1.291219273613e+09  ,1.014510672457e-09  ,3.045850541736e-07  
  1.294195841449e+09  ,1.012212451066e-09  ,3.042345933350e-07  
  1.297179270983e+09  ,1.009919277504e-09  ,3.038845357340e-07  
  1.300169578033e+09  ,1.007631141758e-09  ,3.035348809067e-07  
  1.303166778452e+09  ,1.005348033829e-09  ,3.031856283897e-07  
  1.306170888131e+09  ,1.003069943730e-09  ,3.028367777203e-07  
  1.309181922999e+09  ,1.000796861485e-09  ,3.024883284359e-07  
  1.312199899018e+09  ,9.985287771319e-10  ,3.021402800748e-07  
  1.315224832191e+09  ,9.962656807211e-10  ,3.017926321758e-07  
  1.318256738556e+09  ,9.940075623157e-10  ,3.014453842782e-07  
  1.321295634186e+09  ,9.917544119913e-10  ,3.010985359216e-07  
  1.324341535194e+09  ,9.895062198364e-10  ,3.007520866464e-07  
  1.327394457729e+09  ,9.872629759522e-10  ,3.004060359935e-07  
  1.330454417977e+09  ,9.850246704529e-10  ,3.000603835042e-07  
  1.333521432163e+09  ,9.827912934653e-10  ,2.997151287204e-07  
  1.336595516546e+09  ,9.805628351293e-10  ,2.993702711847e-07  
  1.339676687425e+09  ,9.783392855976e-10  ,2.990258104398e-07  
  1.342764961137e+09  ,9.761206350359e-10  ,2.986817460294e-07  
  1.345860354055e+09  ,9.739068736228e-10  ,2.983380774973e-07  
  1.348962882591e+09  ,9.716979915502e-10  ,2.979948043883e-07  
  1.352072563193e+09  ,9.694939790227e-10  ,2.976519262472e-07  
  1.355189412350e+09  ,9.672948262581e-10  ,2.973094426197e-07  
  1.358313446586e+09  ,9.651005234875e-10  ,2.969673530518e-07  
  1.361444682465e+09  ,9.629110609550e-10  ,2.966256570903e-07  
  1.364583136588e+09  ,9.607264289177e-10  ,2.962843542822e-07  
  1.367728825595e+09  ,9.585466176462e-10  ,2.959434441753e-07  
  1.370881766164e+09  ,9.563716174241e-10  ,2.956029263176e-07  
  1.374041975012e+09  ,9.542014185486e-10  ,2.952628002579e-07  
  1.377209468893e+09  ,9.520360113297e-10  ,2.949230655455e-07  
  1.380384264602e+09  ,9.498753860911e-10  ,2.945837217301e-07  
  1.383566378971e+09  ,9.477195331697e-10  ,2.942447683619e-07  
  1.386755828871e+09  ,9.455684429158e-10  ,2.939062049917e-07  
  1.389952631213e+09  ,9.434221056930e-10  ,2.935680311708e-07  
  1.393156802944e+09  ,9.412805118785e-10  ,2.932302464510e-07  
  1.396368361055e+09  ,9.391436518629e-10  ,2.928928503847e-07  
  1.399587322572e+09  ,9.370115160501e-10  ,2.925558425247e-07  
  1.402813704561e+09  ,9.348840948577e-10  ,2.922192224244e-07  
  1.406047524129e+09  ,9.327613787168e-10  ,2.918829896376e-07  
  1.409288798421e+09  ,9.306433580719e-10  ,2.915471437186e-07  
  1.412537544622e+09  ,9.285300233812e-10  ,2.912116842225e-07  
  1.415793779956e+09  ,9.264213651166e-10  ,2.908766107046e-07  
  1.419057521688e+09  ,9.243173737633e-10  ,2.905419227209e-07  
  1.422328787122e+09  ,9.222180398204e-10  ,2.902076198277e-07  
  1.425607593601e+09  ,9.201233538006e-10  ,2.898737015820e-07  
  1.428893958510e+09  ,9.180333062302e-10  ,2.895401675412e-07  
  1.432187899273e+09  ,9.159478876493e-10  ,2.892070172634e-07  
  1.435489433353e+09  ,9.138670886118e-10  ,2.888742503070e-07  
  1.438798578255e+09  ,9.117908996851e-10  ,2.885418662309e-07  
  1.442115351524e+09  ,9.097193114506e-10  ,2.882098645947e-07  
  1.445439770745e+09  ,9.076523145034e-10  ,2.878782449583e-07  
  1.448771853544e+09  ,9.055898994523e-10  ,2.875470068823e-07  
  1.452111617587e+09  ,9.035320569201e-10  ,2.872161499275e-07  
  1.455459080581e+09  ,9.014787775433e-10  ,2.868856736557e-07  
  1.458814260274e+09  ,8.994300519724e-10  ,2.865555776286e-07  
  1.462177174456e+09  ,8.973858708717e-10  ,2.862258614090e-07  
  1.465547840955e+09  ,8.953462249194e-10  ,2.858965245597e-07  
  1.468926277643e+09  ,8.933111048076e-10  ,2.855675666444e-07  
  1.472312502432e+09  ,8.912805012424e-10  ,2.852389872270e-07  
  1.475706533275e+09  ,8.892544049437e-10  ,2.849107858720e-07  
  1.479108388167e+09  ,8.872328066455e-10  ,2.845829621445e-07  
  1.482518085145e+09  ,8.852156970958e-10  ,2.842555156101e-07  
  1.485935642286e+09  ,8.832030670565e-10  ,2.839284458347e-07  
  1.489361077710e+09  ,8.811949073035e-10  ,2.836017523848e-07  
  1.492794409578e+09  ,8.791912086268e-10  ,2.832754348275e-07  
  1.496235656094e+09  ,8.771919618305e-10  ,2.829494927304e-07  
  1.499684835501e+09  ,8.751971577326e-10  ,2.826239256614e-07  
  1.503141966089e+09  ,8.732067871652e-10  ,2.822987331890e-07  
  1.506607066186e+09  ,8.712208409746e-10  ,2.819739148823e-07  
  1.510080154163e+09  ,8.692393100210e-10  ,2.816494703107e-07  
  1.513561248435e+09  ,8.672621851790e-10  ,2.813253990444e-07  
  1.517050367458e+09  ,8.652894573370e-10  ,2.810017006537e-07  
  1.520547529732e+09  ,8.633211173977e-10  ,2.806783747096e-07  
  1.524052753796e+09  ,8.613571562780e-10  ,2.803554207838e-07  
  1.527566058237e+09  ,8.593975649088e-10  ,2.800328384480e-07  
  1.531087461681e+09  ,8.574423342352e-10  ,2.797106272749e-07  
  1.534616982798e+09  ,8.554914552167e-10  ,2.793887868373e-07  
  1.538154640302e+09  ,8.535449188267e-10  ,2.790673167087e-07  
  1.541700452949e+09  ,8.516027160529e-10  ,2.787462164632e-07  
  1.545254439537e+09  ,8.496648378974e-10  ,2.784254856750e-07  
  1.548816618912e+09  ,8.477312753762e-10  ,2.781051239191e-07  
  1.552387009957e+09  ,8.458020195197e-10  ,2.777851307710e-07  
  1.555965631604e+09  ,8.438770613725e-10  ,2.774655058065e-07  
  1.559552502826e+09  ,8.419563919936e-10  ,2.771462486021e-07  
  1.563147642640e+09  ,8.400400024560e-10  ,2.768273587346e-07  
  1.566751070107e+09  ,8.381278838472e-10  ,2.765088357813e-07  
  1.570362804333e+09  ,8.362200272688e-10  ,2.761906793202e-07  
  1.573982864465e+09  ,8.343164238368e-10  ,2.758728889296e-07  
  1.577611269698e+09  ,8.324170646815e-10  ,2.755554641882e-07  
  1.581248039269e+09  ,8.305219409474e-10  ,2.752384046754e-07  
  1.584893192460e+09  ,8.286310437933e-10  ,2.749217099710e-07  
  1.588546748597e+09  ,8.267443643924e-10  ,2.746053796553e-07  
  1.592208727050e+09  ,8.248618939322e-10  ,2.742894133090e-07  
  1.595879147236e+09  ,8.229836236145e-10  ,2.739738105133e-07  
  1.599558028614e+09  ,8.211095446554e-10  ,2.736585708500e-07  
  1.603245390689e+09  ,8.192396482854e-10  ,2.733436939013e-07  
  1.606941253012e+09  ,8.173739257494e-10  ,2.730291792498e-07  
  1.610645635177e+09  ,8.155123683065e-10  ,2.727150264787e-07  
  1.614358556826e+09  ,8.136549672302e-10  ,2.724012351717e-07  
  1.618080037642e+09  ,8.118017138083e-10  ,2.720878049129e-07  
  1.621810097358e+09  ,8.099525993432e-10  ,2.717747352868e-07  
  1.625548755750e+09  ,8.081076151515e-10  ,2.714620258786e-07  
  1.629296032639e+09  ,8.062667525640e-10  ,2.711496762738e-07  
  1.633051947893e+09  ,8.044300029262e-10  ,2.708376860585e-07  
  1.636816521427e+09  ,8.025973575978e-10  ,2.705260548191e-07  
  1.640589773199e+09  ,8.007688079528e-10  ,2.702147821426e-07  
  1.644371723214e+09  ,7.989443453798e-10  ,2.699038676165e-07  
  1.648162391525e+09  ,7.971239612817e-10  ,2.695933108288e-07  
  1.651961798228e+09  ,7.953076470757e-10  ,2.692831113677e-07  
  1.655769963469e+09  ,7.934953941935e-10  ,2.689732688223e-07  
  1.659586907437e+09  ,7.916871940811e-10  ,2.686637827818e-07  
  1.663412650369e+09  ,7.898830381989e-10  ,2.683546528361e-07  
  1.667247212550e+09  ,7.880829180219e-10  ,2.680458785755e-07  
  1.671090614310e+09  ,7.862868250393e-10  ,2.677374595907e-07  
  1.674942876025e+09  ,7.844947507546e-10  ,2.674293954731e-07  
  1.678804018122e+09  ,7.827066866860e-10  ,2.671216858142e-07  
  1.682674061069e+09  ,7.809226243659e-10  ,2.668143302063e-07  
  1.686553025388e+09  ,7.791425553411e-10  ,2.665073282420e-07  
  1.690440931642e+09  ,7.773664711729e-10  ,2.662006795145e-07  
  1.694337800446e+09  ,7.755943634370e-10  ,2.658943836173e-07  
  1.698243652461e+09  ,7.738262237234e-10  ,2.655884401445e-07  
  1.702158508394e+09  ,7.720620436365e-10  ,2.652828486906e-07  
  1.706082389002e+09  ,7.703018147953e-10  ,2.649776088506e-07  
  1.710015315089e+09  ,7.685455288329e-10  ,2.646727202199e-07  
  1.713957307507e+09  ,7.667931773971e-10  ,2.643681823945e-07  
  1.717908387157e+09  ,7.650447521499e-10  ,2.640639949707e-07  
  1.721868574985e+09  ,7.633002447678e-10  ,2.637601575454e-07  
  1.725837891989e+09  ,7.615596469416e-10  ,2.634566697159e-07  
  1.729816359214e+09  ,7.598229503765e-10  ,2.631535310800e-07  
  1.733803997753e+09  ,7.580901467923e-10  ,2.628507412359e-07  
  1.737800828748e+09  ,7.563612279229e-10  ,2.625482997823e-07  
  1.741806873391e+09  ,7.546361855168e-10  ,2.622462063183e-07  
  1.745822152919e+09  ,7.529150113367e-10  ,2.619444604437e-07  
  1.749846688624e+09  ,7.511976971599e-10  ,2.616430617584e-07  
  1.753880501841e+09  ,7.494842347780e-10  ,2.613420098630e-07  
  1.757923613958e+09  ,7.477746159968e-10  ,2.610413043585e-07  
  1.761976046411e+09  ,7.460688326367e-10  ,2.607409448465e-07  
  1.766037820685e+09  ,7.443668765324e-10  ,2.604409309287e-07  
  1.770108958316e+09  ,7.426687395329e-10  ,2.601412622075e-07  
  1.774189480889e+09  ,7.409744135017e-10  ,2.598419382859e-07  
  1.778279410038e+09  ,7.392838903166e-10  ,2.595429587671e-07  
  1.782378767447e+09  ,7.375971618696e-10  ,2.592443232548e-07  
  1.786487574851e+09  ,7.359142200672e-10  ,2.589460313533e-07  
  1.790605854034e+09  ,7.342350568304e-10  ,2.586480826671e-07  
  1.794733626831e+09  ,7.325596640942e-10  ,2.583504768015e-07  
  1.798870915128e+09  ,7.308880338082e-10  ,2.580532133620e-07  
  1.803017740858e+09  ,7.292201579361e-10  ,2.577562919546e-07  
  1.807174126010e+09  ,7.275560284562e-10  ,2.574597121858e-07  
  1.811340092619e+09  ,7.258956373610e-10  ,2.571634736625e-07  
  1.815515662772e+09  ,7.242389766572e-10  ,2.568675759920e-07  
  1.819700858609e+09  ,7.225860383660e-10  ,2.565720187823e-07  
  1.823895702319e+09  ,7.209368145227e-10  ,2.562768016416e-07  
  1.828100216142e+09  ,7.192912971771e-10  ,2.559819241787e-07  
  1.832314422370e+09  ,7.176494783931e-10  ,2.556873860026e-07  
  1.836538343347e+09  ,7.160113502491e-10  ,2.553931867232e-07  
  1.840772001468e+09  ,7.143769048376e-10  ,2.550993259503e-07  
  1.845015419178e+09  ,7.127461342655e-10  ,2.548058032947e-07  
  1.849268618977e+09  ,7.111190306538e-10  ,2.545126183671e-07  
  1.853531623414e+09  ,7.094955861379e-10  ,2.542197707792e-07  
  1.857804455091e+09  ,7.078757928675e-10  ,2.539272601427e-07  
  1.862087136662e+09  ,7.062596430063e-10  ,2.536350860699e-07  
  1.866379690834e+09  ,7.046471287325e-10  ,2.533432481737e-07  
  1.870682140365e+09  ,7.030382422383e-10  ,2.530517460673e-07  
  1.874994508066e+09  ,7.014329757304e-10  ,2.527605793642e-07  
  1.879316816802e+09  ,6.998313214294e-10  ,2.524697476787e-07  
  1.883649089489e+09  ,6.982332715703e-10  ,2.521792506251e-07  
  1.887991349095e+09  ,6.966388184023e-10  ,2.518890878187e-07  
  1.892343618644e+09  ,6.950479541887e-10  ,2.515992588746e-07  
  1.896705921210e+09  ,6.934606712071e-10  ,2.513097634090e-07  
  1.901078279922e+09  ,6.918769617490e-10  ,2.510206010379e-07  
  1.905460717962e+09  ,6.902968181205e-10  ,2.507317713783e-07  
  1.909853258565e+09  ,6.887202326414e-10  ,2.504432740473e-07  
  1.914255925020e+09  ,6.871471976460e-10  ,2.501551086625e-07  
  1.918668740669e+09  ,6.855777054825e-10  ,2.498672748421e-07  
  1.923091728909e+09  ,6.840117485134e-10  ,2.495797722045e-07  
  1.927524913190e+09  ,6.824493191152e-10  ,2.492926003687e-07  
  1.931968317016e+09  ,6.808904096785e-10  ,2.490057589541e-07  
  1.936421963945e+09  ,6.793350126080e-10  ,2.487192475805e-07  
  1.940885877592e+09  ,6.777831203227e-10  ,2.484330658682e-07  
  1.945360081621e+09  ,6.762347252554e-10  ,2.481472134379e-07  
  1.949844599757e+09  ,6.746898198531e-10  ,2.478616899107e-07  
  1.954339455774e+09  ,6.731483965768e-10  ,2.475764949083e-07  
  1.958844673505e+09  ,6.716104479016e-10  ,2.472916280526e-07  
  1.963360276835e+09  ,6.700759663166e-10  ,2.470070889661e-07  
  1.967886289706e+09  ,6.685449443250e-10  ,2.467228772716e-07  
  1.972422736114e+09  ,6.670173744440e-10  ,2.464389925925e-07  
  1.976969640111e+09  ,6.654932492047e-10  ,2.461554345526e-07  
  1.981527025804e+09  ,6.639725611523e-10  ,2.458722027760e-07  
  1.986094917356e+09  ,6.624553028459e-10  ,2.455892968873e-07  
  1.990673338986e+09  ,6.609414668587e-10  ,2.453067165116e-07  
  1.995262314968e+09  ,6.594310457778e-10  ,2.450244612743e-07  
  1.999861869632e+09  ,6.579240322041e-10  ,2.447425308015e-07  
  2.004472027364e+09  ,6.564204187528e-10  ,2.444609247193e-07  
  2.009092812608e+09  ,6.549201980526e-10  ,2.441796426546e-07  
  2.013724249861e+09  ,6.534233627464e-10  ,2.438986842346e-07  
  2.018366363680e+09  ,6.519299054910e-10  ,2.436180490869e-07  
  2.023019178677e+09  ,6.504398189569e-10  ,2.433377368395e-07  
  2.027682719520e+09  ,6.489530958287e-10  ,2.430577471210e-07  
  2.032357010935e+09  ,6.474697288047e-10  ,2.427780795603e-07  
  2.037042077704e+09  ,6.459897105972e-10  ,2.424987337866e-07  
  2.041737944668e+09  ,6.445130339322e-10  ,2.422197094299e-07  
  2.046444636723e+09  ,6.430396915496e-10  ,2.419410061201e-07  
  2.051162178824e+09  ,6.415696762032e-10  ,2.416626234881e-07  
  2.055890595983e+09  ,6.401029806605e-10  ,2.413845611647e-07  
  2.060629913269e+09  ,6.386395977028e-10  ,2.411068187816e-07  
  2.065380155809e+09  ,6.371795201253e-10  ,2.408293959704e-07  
  2.070141348790e+09  ,6.357227407367e-10  ,2.405522923637e-07  
  2.074913517454e+09  ,6.342692523598e-10  ,2.402755075941e-07  
  2.079696687102e+09  ,6.328190478309e-10  ,2.399990412948e-07  
  2.084490883096e+09  ,6.313721200002e-10  ,2.397228930993e-07  
  2.089296130853e+09  ,6.299284617314e-10  ,2.394470626417e-07  
  2.094112455850e+09  ,6.284880659020e-10  ,2.391715495563e-07  
  2.098939883622e+09  ,6.270509254034e-10  ,2.388963534781e-07  
  2.103778439765e+09  ,6.256170331404e-10  ,2.386214740423e-07  
  2.108628149932e+09  ,6.241863820315e-10  ,2.383469108846e-07  
  2.113489039835e+09  ,6.227589650089e-10  ,2.380726636410e-07  
  2.118361135247e+09  ,6.213347750186e-10  ,2.377987319481e-07  
  2.123244461999e+09  ,6.199138050199e-10  ,2.375251154429e-07  
  2.128139045981e+09  ,6.184960479860e-10  ,2.372518137627e-07  
  2.133044913145e+09  ,6.170814969035e-10  ,2.369788265452e-07  
  2.137962089501e+09  ,6.156701447726e-10  ,2.367061534287e-07  
  2.142890601119e+09  ,6.142619846072e-10  ,2.364337940517e-07  
  2.147830474129e+09  ,6.128570094346e-10  ,2.361617480534e-07  
  2.152781734723e+09  ,6.114552122958e-10  ,2.358900150731e-07  
  2.157744409151e+09  ,6.100565862452e-10  ,2.356185947507e-07  
  2.162718523726e+09  ,6.086611243506e-10  ,2.353474867264e-07  
  2.167704104818e+09  ,6.072688196936e-10  ,2.350766906409e-07  
  2.172701178862e+09  ,6.058796653690e-10  ,2.348062061354e-07  
  2.177709772352e+09  ,6.044936544853e-10  ,2.345360328513e-07  
  2.182729911842e+09  ,6.031107801641e-10  ,2.342661704306e-07  
  2.187761623948e+09  ,6.017310355409e-10  ,2.339966185155e-07  
  2.192804935349e+09  ,6.003544137643e-10  ,2.337273767489e-07  
  2.197859872784e+09  ,5.989809079963e-10  ,2.334584447739e-07  
  2.202926463052e+09  ,5.976105114124e-10  ,2.331898222340e-07  
  2.208004733018e+09  ,5.962432172016e-10  ,2.329215087733e-07  
  2.213094709604e+09  ,5.948790185659e-10  ,2.326535040360e-07  
  2.218196419799e+09  ,5.935179087210e-10  ,2.323858076671e-07  
  2.223309890650e+09  ,5.921598808958e-10  ,2.321184193117e-07  
  2.228435149269e+09  ,5.908049283324e-10  ,2.318513386154e-07  
  2.233572222829e+09  ,5.894530442863e-10  ,2.315845652242e-07  
  2.238721138567e+09  ,5.881042220264e-10  ,2.313180987846e-07  
  2.243881923781e+09  ,5.867584548346e-10  ,2.310519389434e-07  
  2.249054605834e+09  ,5.854157360063e-10  ,2.307860853478e-07  
  2.254239212151e+09  ,5.840760588501e-10  ,2.305205376455e-07  
  2.259435770220e+09  ,5.827394166876e-10  ,2.302552954845e-07  
  2.264644307592e+09  ,5.814058028538e-10  ,2.299903585133e-07  
  2.269864851882e+09  ,5.800752106969e-10  ,2.297257263808e-07  
  2.275097430771e+09  ,5.787476335783e-10  ,2.294613987361e-07  
  2.280342071999e+09  ,5.774230648723e-10  ,2.291973752290e-07  
  2.285598803374e+09  ,5.761014979666e-10  ,2.289336555096e-07  
  2.290867652766e+09  ,5.747829262621e-10  ,2.286702392283e-07  
  2.296148648111e+09  ,5.734673431724e-10  ,2.284071260359e-07  
  2.301441817407e+09  ,5.721547421246e-10  ,2.281443155839e-07  
  2.306747188719e+09  ,5.708451165587e-10  ,2.278818075237e-07  
  2.312064790174e+09  ,5.695384599278e-10  ,2.276196015076e-07  
  2.317394649967e+09  ,5.682347656980e-10  ,2.273576971880e-07  
  2.322736796356e+09  ,5.669340273485e-10  ,2.270960942178e-07  
  2.328091257664e+09  ,5.656362383713e-10  ,2.268347922502e-07  
  2.333458062280e+09  ,5.643413922718e-10  ,2.265737909389e-07  
  2.338837238658e+09  ,5.630494825680e-10  ,2.263130899381e-07  
  2.344228815319e+09  ,5.617605027911e-10  ,2.260526889021e-07  
  2.349632820847e+09  ,5.604744464850e-10  ,2.257925874859e-07  
  2.355049283895e+09  ,5.591913072067e-10  ,2.255327853447e-07  
  2.360478233179e+09  ,5.579110785261e-10  ,2.252732821341e-07  
  2.365919697484e+09  ,5.566337540260e-10  ,2.250140775103e-07  
  2.371373705660e+09  ,5.553593273021e-10  ,2.247551711297e-07  
  2.376840286623e+09  ,5.540877919628e-10  ,2.244965626491e-07  
  2.382319469357e+09  ,5.528191416295e-10  ,2.242382517259e-07  
  2.387811282912e+09  ,5.515533699364e-10  ,2.239802380175e-07  
  2.393315756404e+09  ,5.502904705304e-10  ,2.237225211822e-07  
  2.398832919018e+09  ,5.490304370714e-10  ,2.234651008782e-07  
  2.404362800005e+09  ,5.477732632318e-10  ,2.232079767644e-07  
  2.409905428685e+09  ,5.465189426971e-10  ,2.229511485000e-07  
  2.415460834443e+09  ,5.452674691652e-10  ,2.226946157447e-07  
  2.421029046735e+09  ,5.440188363469e-10  ,2.224383781584e-07  
  2.426610095081e+09  ,5.427730379657e-10  ,2.221824354015e-07  
  2.432204009072e+09  ,5.415300677578e-10  ,2.219267871349e-07  
  2.437810818367e+09  ,5.402899194720e-10  ,2.216714330195e-07  
  2.443430552692e+09  ,5.390525868698e-10  ,2.214163727171e-07  
  2.449063241843e+09  ,5.378180637253e-10  ,2.211616058896e-07  
  2.454708915684e+09  ,5.365863438253e-10  ,2.209071321992e-07  
  2.460367604146e+09  ,5.353574209691e-10  ,2.206529513088e-07  
  2.466039337233e+09  ,5.341312889687e-10  ,2.203990628814e-07  
  2.471724145015e+09  ,5.329079416484e-10  ,2.201454665806e-07  
  2.477422057632e+09  ,5.316873728455e-10  ,2.198921620702e-07  
  2.483133105294e+09  ,5.304695764093e-10  ,2.196391490145e-07  
  2.488857318281e+09  ,5.292545462022e-10  ,2.193864270782e-07  
  2.494594726941e+09  ,5.280422760985e-10  ,2.191339959262e-07  
  2.500345361695e+09  ,5.268327599854e-10  ,2.188818552242e-07  
  2.506109253031e+09  ,5.256259917623e-10  ,2.186300046377e-07  
  2.511886431508e+09  ,5.244219653414e-10  ,2.183784438332e-07  
  2.517676927757e+09  ,5.232206746468e-10  ,2.181271724771e-07  
  2.523480772479e+09  ,5.220221136154e-10  ,2.178761902364e-07  
  2.529297996445e+09  ,5.208262761964e-10  ,2.176254967784e-07  
  2.535128630496e+09  ,5.196331563514e-10  ,2.173750917710e-07  
  2.540972705548e+09  ,5.184427480541e-10  ,2.171249748822e-07  
  2.546830252583e+09  ,5.172550452909e-10  ,2.168751457805e-07  
  2.552701302660e+09  ,5.160700420603e-10  ,2.166256041348e-07  
  2.558585886904e+09  ,5.148877323731e-10  ,2.163763496144e-07  
  2.564484036516e+09  ,5.137081102525e-10  ,2.161273818888e-07  
  2.570395782767e+09  ,5.125311697338e-10  ,2.158787006282e-07  
  2.576321157001e+09  ,5.113569048646e-10  ,2.156303055029e-07  
  2.582260190633e+09  ,5.101853097049e-10  ,2.153821961838e-07  
  2.588212915152e+09  ,5.090163783266e-10  ,2.151343723418e-07  
  2.594179362117e+09  ,5.078501048140e-10  ,2.148868336487e-07  
  2.600159563164e+09  ,5.066864832636e-10  ,2.146395797763e-07  
  2.606153549997e+09  ,5.055255077838e-10  ,2.143926103969e-07  
  2.612161354398e+09  ,5.043671724954e-10  ,2.141459251832e-07  
  2.618183008217e+09  ,5.032114715313e-10  ,2.138995238082e-07  
  2.624218543383e+09  ,5.020583990362e-10  ,2.136534059454e-07  
  2.630267991894e+09  ,5.009079491673e-10  ,2.134075712685e-07  
  2.636331385824e+09  ,4.997601160935e-10  ,2.131620194517e-07  
  2.642408757320e+09  ,4.986148939959e-10  ,2.129167501696e-07  
  2.648500138605e+09  ,4.974722770678e-10  ,2.126717630971e-07  
  2.654605561974e+09  ,4.963322595141e-10  ,2.124270579095e-07  
  2.660725059797e+09  ,4.951948355520e-10  ,2.121826342824e-07  
  2.666858664520e+09  ,4.940599994106e-10  ,2.119384918919e-07  
  2.673006408662e+09  ,4.929277453309e-10  ,2.116946304145e-07  
  2.679168324817e+09  ,4.917980675659e-10  ,2.114510495269e-07  
  2.685344445657e+09  ,4.906709603804e-10  ,2.112077489062e-07  
  2.691534803925e+09  ,4.895464180511e-10  ,2.109647282300e-07  
  2.697739432443e+09  ,4.884244348668e-10  ,2.107219871763e-07  
  2.703958364107e+09  ,4.873050051279e-10  ,2.104795254232e-07  
  2.710191631889e+09  ,4.861881231468e-10  ,2.102373426494e-07  
  2.716439268837e+09  ,4.850737832475e-10  ,2.099954385340e-07  
  2.722701308076e+09  ,4.839619797661e-10  ,2.097538127562e-07  
  2.728977782806e+09  ,4.828527070503e-10  ,2.095124649960e-07  
  2.735268726305e+09  ,4.817459594596e-10  ,2.092713949333e-07  
  2.741574171926e+09  ,4.806417313652e-10  ,2.090306022487e-07  
  2.747894153101e+09  ,4.795400171501e-10  ,2.087900866231e-07  
  2.754228703336e+09  ,4.784408112089e-10  ,2.085498477375e-07  
  2.760577856219e+09  ,4.773441079481e-10  ,2.083098852738e-07  
  2.766941645410e+09  ,4.762499017857e-10  ,2.080701989137e-07  
  2.773320104650e+09  ,4.751581871513e-10  ,2.078307883396e-07  
  2.779713267758e+09  ,4.740689584863e-10  ,2.075916532343e-07  
  2.786121168628e+09  ,4.729822102436e-10  ,2.073527932807e-07  
  2.792543841236e+09  ,4.718979368877e-10  ,2.071142081623e-07  
  2.798981319633e+09  ,4.708161328947e-10  ,2.068758975628e-07  
  2.805433637950e+09  ,4.697367927524e-10  ,2.066378611664e-07  
  2.811900830397e+09  ,4.686599109598e-10  ,2.064000986577e-07  
  2.818382931263e+09  ,4.675854820277e-10  ,2.061626097214e-07  
  2.824879974914e+09  ,4.665135004784e-10  ,2.059253940429e-07  
  2.831391995798e+09  ,4.654439608455e-10  ,2.056884513076e-07  
  2.837919028440e+09  ,4.643768576741e-10  ,2.054517812016e-07  
  2.844461107446e+09  ,4.633121855210e-10  ,2.052153834112e-07  
  2.851018267502e+09  ,4.622499389541e-10  ,2.049792576231e-07  
  2.857590543373e+09  ,4.611901125529e-10  ,2.047434035243e-07  
  2.864177969905e+09  ,4.601327009082e-10  ,2.045078208021e-07  
  2.870780582023e+09  ,4.590776986222e-10  ,2.042725091445e-07  
  2.877398414734e+09  ,4.580251003084e-10  ,2.040374682394e-07  
  2.884031503125e+09  ,4.569749005918e-10  ,2.038026977754e-07  
  2.890679882364e+09  ,4.559270941084e-10  ,2.035681974413e-07  
  2.897343587700e+09  ,4.548816755059e-10  ,2.033339669263e-07  
  2.904022654463e+09  ,4.538386394430e-10  ,2.031000059199e-07  
  2.910717118065e+09  ,4.527979805896e-10  ,2.028663141121e-07  
  2.917427013999e+09  ,4.517596936270e-10  ,2.026328911930e-07  
  2.924152377842e+09  ,4.507237732477e-10  ,2.023997368535e-07  
  2.930893245249e+09  ,4.496902141554e-10  ,2.021668507843e-07  
  2.937649651960e+09  ,4.486590110649e-10  ,2.019342326770e-07  
  2.944421633797e+09  ,4.476301587022e-10  ,2.017018822230e-07  
  2.951209226665e+09  ,4.466036518045e-10  ,2.014697991145e-07  
  2.958012466550e+09  ,4.455794851200e-10  ,2.012379830440e-07  
  2.964831389523e+09  ,4.445576534081e-10  ,2.010064337040e-07  
  2.971666031736e+09  ,4.435381514394e-10  ,2.007751507878e-07  
  2.978516429427e+09  ,4.425209739952e-10  ,2.005441339888e-07  
  2.985382618916e+09  ,4.415061158682e-10  ,2.003133830008e-07  
  2.992264636606e+09  ,4.404935718621e-10  ,2.000828975180e-07  
  2.999162518986e+09  ,4.394833367913e-10  ,1.998526772348e-07  
  3.006076302626e+09  ,4.384754054816e-10  ,1.996227218462e-07  
  3.013006024184e+09  ,4.374697727694e-10  ,1.993930310474e-07  
  3.019951720400e+09  ,4.364664335024e-10  ,1.991636045339e-07  
  3.026913428099e+09  ,4.354653825390e-10  ,1.989344420017e-07  
  3.033891184192e+09  ,4.344666147486e-10  ,1.987055431470e-07  
  3.040885025674e+09  ,4.334701250114e-10  ,1.984769076664e-07  
  3.047894989626e+09  ,4.324759082186e-10  ,1.982485352570e-07  
  3.054921113214e+09  ,4.314839592723e-10  ,1.980204256160e-07  
  3.061963433689e+09  ,4.304942730852e-10  ,1.977925784410e-07  
  3.069021988389e+09  ,4.295068445810e-10  ,1.975649934302e-07  
  3.076096814739e+09  ,4.285216686943e-10  ,1.973376702818e-07  
  3.083187950247e+09  ,4.275387403703e-10  ,1.971106086946e-07  
  3.090295432512e+09  ,4.265580545649e-10  ,1.968838083676e-07  
  3.097419299215e+09  ,4.255796062450e-10  ,1.966572690002e-07  
  3.104559588126e+09  ,4.246033903880e-10  ,1.964309902922e-07  
  3.111716337104e+09  ,4.236294019822e-10  ,1.962049719436e-07  
  3.118889584092e+09  ,4.226576360264e-10  ,1.959792136549e-07  
  3.126079367122e+09  ,4.216880875302e-10  ,1.957537151269e-07  
  3.133285724314e+09  ,4.207207515138e-10  ,1.955284760607e-07  
  3.140508693874e+09  ,4.197556230081e-10  ,1.953034961577e-07  
  3.147748314099e+09  ,4.187926970544e-10  ,1.950787751198e-07  
  3.155004623373e+09  ,4.178319687048e-10  ,1.948543126491e-07  
  3.162277660166e+09  ,4.168734330220e-10  ,1.946301084481e-07  
  3.169567463042e+09  ,4.159170850791e-10  ,1.944061622197e-07  
  3.176874070648e+09  ,4.149629199598e-10  ,1.941824736670e-07  
  3.184197521724e+09  ,4.140109327584e-10  ,1.939590424936e-07  
  3.191537855099e+09  ,4.130611185796e-10  ,1.937358684033e-07  
  3.198895109689e+09  ,4.121134725386e-10  ,1.935129511003e-07  
  3.206269324504e+09  ,4.111679897610e-10  ,1.932902902892e-07  
  3.213660538638e+09  ,4.102246653831e-10  ,1.930678856749e-07  
  3.221068791281e+09  ,4.092834945513e-10  ,1.928457369625e-07  
  3.228494121711e+09  ,4.083444724226e-10  ,1.926238438577e-07  
  3.235936569294e+09  ,4.074075941643e-10  ,1.924022060664e-07  
  3.243396173492e+09  ,4.064728549541e-10  ,1.921808232947e-07  
  3.250872973852e+09  ,4.055402499801e-10  ,1.919596952493e-07  
  3.258367010018e+09  ,4.046097744406e-10  ,1.917388216371e-07  
  3.265878321721e+09  ,4.036814235444e-10  ,1.915182021653e-07  
  3.273406948786e+09  ,4.027551925104e-10  ,1.912978365416e-07  
  3.280952931129e+09  ,4.018310765679e-10  ,1.910777244738e-07  
  3.288516308758e+09  ,4.009090709564e-10  ,1.908578656702e-07  
  3.296097121773e+09  ,3.999891709257e-10  ,1.906382598394e-07  
  3.303695410366e+09  ,3.990713717357e-10  ,1.904189066904e-07  
  3.311311214824e+09  ,3.981556686567e-10  ,1.901998059324e-07  
  3.318944575524e+09  ,3.972420569689e-10  ,1.899809572750e-07  
  3.326595532938e+09  ,3.963305319628e-10  ,1.897623604281e-07  
  3.334264127630e+09  ,3.954210889392e-10  ,1.895440151021e-07  
  3.341950400259e+09  ,3.945137232088e-10  ,1.893259210075e-07  
  3.349654391576e+09  ,3.936084300925e-10  ,1.891080778553e-07  
  3.357376142427e+09  ,3.927052049213e-10  ,1.888904853567e-07  
  3.365115693753e+09  ,3.918040430362e-10  ,1.886731432233e-07  
  3.372873086587e+09  ,3.909049397884e-10  ,1.884560511672e-07  
  3.380648362058e+09  ,3.900078905388e-10  ,1.882392089004e-07  
  3.388441561390e+09  ,3.891128906588e-10  ,1.880226161357e-07  
  3.396252725902e+09  ,3.882199355294e-10  ,1.878062725859e-07  
  3.404081897008e+09  ,3.873290205418e-10  ,1.875901779644e-07  
  3.411929116217e+09  ,3.864401410969e-10  ,1.873743319846e-07  
  3.419794425135e+09  ,3.855532926059e-10  ,1.871587343606e-07  
  3.427677865462e+09  ,3.846684704897e-10  ,1.869433848065e-07  
  3.435579478997e+09  ,3.837856701790e-10  ,1.867282830369e-07  
  3.443499307631e+09  ,3.829048871146e-10  ,1.865134287668e-07  
  3.451437393356e+09  ,3.820261167471e-10  ,1.862988217114e-07  
  3.459393778259e+09  ,3.811493545369e-10  ,1.860844615862e-07  
  3.467368504523e+09  ,3.802745959543e-10  ,1.858703481071e-07  
  3.475361614430e+09  ,3.794018364792e-10  ,1.856564809903e-07  
  3.483373150358e+09  ,3.785310716017e-10  ,1.854428599524e-07  
  3.491403154784e+09  ,3.776622968213e-10  ,1.852294847102e-07  
  3.499451670281e+09  ,3.767955076474e-10  ,1.850163549809e-07  
  3.507518739524e+09  ,3.759306995991e-10  ,1.848034704820e-07  
  3.515604405281e+09  ,3.750678682053e-10  ,1.845908309315e-07  
  3.523708710423e+09  ,3.742070090044e-10  ,1.843784360473e-07  
  3.531831697917e+09  ,3.733481175448e-10  ,1.841662855481e-07  
  3.539973410832e+09  ,3.724911893843e-10  ,1.839543791527e-07  
  3.548133892334e+09  ,3.716362200904e-10  ,1.837427165801e-07  
  3.556313185688e+09  ,3.707832052402e-10  ,1.835312975499e-07  
  3.564511334260e+09  ,3.699321404206e-10  ,1.833201217817e-07  
  3.572728381517e+09  ,3.690830212279e-10  ,1.831091889959e-07  
  3.580964371024e+09  ,3.682358432681e-10  ,1.828984989126e-07  
  3.589219346448e+09  ,3.673906021565e-10  ,1.826880512528e-07  
  3.597493351555e+09  ,3.665472935182e-10  ,1.824778457374e-07  
  3.605786430214e+09  ,3.657059129877e-10  ,1.822678820880e-07  
  3.614098626394e+09  ,3.648664562091e-10  ,1.820581600261e-07  
  3.622429984165e+09  ,3.640289188358e-10  ,1.818486792738e-07  
  3.630780547699e+09  ,3.631932965309e-10  ,1.816394395534e-07  
  3.639150361270e+09  ,3.623595849667e-10  ,1.814304405877e-07  
  3.647539469254e+09  ,3.615277798252e-10  ,1.812216820997e-07  
  3.655947916129e+09  ,3.606978767974e-10  ,1.810131638125e-07  
  3.664375746476e+09  ,3.598698715841e-10  ,1.808048854499e-07  
  3.672823004979e+09  ,3.590437598954e-10  ,1.805968467359e-07  
  3.681289736423e+09  ,3.582195374504e-10  ,1.803890473946e-07  
  3.689775985699e+09  ,3.573971999781e-10  ,1.801814871506e-07  
  3.698281797800e+09  ,3.565767432163e-10  ,1.799741657289e-07  
  3.706807217823e+09  ,3.557581629123e-10  ,1.797670828547e-07  
  3.715352290969e+09  ,3.549414548229e-10  ,1.795602382534e-07  
  3.723917062543e+09  ,3.541266147139e-10  ,1.793536316510e-07  
  3.732501577955e+09  ,3.533136383603e-10  ,1.791472627735e-07  
  3.741105882718e+09  ,3.525025215465e-10  ,1.789411313476e-07  
  3.749730022453e+09  ,3.516932600661e-10  ,1.787352370999e-07  
  3.758374042882e+09  ,3.508858497218e-10  ,1.785295797576e-07  
  3.767037989837e+09  ,3.500802863255e-10  ,1.783241590480e-07  
  3.775721909252e+09  ,3.492765656983e-10  ,1.781189746990e-07  
  3.784425847169e+09  ,3.484746836705e-10  ,1.779140264386e-07  
  3.793149849734e+09  ,3.476746360812e-10  ,1.777093139950e-07  
  3.801893963203e+09  ,3.468764187791e-10  ,1.775048370971e-07  
  3.810658233935e+09  ,3.460800276216e-10  ,1.773005954737e-07  
  3.819442708398e+09  ,3.452854584752e-10  ,1.770965888543e-07  
  3.828247433166e+09  ,3.444927072158e-10  ,1.768928169683e-07  
  3.837072454920e+09  ,3.437017697278e-10  ,1.766892795457e-07  
  3.845917820451e+09  ,3.429126419051e-10  ,1.764859763167e-07  
  3.854783576655e+09  ,3.421253196502e-10  ,1.762829070119e-07  
  3.863669770538e+09  ,3.413397988749e-10  ,1.760800713621e-07  
  3.872576449214e+09  ,3.405560754998e-10  ,1.758774690984e-07  
  3.881503659904e+09  ,3.397741454545e-10  ,1.756750999525e-07  
  3.890451449940e+09  ,3.389940046774e-10  ,1.754729636559e-07  
  3.899419866763e+09  ,3.382156491161e-10  ,1.752710599408e-07  
  3.908408957922e+09  ,3.374390747266e-10  ,1.750693885397e-07  
  3.917418771075e+09  ,3.366642774744e-10  ,1.748679491851e-07  
  3.926449353994e+09  ,3.358912533333e-10  ,1.746667416101e-07  
  3.935500754555e+09  ,3.351199982863e-10  ,1.744657655481e-07  
  3.944573020750e+09  ,3.343505083250e-10  ,1.742650207326e-07  
  3.953666200679e+09  ,3.335827794500e-10  ,1.740645068976e-07  
  3.962780342552e+09  ,3.328168076705e-10  ,1.738642237773e-07  
  3.971915494692e+09  ,3.320525890046e-10  ,1.736641711062e-07  
  3.981071705533e+09  ,3.312901194791e-10  ,1.734643486193e-07  
  3.990249023619e+09  ,3.305293951295e-10  ,1.732647560516e-07  
  3.999447497609e+09  ,3.297704120000e-10  ,1.730653931386e-07  
  4.008667176271e+09  ,3.290131661438e-10  ,1.728662596161e-07  
  4.017908108487e+09  ,3.282576536223e-10  ,1.726673552201e-07  
  4.027170343252e+09  ,3.275038705059e-10  ,1.724686796870e-07  
  4.036453929674e+09  ,3.267518128735e-10  ,1.722702327535e-07  
  4.045758916972e+09  ,3.260014768128e-10  ,1.720720141565e-07  
  4.055085354481e+09  ,3.252528584199e-10  ,1.718740236334e-07  
  4.064433291650e+09  ,3.245059537996e-10  ,1.716762609217e-07  
  4.073802778039e+09  ,3.237607590653e-10  ,1.714787257592e-07  
  4.083193863324e+09  ,3.230172703390e-10  ,1.712814178843e-07  
  4.092606597298e+09  ,3.222754837511e-10  ,1.710843370353e-07  
  4.102041029864e+09  ,3.215353954406e-10  ,1.708874829510e-07  
  4.111497211043e+09  ,3.207970015551e-10  ,1.706908553706e-07  
  4.120975190971e+09  ,3.200602982505e-10  ,1.704944540333e-07  
  4.130475019899e+09  ,3.193252816914e-10  ,1.702982786790e-07  
  4.139996748195e+09  ,3.185919480507e-10  ,1.701023290476e-07  
  4.149540426341e+09  ,3.178602935099e-10  ,1.699066048793e-07  
  4.159106104938e+09  ,3.171303142587e-10  ,1.697111059148e-07  
  4.168693834701e+09  ,3.164020064953e-10  ,1.695158318949e-07  
  4.178303666464e+09  ,3.156753664265e-10  ,1.693207825609e-07  
  4.187935651177e+09  ,3.149503902671e-10  ,1.691259576541e-07  
  4.197589839907e+09  ,3.142270742406e-10  ,1.689313569164e-07  
  4.207266283842e+09  ,3.135054145786e-10  ,1.687369800898e-07  
  4.216965034283e+09  ,3.127854075212e-10  ,1.685428269168e-07  
  4.226686142653e+09  ,3.120670493167e-10  ,1.683488971399e-07  
  4.236429660493e+09  ,3.113503362218e-10  ,1.681551905022e-07  
  4.246195639461e+09  ,3.106352645012e-10  ,1.679617067468e-07  
  4.255984131335e+09  ,3.099218304283e-10  ,1.677684456174e-07  
  4.265795188013e+09  ,3.092100302843e-10  ,1.675754068578e-07  
  4.275628861513e+09  ,3.084998603589e-10  ,1.673825902122e-07  
  4.285485203972e+09  ,3.077913169499e-10  ,1.671899954249e-07  
  4.295364267646e+09  ,3.070843963634e-10  ,1.669976222407e-07  
  4.305266104914e+09  ,3.063790949135e-10  ,1.668054704046e-07  
  4.315190768275e+09  ,3.056754089226e-10  ,1.666135396620e-07  
  4.325138310347e+09  ,3.049733347211e-10  ,1.664218297585e-07  
  4.335108783873e+09  ,3.042728686478e-10  ,1.662303404399e-07  
  4.345102241713e+09  ,3.035740070493e-10  ,1.660390714524e-07  
  4.355118736853e+09  ,3.028767462804e-10  ,1.658480225426e-07  
  4.365158322399e+09  ,3.021810827040e-10  ,1.656571934573e-07  
  4.375221051580e+09  ,3.014870126911e-10  ,1.654665839434e-07  
  4.385306977747e+09  ,3.007945326207e-10  ,1.652761937484e-07  
  4.395416154376e+09  ,3.001036388797e-10  ,1.650860226199e-07  
  4.405548635063e+09  ,2.994143278632e-10  ,1.648960703059e-07  
  4.415704473530e+09  ,2.987265959743e-10  ,1.647063365545e-07  
  4.425883723624e+09  ,2.980404396239e-10  ,1.645168211143e-07  
  4.436086439312e+09  ,2.973558552310e-10  ,1.643275237342e-07  
  4.446312674688e+09  ,2.966728392224e-10  ,1.641384441632e-07  
  4.456562483972e+09  ,2.959913880331e-10  ,1.639495821507e-07  
  4.466835921507e+09  ,2.953114981057e-10  ,1.637609374464e-07  
  4.477133041761e+09  ,2.946331658909e-10  ,1.635725098003e-07  
  4.487453899329e+09  ,2.939563878472e-10  ,1.633842989625e-07  
  4.497798548930e+09  ,2.932811604409e-10  ,1.631963046837e-07  
  4.508167045412e+09  ,2.926074801464e-10  ,1.630085267147e-07  
  4.518559443746e+09  ,2.919353434456e-10  ,1.628209648066e-07  
  4.528975799033e+09  ,2.912647468284e-10  ,1.626336187107e-07  
  4.539416166499e+09  ,2.905956867925e-10  ,1.624464881789e-07  
  4.549880601498e+09  ,2.899281598433e-10  ,1.622595729630e-07  
  4.560369159510e+09  ,2.892621624941e-10  ,1.620728728153e-07  
  4.570881896146e+09  ,2.885976912658e-10  ,1.618863874884e-07  
  4.581418867142e+09  ,2.879347426872e-10  ,1.617001167350e-07  
  4.591980128366e+09  ,2.872733132945e-10  ,1.615140603084e-07  
  4.602565735811e+09  ,2.866133996320e-10  ,1.613282179618e-07  
  4.613175745601e+09  ,2.859549982515e-10  ,1.611425894490e-07  
  4.623810213990e+09  ,2.852981057124e-10  ,1.609571745240e-07  
  4.634469197360e+09  ,2.846427185820e-10  ,1.607719729409e-07  
  4.645152752225e+09  ,2.839888334348e-10  ,1.605869844543e-07  
  4.655860935227e+09  ,2.833364468534e-10  ,1.604022088191e-07  
  4.666593803140e+09  ,2.826855554278e-10  ,1.602176457903e-07  
  4.677351412869e+09  ,2.820361557555e-10  ,1.600332951232e-07  
  4.688133821450e+09  ,2.813882444417e-10  ,1.598491565736e-07  
  4.698941086049e+09  ,2.807418180991e-10  ,1.596652298974e-07  
  4.709773263967e+09  ,2.800968733481e-10  ,1.594815148508e-07  
  4.720630412633e+09  ,2.794534068164e-10  ,1.592980111903e-07  
  4.731512589612e+09  ,2.788114151393e-10  ,1.591147186727e-07  
  4.742419852600e+09  ,2.781708949597e-10  ,1.589316370550e-07  
  4.753352259425e+09  ,2.775318429278e-10  ,1.587487660946e-07  
  4.764309868051e+09  ,2.768942557014e-10  ,1.585661055491e-07  
  4.775292736574e+09  ,2.762581299458e-10  ,1.583836551764e-07  
  4.786300923223e+09  ,2.756234623335e-10  ,1.582014147347e-07  
  4.797334486364e+09  ,2.749902495447e-10  ,1.580193839824e-07  
  4.808393484494e+09  ,2.743584882668e-10  ,1.578375626783e-07  
  4.819477976248e+09  ,2.737281751947e-10  ,1.576559505813e-07  
  4.830588020395e+09  ,2.730993070305e-10  ,1.574745474508e-07  
  4.841723675838e+09  ,2.724718804840e-10  ,1.572933530463e-07  
  4.852885001618e+09  ,2.718458922720e-10  ,1.571123671276e-07  
  4.864072056912e+09  ,2.712213391188e-10  ,1.569315894549e-07  
  4.875284901031e+09  ,2.705982177560e-10  ,1.567510197886e-07  
  4.886523593425e+09  ,2.699765249225e-10  ,1.565706578893e-07  
  4.897788193681e+09  ,2.693562573643e-10  ,1.563905035180e-07  
  4.909078761523e+09  ,2.687374118350e-10  ,1.562105564359e-07  
  4.920395356811e+09  ,2.681199850952e-10  ,1.560308164045e-07  
  4.931738039546e+09  ,2.675039739127e-10  ,1.558512831855e-07  
  4.943106869865e+09  ,2.668893750628e-10  ,1.556719565411e-07  
  4.954501908045e+09  ,2.662761853277e-10  ,1.554928362334e-07  
  4.965923214500e+09  ,2.656644014971e-10  ,1.553139220251e-07  
  4.977370849786e+09  ,2.650540203675e-10  ,1.551352136791e-07  
  4.988844874597e+09  ,2.644450387428e-10  ,1.549567109586e-07  
  5.000345349767e+09  ,2.638374534341e-10  ,1.547784136268e-07  
  5.011872336270e+09  ,2.632312612594e-10  ,1.546003214475e-07  
  5.023425895221e+09  ,2.626264590441e-10  ,1.544224341846e-07  
  5.035006087876e+09  ,2.620230436205e-10  ,1.542447516024e-07  
  5.046612975632e+09  ,2.614210118279e-10  ,1.540672734653e-07  
  5.058246620028e+09  ,2.608203605130e-10  ,1.538899995382e-07  
  5.069907082744e+09  ,2.602210865292e-10  ,1.537129295860e-07  
  5.081594425602e+09  ,2.596231867372e-10  ,1.535360633741e-07  
  5.093308710569e+09  ,2.590266580046e-10  ,1.533594006680e-07  
  5.105049999751e+09  ,2.584314972060e-10  ,1.531829412336e-07  
  5.116818355400e+09  ,2.578377012231e-10  ,1.530066848370e-07  
  5.128613839910e+09  ,2.572452669444e-10  ,1.528306312446e-07  
  5.140436515821e+09  ,2.566541912656e-10  ,1.526547802231e-07  
  5.152286445814e+09  ,2.560644710892e-10  ,1.524791315392e-07  
  5.164163692717e+09  ,2.554761033246e-10  ,1.523036849604e-07  
  5.176068319502e+09  ,2.548890848883e-10  ,1.521284402539e-07  
  5.188000389286e+09  ,2.543034127036e-10  ,1.519533971876e-07  
  5.199959965332e+09  ,2.537190837005e-10  ,1.517785555294e-07  
  5.211947111048e+09  ,2.531360948163e-10  ,1.516039150476e-07  
  5.223961889988e+09  ,2.525544429948e-10  ,1.514294755107e-07  
  5.236004365854e+09  ,2.519741251869e-10  ,1.512552366875e-07  
  5.248074602494e+09  ,2.513951383501e-10  ,1.510811983471e-07  
  5.260172663904e+09  ,2.508174794489e-10  ,1.509073602587e-07  
  5.272298614225e+09  ,2.502411454545e-10  ,1.507337221920e-07  
  5.284452517749e+09  ,2.496661333450e-10  ,1.505602839169e-07  
  5.296634438913e+09  ,2.490924401051e-10  ,1.503870452034e-07  
  5.308844442307e+09  ,2.485200627265e-10  ,1.502140058219e-07  
  5.321082592665e+09  ,2.479489982075e-10  ,1.500411655432e-07  
  5.333348954873e+09  ,2.473792435531e-10  ,1.498685241380e-07  
  5.345643593966e+09  ,2.468107957752e-10  ,1.496960813776e-07  
  5.357966575130e+09  ,2.462436518921e-10  ,1.495238370334e-07  
  5.370317963699e+09  ,2.456778089292e-10  ,1.493517908771e-07  
  5.382697825160e+09  ,2.451132639181e-10  ,1.491799426807e-07  
  5.395106225148e+09  ,2.445500138975e-10  ,1.490082922163e-07  
  5.407543229452e+09  ,2.439880559125e-10  ,1.488368392566e-07  
  5.420008904013e+09  ,2.434273870149e-10  ,1.486655835742e-07  
  5.432503314921e+09  ,2.428680042631e-10  ,1.484945249422e-07  
  5.445026528421e+09  ,2.423099047221e-10  ,1.483236631338e-07  
  5.457578610909e+09  ,2.417530854636e-10  ,1.481529979226e-07  
  5.470159628936e+09  ,2.411975435657e-10  ,1.479825290823e-07  
  5.482769649205e+09  ,2.406432761133e-10  ,1.478122563870e-07  
  5.495408738573e+09  ,2.400902801975e-10  ,1.476421796111e-07  
  5.508076964051e+09  ,2.395385529162e-10  ,1.474722985291e-07  
  5.520774392804e+09  ,2.389880913739e-10  ,1.473026129158e-07  
  5.533501092154e+09  ,2.384388926813e-10  ,1.471331225463e-07  
  5.546257129576e+09  ,2.378909539559e-10  ,1.469638271960e-07  
  5.559042572701e+09  ,2.373442723215e-10  ,1.467947266405e-07  
  5.571857489316e+09  ,2.367988449083e-10  ,1.466258206557e-07  
  5.584701947365e+09  ,2.362546688532e-10  ,1.464571090176e-07  
  5.597576014948e+09  ,2.357117412994e-10  ,1.462885915027e-07  
  5.610479760321e+09  ,2.351700593964e-10  ,1.461202678876e-07  
  5.623413251900e+09  ,2.346296203003e-10  ,1.459521379493e-07  
  5.636376558256e+09  ,2.340904211736e-10  ,1.457842014648e-07  
  5.649369748119e+09  ,2.335524591850e-10  ,1.456164582115e-07  
  5.662392890379e+09  ,2.330157315098e-10  ,1.454489079673e-07  
  5.675446054082e+09  ,2.324802353295e-10  ,1.452815505098e-07  
  5.688529308435e+09  ,2.319459678319e-10  ,1.451143856175e-07  
  5.701642722804e+09  ,2.314129262114e-10  ,1.449474130686e-07  
  5.714786366715e+09  ,2.308811076683e-10  ,1.447806326419e-07  
  5.727960309855e+09  ,2.303505094096e-10  ,1.446140441162e-07  
  5.741164622070e+09  ,2.298211286483e-10  ,1.444476472709e-07  
  5.754399373368e+09  ,2.292929626039e-10  ,1.442814418854e-07  
  5.767664633919e+09  ,2.287660085019e-10  ,1.441154277393e-07  
  5.780960474054e+09  ,2.282402635744e-10  ,1.439496046127e-07  
  5.794286964265e+09  ,2.277157250594e-10  ,1.437839722856e-07  
  5.807644175209e+09  ,2.271923902013e-10  ,1.436185305387e-07  
  5.821032177705e+09  ,2.266702562506e-10  ,1.434532791526e-07  
  5.834451042734e+09  ,2.261493204641e-10  ,1.432882179084e-07  
  5.847900841441e+09  ,2.256295801047e-10  ,1.431233465871e-07  
  5.861381645137e+09  ,2.251110324416e-10  ,1.429586649703e-07  
  5.874893525294e+09  ,2.245936747500e-10  ,1.427941728397e-07  
  5.888436553552e+09  ,2.240775043113e-10  ,1.426298699773e-07  
  5.902010801715e+09  ,2.235625184130e-10  ,1.424657561653e-07  
  5.915616341751e+09  ,2.230487143487e-10  ,1.423018311862e-07  
  5.929253245796e+09  ,2.225360894182e-10  ,1.421380948227e-07  
  5.942921586152e+09  ,2.220246409273e-10  ,1.419745468579e-07  
  5.956621435286e+09  ,2.215143661880e-10  ,1.418111870748e-07  
  5.970352865835e+09  ,2.210052625181e-10  ,1.416480152571e-07  
  5.984115950599e+09  ,2.204973272417e-10  ,1.414850311884e-07  
  5.997910762551e+09  ,2.199905576888e-10  ,1.413222346527e-07  
  6.011737374829e+09  ,2.194849511955e-10  ,1.411596254342e-07  
  6.025595860740e+09  ,2.189805051039e-10  ,1.409972033174e-07  
  6.039486293760e+09  ,2.184772167620e-10  ,1.408349680871e-07  
  6.053408747535e+09  ,2.179750835239e-10  ,1.406729195281e-07  
  6.067363295881e+09  ,2.174741027497e-10  ,1.405110574257e-07  
  6.081350012783e+09  ,2.169742718052e-10  ,1.403493815654e-07  
  6.095368972398e+09  ,2.164755880625e-10  ,1.401878917329e-07  
  6.109420249052e+09  ,2.159780488994e-10  ,1.400265877141e-07  
  6.123503917244e+09  ,2.154816516996e-10  ,1.398654692952e-07  
  6.137620051644e+09  ,2.149863938529e-10  ,1.397045362627e-07  
  6.151768727095e+09  ,2.144922727548e-10  ,1.395437884033e-07  
  6.165950018611e+09  ,2.139992858068e-10  ,1.393832255039e-07  
  6.180164001380e+09  ,2.135074304161e-10  ,1.392228473517e-07  
  6.194410750764e+09  ,2.130167039961e-10  ,1.390626537341e-07  
  6.208690342297e+09  ,2.125271039656e-10  ,1.389026444388e-07  
  6.223002851688e+09  ,2.120386277495e-10  ,1.387428192538e-07  
  6.237348354820e+09  ,2.115512727786e-10  ,1.385831779671e-07  
  6.251726927753e+09  ,2.110650364892e-10  ,1.384237203671e-07  
  6.266138646719e+09  ,2.105799163237e-10  ,1.382644462426e-07  
  6.280583588129e+09  ,2.100959097300e-10  ,1.381053553825e-07  
  6.295061828568e+09  ,2.096130141619e-10  ,1.379464475758e-07  
  6.309573444798e+09  ,2.091312270791e-10  ,1.377877226119e-07  
  6.324118513758e+09  ,2.086505459468e-10  ,1.376291802805e-07  
  6.338697112565e+09  ,2.081709682360e-10  ,1.374708203714e-07  
  6.353309318513e+09  ,2.076924914235e-10  ,1.373126426747e-07  
  6.367955209075e+09  ,2.072151129918e-10  ,1.371546469808e-07  
  6.382634861901e+09  ,2.067388304289e-10  ,1.369968330802e-07  
  6.397348354822e+09  ,2.062636412286e-10  ,1.368392007638e-07  
  6.412095765848e+09  ,2.057895428906e-10  ,1.366817498227e-07  
  6.426877173166e+09  ,2.053165329198e-10  ,1.365244800481e-07  
  6.441692655148e+09  ,2.048446088270e-10  ,1.363673912316e-07  
  6.456542290343e+09  ,2.043737681288e-10  ,1.362104831650e-07  
  6.471426157482e+09  ,2.039040083470e-10  ,1.360537556404e-07  
  6.486344335478e+09  ,2.034353270093e-10  ,1.358972084499e-07  
  6.501296903427e+09  ,2.029677216490e-10  ,1.357408413861e-07  
  6.516283940604e+09  ,2.025011898048e-10  ,1.355846542418e-07  
  6.531305526471e+09  ,2.020357290211e-10  ,1.354286468099e-07  
  6.546361740669e+09  ,2.015713368478e-10  ,1.352728188836e-07  
  6.561452663025e+09  ,2.011080108404e-10  ,1.351171702564e-07  
  6.576578373550e+09  ,2.006457485599e-10  ,1.349617007221e-07  
  6.591738952439e+09  ,2.001845475728e-10  ,1.348064100744e-07  
  6.606934480072e+09  ,1.997244054511e-10  ,1.346512981077e-07  
  6.622165037013e+09  ,1.992653197724e-10  ,1.344963646163e-07  
  6.637430704015e+09  ,1.988072881196e-10  ,1.343416093948e-07  
  6.652731562013e+09  ,1.983503080812e-10  ,1.341870322382e-07  
  6.668067692132e+09  ,1.978943772512e-10  ,1.340326329416e-07  
  6.683439175682e+09  ,1.974394932290e-10  ,1.338784113003e-07  
  6.698846094161e+09  ,1.969856536192e-10  ,1.337243671098e-07  
  6.714288529255e+09  ,1.965328560323e-10  ,1.335705001661e-07  
  6.729766562839e+09  ,1.960810980838e-10  ,1.334168102652e-07  
  6.745280276975e+09  ,1.956303773948e-10  ,1.332632972033e-07  
  6.760829753916e+09  ,1.951806915918e-10  ,1.331099607771e-07  
  6.776415076102e+09  ,1.947320383065e-10  ,1.329568007832e-07  
  6.792036326168e+09  ,1.942844151761e-10  ,1.328038170187e-07  
  6.807693586933e+09  ,1.938378198432e-10  ,1.326510092807e-07  
  6.823386941412e+09  ,1.933922499556e-10  ,1.324983773669e-07  
  6.839116472810e+09  ,1.929477031666e-10  ,1.323459210747e-07  
  6.854882264522e+09  ,1.925041771346e-10  ,1.321936402023e-07  
  6.870684400138e+09  ,1.920616695235e-10  ,1.320415345477e-07  
  6.886522963438e+09  ,1.916201780024e-10  ,1.318896039093e-07  
  6.902398038398e+09  ,1.911797002457e-10  ,1.317378480857e-07  
  6.918309709185e+09  ,1.907402339331e-10  ,1.315862668759e-07  
  6.934258060161e+09  ,1.903017767494e-10  ,1.314348600789e-07  
  6.950243175884e+09  ,1.898643263850e-10  ,1.312836274940e-07  
  6.966265141103e+09  ,1.894278805351e-10  ,1.311325689207e-07  
  6.982324040767e+09  ,1.889924369005e-10  ,1.309816841590e-07  
  6.998419960018e+09  ,1.885579931870e-10  ,1.308309730086e-07  
  7.014552984195e+09  ,1.881245471056e-10  ,1.306804352700e-07  
  7.030723198834e+09  ,1.876920963726e-10  ,1.305300707435e-07  
  7.046930689667e+09  ,1.872606387094e-10  ,1.303798792300e-07  
  7.063175542625e+09  ,1.868301718426e-10  ,1.302298605302e-07  
  7.079457843837e+09  ,1.864006935040e-10  ,1.300800144454e-07  
  7.095777679629e+09  ,1.859722014304e-10  ,1.299303407769e-07  
  7.112135136529e+09  ,1.855446933638e-10  ,1.297808393264e-07  
  7.128530301261e+09  ,1.851181670515e-10  ,1.296315098957e-07  
  7.144963260751e+09  ,1.846926202456e-10  ,1.294823522869e-07  
  7.161434102125e+09  ,1.842680507035e-10  ,1.293333663023e-07  
  7.177942912709e+09  ,1.838444561877e-10  ,1.291845517443e-07  
  7.194489780032e+09  ,1.834218344657e-10  ,1.290359084159e-07  
  7.211074791824e+09  ,1.830001833100e-10  ,1.288874361199e-07  
  7.227698036017e+09  ,1.825795004984e-10  ,1.287391346595e-07  
  7.244359600745e+09  ,1.821597838134e-10  ,1.285910038383e-07  
  7.261059574347e+09  ,1.817410310429e-10  ,1.284430434598e-07  
  7.277798045364e+09  ,1.813232399795e-10  ,1.282952533279e-07  
  7.294575102541e+09  ,1.809064084210e-10  ,1.281476332468e-07  
  7.311390834830e+09  ,1.804905341701e-10  ,1.280001830207e-07  
  7.328245331384e+09  ,1.800756150346e-10  ,1.278529024544e-07  
  7.345138681567e+09  ,1.796616488272e-10  ,1.277057913524e-07  
  7.362070974943e+09  ,1.792486333656e-10  ,1.275588495199e-07  
  7.379042301286e+09  ,1.788365664723e-10  ,1.274120767621e-07  
  7.396052750578e+09  ,1.784254459751e-10  ,1.272654728845e-07  
  7.413102413004e+09  ,1.780152697063e-10  ,1.271190376927e-07  
  7.430191378962e+09  ,1.776060355034e-10  ,1.269727709926e-07  
  7.447319739055e+09  ,1.771977412088e-10  ,1.268266725904e-07  
  7.464487584096e+09  ,1.767903846696e-10  ,1.266807422925e-07  
  7.481695005107e+09  ,1.763839637381e-10  ,1.265349799053e-07  
  7.498942093320e+09  ,1.759784762713e-10  ,1.263893852358e-07  
  7.516228940177e+09  ,1.755739201309e-10  ,1.262439580909e-07  
  7.533555637332e+09  ,1.751702931838e-10  ,1.260986982778e-07  
  7.550922276650e+09  ,1.747675933016e-10  ,1.259536056041e-07  
  7.568328950205e+09  ,1.743658183606e-10  ,1.258086798775e-07  
  7.585775750287e+09  ,1.739649662421e-10  ,1.256639209057e-07  
  7.603262769397e+09  ,1.735650348322e-10  ,1.255193284971e-07  
  7.620790100249e+09  ,1.731660220217e-10  ,1.253749024598e-07  
  7.638357835772e+09  ,1.727679257062e-10  ,1.252306426026e-07  
  7.655966069108e+09  ,1.723707437863e-10  ,1.250865487341e-07  
  7.673614893613e+09  ,1.719744741671e-10  ,1.249426206634e-07  
  7.691304402861e+09  ,1.715791147585e-10  ,1.247988581998e-07  
  7.709034690639e+09  ,1.711846634754e-10  ,1.246552611526e-07  
  7.726805850952e+09  ,1.707911182371e-10  ,1.245118293316e-07  
  7.744617978020e+09  ,1.703984769679e-10  ,1.243685625466e-07  
  7.762471166282e+09  ,1.700067375966e-10  ,1.242254606077e-07  
  7.780365510393e+09  ,1.696158980569e-10  ,1.240825233254e-07  
  7.798301105228e+09  ,1.692259562871e-10  ,1.239397505100e-07  
  7.816278045878e+09  ,1.688369102302e-10  ,1.237971419724e-07  
  7.834296427657e+09  ,1.684487578339e-10  ,1.236546975236e-07  
  7.852356346096e+09  ,1.680614970504e-10  ,1.235124169747e-07  
  7.870457896946e+09  ,1.676751258369e-10  ,1.233703001372e-07  
  7.888601176181e+09  ,1.672896421550e-10  ,1.232283468226e-07  
  7.906786279993e+09  ,1.669050439709e-10  ,1.230865568430e-07  
  7.925013304800e+09  ,1.665213292556e-10  ,1.229449300102e-07  
  7.943282347238e+09  ,1.661384959845e-10  ,1.228034661367e-07  
  7.961593504168e+09  ,1.657565421379e-10  ,1.226621650348e-07  
  7.979946872675e+09  ,1.653754657004e-10  ,1.225210265174e-07  
  7.998342550065e+09  ,1.649952646614e-10  ,1.223800503972e-07  
  8.016780633872e+09  ,1.646159370147e-10  ,1.222392364876e-07  
  8.035261221851e+09  ,1.642374807588e-10  ,1.220985846018e-07  
  8.053784411986e+09  ,1.638598938967e-10  ,1.219580945534e-07  
  8.072350302483e+09  ,1.634831744359e-10  ,1.218177661562e-07  
  8.090958991779e+09  ,1.631073203885e-10  ,1.216775992242e-07  
  8.109610578533e+09  ,1.627323297711e-10  ,1.215375935716e-07  
  8.128305161636e+09  ,1.623582006049e-10  ,1.213977490129e-07  
  8.147042840203e+09  ,1.619849309154e-10  ,1.212580653627e-07  
  8.165823713581e+09  ,1.616125187328e-10  ,1.211185424358e-07  
  8.184647881343e+09  ,1.612409620916e-10  ,1.209791800473e-07  
  8.203515443293e+09  ,1.608702590309e-10  ,1.208399780125e-07  
  8.222426499466e+09  ,1.605004075944e-10  ,1.207009361469e-07  
  8.241381150125e+09  ,1.601314058298e-10  ,1.205620542663e-07  
  8.260379495767e+09  ,1.597632517898e-10  ,1.204233321864e-07  
  8.279421637118e+09  ,1.593959435311e-10  ,1.202847697235e-07  
  8.298507675139e+09  ,1.590294791150e-10  ,1.201463666939e-07  
  8.317637711021e+09  ,1.586638566073e-10  ,1.200081229142e-07  
  8.336811846191e+09  ,1.582990740780e-10  ,1.198700382010e-07  
  8.356030182307e+09  ,1.579351296017e-10  ,1.197321123715e-07  
  8.375292821264e+09  ,1.575720212572e-10  ,1.195943452427e-07  
  8.394599865189e+09  ,1.572097471278e-10  ,1.194567366321e-07  
  8.413951416447e+09  ,1.568483053011e-10  ,1.193192863573e-07  
  8.433347577637e+09  ,1.564876938691e-10  ,1.191819942361e-07  
  8.452788451598e+09  ,1.561279109282e-10  ,1.190448600865e-07  
  8.472274141401e+09  ,1.557689545789e-10  ,1.189078837268e-07  
  8.491804750358e+09  ,1.554108229263e-10  ,1.187710649754e-07  
  8.511380382018e+09  ,1.550535140797e-10  ,1.186344036510e-07  
  8.531001140170e+09  ,1.546970261527e-10  ,1.184978995723e-07  
  8.550667128841e+09  ,1.543413572632e-10  ,1.183615525586e-07  
  8.570378452298e+09  ,1.539865055334e-10  ,1.182253624290e-07  
  8.590135215049e+09  ,1.536324690897e-10  ,1.180893290031e-07  
  8.609937521841e+09  ,1.532792460630e-10  ,1.179534521006e-07  
  8.629785477664e+09  ,1.529268345882e-10  ,1.178177315413e-07  
  8.649679187751e+09  ,1.525752328045e-10  ,1.176821671454e-07  
  8.669618757577e+09  ,1.522244388555e-10  ,1.175467587331e-07  
  8.689604292858e+09  ,1.518744508889e-10  ,1.174115061251e-07  
  8.709635899555e+09  ,1.515252670567e-10  ,1.172764091420e-07  
  8.729713683876e+09  ,1.511768855149e-10  ,1.171414676048e-07  
  8.749837752269e+09  ,1.508293044239e-10  ,1.170066813346e-07  
  8.770008211431e+09  ,1.504825219483e-10  ,1.168720501528e-07  
  8.790225168303e+09  ,1.501365362568e-10  ,1.167375738808e-07  
  8.810488730075e+09  ,1.497913455224e-10  ,1.166032523406e-07  
  8.830799004180e+09  ,1.494469479220e-10  ,1.164690853540e-07  
  8.851156098303e+09  ,1.491033416370e-10  ,1.163350727431e-07  
  8.871560120374e+09  ,1.487605248527e-10  ,1.162012143305e-07  
  8.892011178574e+09  ,1.484184957585e-10  ,1.160675099386e-07  
  8.912509381332e+09  ,1.480772525482e-10  ,1.159339593903e-07  
  8.933054837327e+09  ,1.477367934195e-10  ,1.158005625085e-07  
  8.953647655490e+09  ,1.473971165742e-10  ,1.156673191164e-07  
  8.974287945002e+09  ,1.470582202184e-10  ,1.155342290374e-07  
  8.994975815295e+09  ,1.467201025621e-10  ,1.154012920951e-07  
  9.015711376054e+09  ,1.463827618193e-10  ,1.152685081134e-07  
  9.036494737217e+09  ,1.460461962084e-10  ,1.151358769161e-07  
  9.057326008976e+09  ,1.457104039516e-10  ,1.150033983275e-07  
  9.078205301776e+09  ,1.453753832751e-10  ,1.148710721720e-07  
  9.099132726317e+09  ,1.450411324095e-10  ,1.147388982743e-07  
  9.120108393553e+09  ,1.447076495891e-10  ,1.146068764591e-07  
  9.141132414697e+09  ,1.443749330523e-10  ,1.144750065514e-07  
  9.162204901214e+09  ,1.440429810415e-10  ,1.143432883765e-07  
  9.183325964830e+09  ,1.437117918033e-10  ,1.142117217598e-07  
  9.204495717526e+09  ,1.433813635881e-10  ,1.140803065268e-07  
  9.225714271542e+09  ,1.430516946504e-10  ,1.139490425035e-07  
  9.246981739376e+09  ,1.427227832485e-10  ,1.138179295158e-07  
  9.268298233788e+09  ,1.423946276449e-10  ,1.136869673899e-07  
  9.289663867793e+09  ,1.420672261060e-10  ,1.135561559522e-07  
  9.311078754672e+09  ,1.417405769021e-10  ,1.134254950295e-07  
  9.332543007964e+09  ,1.414146783074e-10  ,1.132949844484e-07  
  9.354056741470e+09  ,1.410895286002e-10  ,1.131646240360e-07  
  9.375620069253e+09  ,1.407651260626e-10  ,1.130344136195e-07  
  9.397233105640e+09  ,1.404414689806e-10  ,1.129043530263e-07  
  9.418895965222e+09  ,1.401185556443e-10  ,1.127744420841e-07  
  9.440608762853e+09  ,1.397963843474e-10  ,1.126446806206e-07  
  9.462371613652e+09  ,1.394749533878e-10  ,1.125150684639e-07  
  9.484184633003e+09  ,1.391542610672e-10  ,1.123856054421e-07  
  9.506047936557e+09  ,1.388343056909e-10  ,1.122562913837e-07  
  9.527961640230e+09  ,1.385150855685e-10  ,1.121271261172e-07  
  9.549925860208e+09  ,1.381965990132e-10  ,1.119981094715e-07  
  9.571940712942e+09  ,1.378788443420e-10  ,1.118692412756e-07  
  9.594006315153e+09  ,1.375618198760e-10  ,1.117405213586e-07  
  9.616122783831e+09  ,1.372455239399e-10  ,1.116119495499e-07  
  9.638290236234e+09  ,1.369299548622e-10  ,1.114835256792e-07  
  9.660508789892e+09  ,1.366151109755e-10  ,1.113552495761e-07  
  9.682778562606e+09  ,1.363009906159e-10  ,1.112271210708e-07  
  9.705099672449e+09  ,1.359875921234e-10  ,1.110991399932e-07  
  9.727472237763e+09  ,1.356749138419e-10  ,1.109713061739e-07  
  9.749896377168e+09  ,1.353629541189e-10  ,1.108436194434e-07  
  9.772372209552e+09  ,1.350517113059e-10  ,1.107160796324e-07  
  9.794899854081e+09  ,1.347411837578e-10  ,1.105886865719e-07  
  9.817479430194e+09  ,1.344313698337e-10  ,1.104614400930e-07  
  9.840111057605e+09  ,1.341222678962e-10  ,1.103343400271e-07  
  9.862794856306e+09  ,1.338138763115e-10  ,1.102073862057e-07  
  9.885530946563e+09  ,1.335061934499e-10  ,1.100805784605e-07  
  9.908319448921e+09  ,1.331992176851e-10  ,1.099539166235e-07  
  9.931160484203e+09  ,1.328929473947e-10  ,1.098274005268e-07  
  9.954054173509e+09  ,1.325873809599e-10  ,1.097010300027e-07  
  9.977000638219e+09  ,1.322825167656e-10  ,1.095748048836e-07  
  9.999999999994e+09  ,1.319783532006e-10  ,1.094487250024e-07  
