  Frequency            , max(SQRT(S(V(ONOISE)*V(ONOISE)))), I(INOISE)@1          , I(INOISE)@2          , I(INOISE)@3          , I(INOISE)@4          , I(INOISE)@5          , I(INOISE)@6          , I(INOISE)@7          , I(INOISE)@8          , I(INOISE)@9          , I(INOISE)@10         , I(INOISE)@11         , I(INOISE)@12         , I(INOISE)@13         , I(INOISE)@14         , I(INOISE)@15         , I(INOISE)@16         , I(INOISE)@17         , I(INOISE)@18         , I(INOISE)@19         , I(INOISE)@20         , I(INOISE)@21         , I(INOISE)@22         , I(INOISE)@23         , I(INOISE)@24         , I(INOISE)@25         , I(INOISE)@26         , I(INOISE)@27         , I(INOISE)@28         , I(INOISE)@29         , I(INOISE)@30         , I(INOISE)@31         , I(INOISE)@32         , I(INOISE)@33         , I(INOISE)@34         , I(INOISE)@35         , I(INOISE)@36         , I(INOISE)@37         , I(INOISE)@38         , I(INOISE)@39         , I(INOISE)@40         , I(INOISE)@41         , I(INOISE)@42         , I(INOISE)@43         , I(INOISE)@44         , I(INOISE)@45         , I(INOISE)@46         , I(INOISE)@47         , I(INOISE)@48         , I(INOISE)@49         , I(INOISE)@50         , I(INOISE)@51         , I(G1)@1              , I(G1)@2              , I(G1)@3              , I(G1)@4              , I(G1)@5              , I(G1)@6              , I(G1)@7              , I(G1)@8              , I(G1)@9              , I(G1)@10             , I(G1)@11             , I(G1)@12             , I(G1)@13             , I(G1)@14             , I(G1)@15             , I(G1)@16             , I(G1)@17             , I(G1)@18             , I(G1)@19             , I(G1)@20             , I(G1)@21             , I(G1)@22             , I(G1)@23             , I(G1)@24             , I(G1)@25             , I(G1)@26             , I(G1)@27             , I(G1)@28             , I(G1)@29             , I(G1)@30             , I(G1)@31             , I(G1)@32             , I(G1)@33             , I(G1)@34             , I(G1)@35             , I(G1)@36             , I(G1)@37             , I(G1)@38             , I(G1)@39             , I(G1)@40             , I(G1)@41             , I(G1)@42             , I(G1)@43             , I(G1)@44             , I(G1)@45             , I(G1)@46             , I(G1)@47             , I(G1)@48             , I(G1)@49             , I(G1)@50             , I(G1)@51             , I(I1)@1              , I(I1)@2              , I(I1)@3              , I(I1)@4              , I(I1)@5              , I(I1)@6              , I(I1)@7              , I(I1)@8              , I(I1)@9              , I(I1)@10             , I(I1)@11             , I(I1)@12             , I(I1)@13             , I(I1)@14             , I(I1)@15             , I(I1)@16             , I(I1)@17             , I(I1)@18             , I(I1)@19             , I(I1)@20             , I(I1)@21             , I(I1)@22             , I(I1)@23             , I(I1)@24             , I(I1)@25             , I(I1)@26             , I(I1)@27             , I(I1)@28             , I(I1)@29             , I(I1)@30             , I(I1)@31             , I(I1)@32             , I(I1)@33             , I(I1)@34             , I(I1)@35             , I(I1)@36             , I(I1)@37             , I(I1)@38             , I(I1)@39             , I(I1)@40             , I(I1)@41             , I(I1)@42             , I(I1)@43             , I(I1)@44             , I(I1)@45             , I(I1)@46             , I(I1)@47             , I(I1)@48             , I(I1)@49             , I(I1)@50             , I(I1)@51             
  0.000000000000e+00  ,3.716311500600e-03  ,0.000000000000e+00  ,0.000000000000e+00  ,0.000000000000e+00  ,0.000000000000e+00  ,0.000000000000e+00  ,0.000000000000e+00  ,0.000000000000e+00  ,0.000000000000e+00  ,0.000000000000e+00  ,0.000000000000e+00  ,0.000000000000e+00  ,0.000000000000e+00  ,0.000000000000e+00  ,0.000000000000e+00  ,0.000000000000e+00  ,0.000000000000e+00  ,0.000000000000e+00  ,0.000000000000e+00  ,0.000000000000e+00  ,0.000000000000e+00  ,0.000000000000e+00  ,0.000000000000e+00  ,0.000000000000e+00  ,0.000000000000e+00  ,0.000000000000e+00  ,0.000000000000e+00  ,0.000000000000e+00  ,0.000000000000e+00  ,0.000000000000e+00  ,0.000000000000e+00  ,0.000000000000e+00  ,0.000000000000e+00  ,0.000000000000e+00  ,0.000000000000e+00  ,0.000000000000e+00  ,0.000000000000e+00  ,0.000000000000e+00  ,0.000000000000e+00  ,0.000000000000e+00  ,0.000000000000e+00  ,0.000000000000e+00  ,0.000000000000e+00  ,0.000000000000e+00  ,0.000000000000e+00  ,0.000000000000e+00  ,0.000000000000e+00  ,0.000000000000e+00  ,0.000000000000e+00  ,0.000000000000e+00  ,0.000000000000e+00  ,0.000000000000e+00  ,0.000000000000e+00  ,0.000000000000e+00  ,0.000000000000e+00  ,0.000000000000e+00  ,0.000000000000e+00  ,0.000000000000e+00  ,0.000000000000e+00  ,0.000000000000e+00  ,0.000000000000e+00  ,0.000000000000e+00  ,0.000000000000e+00  ,0.000000000000e+00  ,0.000000000000e+00  ,0.000000000000e+00  ,0.000000000000e+00  ,0.000000000000e+00  ,0.000000000000e+00  ,0.000000000000e+00  ,0.000000000000e+00  ,0.000000000000e+00  ,0.000000000000e+00  ,0.000000000000e+00  ,0.000000000000e+00  ,0.000000000000e+00  ,0.000000000000e+00  ,0.000000000000e+00  ,0.000000000000e+00  ,0.000000000000e+00  ,0.000000000000e+00  ,0.000000000000e+00  ,0.000000000000e+00  ,0.000000000000e+00  ,0.000000000000e+00  ,0.000000000000e+00  ,0.000000000000e+00  ,0.000000000000e+00  ,0.000000000000e+00  ,0.000000000000e+00  ,0.000000000000e+00  ,0.000000000000e+00  ,0.000000000000e+00  ,0.000000000000e+00  ,0.000000000000e+00  ,0.000000000000e+00  ,0.000000000000e+00  ,0.000000000000e+00  ,0.000000000000e+00  ,0.000000000000e+00  ,0.000000000000e+00  ,0.000000000000e+00  ,0.000000000000e+00  ,0.000000000000e+00  ,0.000000000000e+00  ,0.000000000000e+00  ,0.000000000000e+00  ,0.000000000000e+00  ,0.000000000000e+00  ,0.000000000000e+00  ,0.000000000000e+00  ,0.000000000000e+00  ,0.000000000000e+00  ,0.000000000000e+00  ,0.000000000000e+00  ,0.000000000000e+00  ,0.000000000000e+00  ,0.000000000000e+00  ,0.000000000000e+00  ,0.000000000000e+00  ,0.000000000000e+00  ,0.000000000000e+00  ,0.000000000000e+00  ,0.000000000000e+00  ,0.000000000000e+00  ,0.000000000000e+00  ,0.000000000000e+00  ,0.000000000000e+00  ,0.000000000000e+00  ,0.000000000000e+00  ,0.000000000000e+00  ,0.000000000000e+00  ,0.000000000000e+00  ,0.000000000000e+00  ,0.000000000000e+00  ,0.000000000000e+00  ,0.000000000000e+00  ,0.000000000000e+00  ,0.000000000000e+00  ,0.000000000000e+00  ,0.000000000000e+00  ,0.000000000000e+00  ,0.000000000000e+00  ,0.000000000000e+00  ,0.000000000000e+00  ,0.000000000000e+00  ,0.000000000000e+00  ,0.000000000000e+00  ,0.000000000000e+00  ,0.000000000000e+00  ,0.000000000000e+00  ,0.000000000000e+00  ,0.000000000000e+00  ,0.000000000000e+00  
  1.000000000000e-06  ,4.940535185484e-03  ,0.000000000000e+00  ,0.000000000000e+00  ,0.000000000000e+00  ,0.000000000000e+00  ,0.000000000000e+00  ,0.000000000000e+00  ,0.000000000000e+00  ,0.000000000000e+00  ,0.000000000000e+00  ,0.000000000000e+00  ,0.000000000000e+00  ,0.000000000000e+00  ,0.000000000000e+00  ,0.000000000000e+00  ,0.000000000000e+00  ,0.000000000000e+00  ,0.000000000000e+00  ,0.000000000000e+00  ,0.000000000000e+00  ,0.000000000000e+00  ,0.000000000000e+00  ,0.000000000000e+00  ,0.000000000000e+00  ,0.000000000000e+00  ,0.000000000000e+00  ,0.000000000000e+00  ,0.000000000000e+00  ,0.000000000000e+00  ,0.000000000000e+00  ,0.000000000000e+00  ,0.000000000000e+00  ,0.000000000000e+00  ,0.000000000000e+00  ,0.000000000000e+00  ,0.000000000000e+00  ,0.000000000000e+00  ,0.000000000000e+00  ,0.000000000000e+00  ,0.000000000000e+00  ,0.000000000000e+00  ,0.000000000000e+00  ,0.000000000000e+00  ,0.000000000000e+00  ,0.000000000000e+00  ,0.000000000000e+00  ,0.000000000000e+00  ,0.000000000000e+00  ,0.000000000000e+00  ,0.000000000000e+00  ,0.000000000000e+00  ,0.000000000000e+00  ,0.000000000000e+00  ,0.000000000000e+00  ,0.000000000000e+00  ,0.000000000000e+00  ,0.000000000000e+00  ,0.000000000000e+00  ,0.000000000000e+00  ,0.000000000000e+00  ,0.000000000000e+00  ,0.000000000000e+00  ,0.000000000000e+00  ,0.000000000000e+00  ,0.000000000000e+00  ,0.000000000000e+00  ,0.000000000000e+00  ,0.000000000000e+00  ,0.000000000000e+00  ,0.000000000000e+00  ,0.000000000000e+00  ,0.000000000000e+00  ,0.000000000000e+00  ,0.000000000000e+00  ,0.000000000000e+00  ,0.000000000000e+00  ,0.000000000000e+00  ,0.000000000000e+00  ,0.000000000000e+00  ,0.000000000000e+00  ,0.000000000000e+00  ,0.000000000000e+00  ,0.000000000000e+00  ,0.000000000000e+00  ,0.000000000000e+00  ,0.000000000000e+00  ,0.000000000000e+00  ,0.000000000000e+00  ,0.000000000000e+00  ,0.000000000000e+00  ,0.000000000000e+00  ,0.000000000000e+00  ,0.000000000000e+00  ,0.000000000000e+00  ,0.000000000000e+00  ,0.000000000000e+00  ,0.000000000000e+00  ,0.000000000000e+00  ,0.000000000000e+00  ,0.000000000000e+00  ,0.000000000000e+00  ,0.000000000000e+00  ,0.000000000000e+00  ,0.000000000000e+00  ,0.000000000000e+00  ,0.000000000000e+00  ,0.000000000000e+00  ,0.000000000000e+00  ,0.000000000000e+00  ,0.000000000000e+00  ,0.000000000000e+00  ,0.000000000000e+00  ,0.000000000000e+00  ,0.000000000000e+00  ,0.000000000000e+00  ,0.000000000000e+00  ,0.000000000000e+00  ,0.000000000000e+00  ,0.000000000000e+00  ,0.000000000000e+00  ,0.000000000000e+00  ,0.000000000000e+00  ,0.000000000000e+00  ,0.000000000000e+00  ,0.000000000000e+00  ,0.000000000000e+00  ,0.000000000000e+00  ,0.000000000000e+00  ,0.000000000000e+00  ,0.000000000000e+00  ,0.000000000000e+00  ,0.000000000000e+00  ,0.000000000000e+00  ,0.000000000000e+00  ,0.000000000000e+00  ,0.000000000000e+00  ,0.000000000000e+00  ,0.000000000000e+00  ,0.000000000000e+00  ,0.000000000000e+00  ,0.000000000000e+00  ,0.000000000000e+00  ,0.000000000000e+00  ,0.000000000000e+00  ,0.000000000000e+00  ,0.000000000000e+00  ,0.000000000000e+00  ,0.000000000000e+00  ,0.000000000000e+00  ,0.000000000000e+00  ,0.000000000000e+00  ,0.000000000000e+00  ,0.000000000000e+00  ,0.000000000000e+00  
  2.000000000000e-06  ,5.916655750207e-03  ,0.000000000000e+00  ,0.000000000000e+00  ,0.000000000000e+00  ,0.000000000000e+00  ,0.000000000000e+00  ,0.000000000000e+00  ,0.000000000000e+00  ,0.000000000000e+00  ,0.000000000000e+00  ,0.000000000000e+00  ,0.000000000000e+00  ,0.000000000000e+00  ,0.000000000000e+00  ,0.000000000000e+00  ,0.000000000000e+00  ,0.000000000000e+00  ,0.000000000000e+00  ,0.000000000000e+00  ,0.000000000000e+00  ,0.000000000000e+00  ,0.000000000000e+00  ,0.000000000000e+00  ,0.000000000000e+00  ,0.000000000000e+00  ,0.000000000000e+00  ,0.000000000000e+00  ,0.000000000000e+00  ,0.000000000000e+00  ,0.000000000000e+00  ,0.000000000000e+00  ,0.000000000000e+00  ,0.000000000000e+00  ,0.000000000000e+00  ,0.000000000000e+00  ,0.000000000000e+00  ,0.000000000000e+00  ,0.000000000000e+00  ,0.000000000000e+00  ,0.000000000000e+00  ,0.000000000000e+00  ,0.000000000000e+00  ,0.000000000000e+00  ,0.000000000000e+00  ,0.000000000000e+00  ,0.000000000000e+00  ,0.000000000000e+00  ,0.000000000000e+00  ,0.000000000000e+00  ,0.000000000000e+00  ,0.000000000000e+00  ,0.000000000000e+00  ,0.000000000000e+00  ,0.000000000000e+00  ,0.000000000000e+00  ,0.000000000000e+00  ,0.000000000000e+00  ,0.000000000000e+00  ,0.000000000000e+00  ,0.000000000000e+00  ,0.000000000000e+00  ,0.000000000000e+00  ,0.000000000000e+00  ,0.000000000000e+00  ,0.000000000000e+00  ,0.000000000000e+00  ,0.000000000000e+00  ,0.000000000000e+00  ,0.000000000000e+00  ,0.000000000000e+00  ,0.000000000000e+00  ,0.000000000000e+00  ,0.000000000000e+00  ,0.000000000000e+00  ,0.000000000000e+00  ,0.000000000000e+00  ,0.000000000000e+00  ,0.000000000000e+00  ,0.000000000000e+00  ,0.000000000000e+00  ,0.000000000000e+00  ,0.000000000000e+00  ,0.000000000000e+00  ,0.000000000000e+00  ,0.000000000000e+00  ,0.000000000000e+00  ,0.000000000000e+00  ,0.000000000000e+00  ,0.000000000000e+00  ,0.000000000000e+00  ,0.000000000000e+00  ,0.000000000000e+00  ,0.000000000000e+00  ,0.000000000000e+00  ,0.000000000000e+00  ,0.000000000000e+00  ,0.000000000000e+00  ,0.000000000000e+00  ,0.000000000000e+00  ,0.000000000000e+00  ,0.000000000000e+00  ,0.000000000000e+00  ,0.000000000000e+00  ,0.000000000000e+00  ,0.000000000000e+00  ,0.000000000000e+00  ,0.000000000000e+00  ,0.000000000000e+00  ,0.000000000000e+00  ,0.000000000000e+00  ,0.000000000000e+00  ,0.000000000000e+00  ,0.000000000000e+00  ,0.000000000000e+00  ,0.000000000000e+00  ,0.000000000000e+00  ,0.000000000000e+00  ,0.000000000000e+00  ,0.000000000000e+00  ,0.000000000000e+00  ,0.000000000000e+00  ,0.000000000000e+00  ,0.000000000000e+00  ,0.000000000000e+00  ,0.000000000000e+00  ,0.000000000000e+00  ,0.000000000000e+00  ,0.000000000000e+00  ,0.000000000000e+00  ,0.000000000000e+00  ,0.000000000000e+00  ,0.000000000000e+00  ,0.000000000000e+00  ,0.000000000000e+00  ,0.000000000000e+00  ,0.000000000000e+00  ,0.000000000000e+00  ,0.000000000000e+00  ,0.000000000000e+00  ,0.000000000000e+00  ,0.000000000000e+00  ,0.000000000000e+00  ,0.000000000000e+00  ,0.000000000000e+00  ,0.000000000000e+00  ,0.000000000000e+00  ,0.000000000000e+00  ,0.000000000000e+00  ,0.000000000000e+00  ,0.000000000000e+00  ,0.000000000000e+00  ,0.000000000000e+00  ,0.000000000000e+00  ,0.000000000000e+00  
  3.000000000000e-06  ,6.753128357599e-03  ,0.000000000000e+00  ,0.000000000000e+00  ,0.000000000000e+00  ,0.000000000000e+00  ,0.000000000000e+00  ,0.000000000000e+00  ,0.000000000000e+00  ,0.000000000000e+00  ,0.000000000000e+00  ,0.000000000000e+00  ,0.000000000000e+00  ,0.000000000000e+00  ,0.000000000000e+00  ,0.000000000000e+00  ,0.000000000000e+00  ,0.000000000000e+00  ,0.000000000000e+00  ,0.000000000000e+00  ,0.000000000000e+00  ,0.000000000000e+00  ,0.000000000000e+00  ,0.000000000000e+00  ,0.000000000000e+00  ,0.000000000000e+00  ,0.000000000000e+00  ,0.000000000000e+00  ,0.000000000000e+00  ,0.000000000000e+00  ,0.000000000000e+00  ,0.000000000000e+00  ,0.000000000000e+00  ,0.000000000000e+00  ,0.000000000000e+00  ,0.000000000000e+00  ,0.000000000000e+00  ,0.000000000000e+00  ,0.000000000000e+00  ,0.000000000000e+00  ,0.000000000000e+00  ,0.000000000000e+00  ,0.000000000000e+00  ,0.000000000000e+00  ,0.000000000000e+00  ,0.000000000000e+00  ,0.000000000000e+00  ,0.000000000000e+00  ,0.000000000000e+00  ,0.000000000000e+00  ,0.000000000000e+00  ,0.000000000000e+00  ,0.000000000000e+00  ,0.000000000000e+00  ,0.000000000000e+00  ,0.000000000000e+00  ,0.000000000000e+00  ,0.000000000000e+00  ,0.000000000000e+00  ,0.000000000000e+00  ,0.000000000000e+00  ,0.000000000000e+00  ,0.000000000000e+00  ,0.000000000000e+00  ,0.000000000000e+00  ,0.000000000000e+00  ,0.000000000000e+00  ,0.000000000000e+00  ,0.000000000000e+00  ,0.000000000000e+00  ,0.000000000000e+00  ,0.000000000000e+00  ,0.000000000000e+00  ,0.000000000000e+00  ,0.000000000000e+00  ,0.000000000000e+00  ,0.000000000000e+00  ,0.000000000000e+00  ,0.000000000000e+00  ,0.000000000000e+00  ,0.000000000000e+00  ,0.000000000000e+00  ,0.000000000000e+00  ,0.000000000000e+00  ,0.000000000000e+00  ,0.000000000000e+00  ,0.000000000000e+00  ,0.000000000000e+00  ,0.000000000000e+00  ,0.000000000000e+00  ,0.000000000000e+00  ,0.000000000000e+00  ,0.000000000000e+00  ,0.000000000000e+00  ,0.000000000000e+00  ,0.000000000000e+00  ,0.000000000000e+00  ,0.000000000000e+00  ,0.000000000000e+00  ,0.000000000000e+00  ,0.000000000000e+00  ,0.000000000000e+00  ,0.000000000000e+00  ,0.000000000000e+00  ,0.000000000000e+00  ,0.000000000000e+00  ,0.000000000000e+00  ,0.000000000000e+00  ,0.000000000000e+00  ,0.000000000000e+00  ,0.000000000000e+00  ,0.000000000000e+00  ,0.000000000000e+00  ,0.000000000000e+00  ,0.000000000000e+00  ,0.000000000000e+00  ,0.000000000000e+00  ,0.000000000000e+00  ,0.000000000000e+00  ,0.000000000000e+00  ,0.000000000000e+00  ,0.000000000000e+00  ,0.000000000000e+00  ,0.000000000000e+00  ,0.000000000000e+00  ,0.000000000000e+00  ,0.000000000000e+00  ,0.000000000000e+00  ,0.000000000000e+00  ,0.000000000000e+00  ,0.000000000000e+00  ,0.000000000000e+00  ,0.000000000000e+00  ,0.000000000000e+00  ,0.000000000000e+00  ,0.000000000000e+00  ,0.000000000000e+00  ,0.000000000000e+00  ,0.000000000000e+00  ,0.000000000000e+00  ,0.000000000000e+00  ,0.000000000000e+00  ,0.000000000000e+00  ,0.000000000000e+00  ,0.000000000000e+00  ,0.000000000000e+00  ,0.000000000000e+00  ,0.000000000000e+00  ,0.000000000000e+00  ,0.000000000000e+00  ,0.000000000000e+00  ,0.000000000000e+00  ,0.000000000000e+00  ,0.000000000000e+00  ,0.000000000000e+00  
  4.000000000000e-06  ,7.496844000069e-03  ,0.000000000000e+00  ,0.000000000000e+00  ,0.000000000000e+00  ,0.000000000000e+00  ,0.000000000000e+00  ,0.000000000000e+00  ,0.000000000000e+00  ,0.000000000000e+00  ,0.000000000000e+00  ,0.000000000000e+00  ,0.000000000000e+00  ,0.000000000000e+00  ,0.000000000000e+00  ,0.000000000000e+00  ,0.000000000000e+00  ,0.000000000000e+00  ,0.000000000000e+00  ,0.000000000000e+00  ,0.000000000000e+00  ,0.000000000000e+00  ,0.000000000000e+00  ,0.000000000000e+00  ,0.000000000000e+00  ,0.000000000000e+00  ,0.000000000000e+00  ,0.000000000000e+00  ,0.000000000000e+00  ,0.000000000000e+00  ,0.000000000000e+00  ,0.000000000000e+00  ,0.000000000000e+00  ,0.000000000000e+00  ,0.000000000000e+00  ,0.000000000000e+00  ,0.000000000000e+00  ,0.000000000000e+00  ,0.000000000000e+00  ,0.000000000000e+00  ,0.000000000000e+00  ,0.000000000000e+00  ,0.000000000000e+00  ,0.000000000000e+00  ,0.000000000000e+00  ,0.000000000000e+00  ,0.000000000000e+00  ,0.000000000000e+00  ,0.000000000000e+00  ,0.000000000000e+00  ,0.000000000000e+00  ,0.000000000000e+00  ,0.000000000000e+00  ,0.000000000000e+00  ,0.000000000000e+00  ,0.000000000000e+00  ,0.000000000000e+00  ,0.000000000000e+00  ,0.000000000000e+00  ,0.000000000000e+00  ,0.000000000000e+00  ,0.000000000000e+00  ,0.000000000000e+00  ,0.000000000000e+00  ,0.000000000000e+00  ,0.000000000000e+00  ,0.000000000000e+00  ,0.000000000000e+00  ,0.000000000000e+00  ,0.000000000000e+00  ,0.000000000000e+00  ,0.000000000000e+00  ,0.000000000000e+00  ,0.000000000000e+00  ,0.000000000000e+00  ,0.000000000000e+00  ,0.000000000000e+00  ,0.000000000000e+00  ,0.000000000000e+00  ,0.000000000000e+00  ,0.000000000000e+00  ,0.000000000000e+00  ,0.000000000000e+00  ,0.000000000000e+00  ,0.000000000000e+00  ,0.000000000000e+00  ,0.000000000000e+00  ,0.000000000000e+00  ,0.000000000000e+00  ,0.000000000000e+00  ,0.000000000000e+00  ,0.000000000000e+00  ,0.000000000000e+00  ,0.000000000000e+00  ,0.000000000000e+00  ,0.000000000000e+00  ,0.000000000000e+00  ,0.000000000000e+00  ,0.000000000000e+00  ,0.000000000000e+00  ,0.000000000000e+00  ,0.000000000000e+00  ,0.000000000000e+00  ,0.000000000000e+00  ,0.000000000000e+00  ,0.000000000000e+00  ,0.000000000000e+00  ,0.000000000000e+00  ,0.000000000000e+00  ,0.000000000000e+00  ,0.000000000000e+00  ,0.000000000000e+00  ,0.000000000000e+00  ,0.000000000000e+00  ,0.000000000000e+00  ,0.000000000000e+00  ,0.000000000000e+00  ,0.000000000000e+00  ,0.000000000000e+00  ,0.000000000000e+00  ,0.000000000000e+00  ,0.000000000000e+00  ,0.000000000000e+00  ,0.000000000000e+00  ,0.000000000000e+00  ,0.000000000000e+00  ,0.000000000000e+00  ,0.000000000000e+00  ,0.000000000000e+00  ,0.000000000000e+00  ,0.000000000000e+00  ,0.000000000000e+00  ,0.000000000000e+00  ,0.000000000000e+00  ,0.000000000000e+00  ,0.000000000000e+00  ,0.000000000000e+00  ,0.000000000000e+00  ,0.000000000000e+00  ,0.000000000000e+00  ,0.000000000000e+00  ,0.000000000000e+00  ,0.000000000000e+00  ,0.000000000000e+00  ,0.000000000000e+00  ,0.000000000000e+00  ,0.000000000000e+00  ,0.000000000000e+00  ,0.000000000000e+00  ,0.000000000000e+00  ,0.000000000000e+00  ,0.000000000000e+00  ,0.000000000000e+00  ,0.000000000000e+00  ,0.000000000000e+00  
  5.000000000000e-06  ,8.173163237622e-03  ,0.000000000000e+00  ,0.000000000000e+00  ,0.000000000000e+00  ,0.000000000000e+00  ,0.000000000000e+00  ,0.000000000000e+00  ,0.000000000000e+00  ,0.000000000000e+00  ,0.000000000000e+00  ,0.000000000000e+00  ,0.000000000000e+00  ,0.000000000000e+00  ,0.000000000000e+00  ,0.000000000000e+00  ,0.000000000000e+00  ,0.000000000000e+00  ,0.000000000000e+00  ,0.000000000000e+00  ,0.000000000000e+00  ,0.000000000000e+00  ,0.000000000000e+00  ,0.000000000000e+00  ,0.000000000000e+00  ,0.000000000000e+00  ,0.000000000000e+00  ,0.000000000000e+00  ,0.000000000000e+00  ,0.000000000000e+00  ,0.000000000000e+00  ,0.000000000000e+00  ,0.000000000000e+00  ,0.000000000000e+00  ,0.000000000000e+00  ,0.000000000000e+00  ,0.000000000000e+00  ,0.000000000000e+00  ,0.000000000000e+00  ,0.000000000000e+00  ,0.000000000000e+00  ,0.000000000000e+00  ,0.000000000000e+00  ,0.000000000000e+00  ,0.000000000000e+00  ,0.000000000000e+00  ,0.000000000000e+00  ,0.000000000000e+00  ,0.000000000000e+00  ,0.000000000000e+00  ,0.000000000000e+00  ,0.000000000000e+00  ,0.000000000000e+00  ,0.000000000000e+00  ,0.000000000000e+00  ,0.000000000000e+00  ,0.000000000000e+00  ,0.000000000000e+00  ,0.000000000000e+00  ,0.000000000000e+00  ,0.000000000000e+00  ,0.000000000000e+00  ,0.000000000000e+00  ,0.000000000000e+00  ,0.000000000000e+00  ,0.000000000000e+00  ,0.000000000000e+00  ,0.000000000000e+00  ,0.000000000000e+00  ,0.000000000000e+00  ,0.000000000000e+00  ,0.000000000000e+00  ,0.000000000000e+00  ,0.000000000000e+00  ,0.000000000000e+00  ,0.000000000000e+00  ,0.000000000000e+00  ,0.000000000000e+00  ,0.000000000000e+00  ,0.000000000000e+00  ,0.000000000000e+00  ,0.000000000000e+00  ,0.000000000000e+00  ,0.000000000000e+00  ,0.000000000000e+00  ,0.000000000000e+00  ,0.000000000000e+00  ,0.000000000000e+00  ,0.000000000000e+00  ,0.000000000000e+00  ,0.000000000000e+00  ,0.000000000000e+00  ,0.000000000000e+00  ,0.000000000000e+00  ,0.000000000000e+00  ,0.000000000000e+00  ,0.000000000000e+00  ,0.000000000000e+00  ,0.000000000000e+00  ,0.000000000000e+00  ,0.000000000000e+00  ,0.000000000000e+00  ,0.000000000000e+00  ,0.000000000000e+00  ,0.000000000000e+00  ,0.000000000000e+00  ,0.000000000000e+00  ,0.000000000000e+00  ,0.000000000000e+00  ,0.000000000000e+00  ,0.000000000000e+00  ,0.000000000000e+00  ,0.000000000000e+00  ,0.000000000000e+00  ,0.000000000000e+00  ,0.000000000000e+00  ,0.000000000000e+00  ,0.000000000000e+00  ,0.000000000000e+00  ,0.000000000000e+00  ,0.000000000000e+00  ,0.000000000000e+00  ,0.000000000000e+00  ,0.000000000000e+00  ,0.000000000000e+00  ,0.000000000000e+00  ,0.000000000000e+00  ,0.000000000000e+00  ,0.000000000000e+00  ,0.000000000000e+00  ,0.000000000000e+00  ,0.000000000000e+00  ,0.000000000000e+00  ,0.000000000000e+00  ,0.000000000000e+00  ,0.000000000000e+00  ,0.000000000000e+00  ,0.000000000000e+00  ,0.000000000000e+00  ,0.000000000000e+00  ,0.000000000000e+00  ,0.000000000000e+00  ,0.000000000000e+00  ,0.000000000000e+00  ,0.000000000000e+00  ,0.000000000000e+00  ,0.000000000000e+00  ,0.000000000000e+00  ,0.000000000000e+00  ,0.000000000000e+00  ,0.000000000000e+00  ,0.000000000000e+00  ,0.000000000000e+00  ,0.000000000000e+00  ,0.000000000000e+00  
  6.000000000000e-06  ,8.797643130766e-03  ,0.000000000000e+00  ,0.000000000000e+00  ,0.000000000000e+00  ,0.000000000000e+00  ,0.000000000000e+00  ,0.000000000000e+00  ,0.000000000000e+00  ,0.000000000000e+00  ,0.000000000000e+00  ,0.000000000000e+00  ,0.000000000000e+00  ,0.000000000000e+00  ,0.000000000000e+00  ,0.000000000000e+00  ,0.000000000000e+00  ,0.000000000000e+00  ,0.000000000000e+00  ,0.000000000000e+00  ,0.000000000000e+00  ,0.000000000000e+00  ,0.000000000000e+00  ,0.000000000000e+00  ,0.000000000000e+00  ,0.000000000000e+00  ,0.000000000000e+00  ,0.000000000000e+00  ,0.000000000000e+00  ,0.000000000000e+00  ,0.000000000000e+00  ,0.000000000000e+00  ,0.000000000000e+00  ,0.000000000000e+00  ,0.000000000000e+00  ,0.000000000000e+00  ,0.000000000000e+00  ,0.000000000000e+00  ,0.000000000000e+00  ,0.000000000000e+00  ,0.000000000000e+00  ,0.000000000000e+00  ,0.000000000000e+00  ,0.000000000000e+00  ,0.000000000000e+00  ,0.000000000000e+00  ,0.000000000000e+00  ,0.000000000000e+00  ,0.000000000000e+00  ,0.000000000000e+00  ,0.000000000000e+00  ,0.000000000000e+00  ,0.000000000000e+00  ,0.000000000000e+00  ,0.000000000000e+00  ,0.000000000000e+00  ,0.000000000000e+00  ,0.000000000000e+00  ,0.000000000000e+00  ,0.000000000000e+00  ,0.000000000000e+00  ,0.000000000000e+00  ,0.000000000000e+00  ,0.000000000000e+00  ,0.000000000000e+00  ,0.000000000000e+00  ,0.000000000000e+00  ,0.000000000000e+00  ,0.000000000000e+00  ,0.000000000000e+00  ,0.000000000000e+00  ,0.000000000000e+00  ,0.000000000000e+00  ,0.000000000000e+00  ,0.000000000000e+00  ,0.000000000000e+00  ,0.000000000000e+00  ,0.000000000000e+00  ,0.000000000000e+00  ,0.000000000000e+00  ,0.000000000000e+00  ,0.000000000000e+00  ,0.000000000000e+00  ,0.000000000000e+00  ,0.000000000000e+00  ,0.000000000000e+00  ,0.000000000000e+00  ,0.000000000000e+00  ,0.000000000000e+00  ,0.000000000000e+00  ,0.000000000000e+00  ,0.000000000000e+00  ,0.000000000000e+00  ,0.000000000000e+00  ,0.000000000000e+00  ,0.000000000000e+00  ,0.000000000000e+00  ,0.000000000000e+00  ,0.000000000000e+00  ,0.000000000000e+00  ,0.000000000000e+00  ,0.000000000000e+00  ,0.000000000000e+00  ,0.000000000000e+00  ,0.000000000000e+00  ,0.000000000000e+00  ,0.000000000000e+00  ,0.000000000000e+00  ,0.000000000000e+00  ,0.000000000000e+00  ,0.000000000000e+00  ,0.000000000000e+00  ,0.000000000000e+00  ,0.000000000000e+00  ,0.000000000000e+00  ,0.000000000000e+00  ,0.000000000000e+00  ,0.000000000000e+00  ,0.000000000000e+00  ,0.000000000000e+00  ,0.000000000000e+00  ,0.000000000000e+00  ,0.000000000000e+00  ,0.000000000000e+00  ,0.000000000000e+00  ,0.000000000000e+00  ,0.000000000000e+00  ,0.000000000000e+00  ,0.000000000000e+00  ,0.000000000000e+00  ,0.000000000000e+00  ,0.000000000000e+00  ,0.000000000000e+00  ,0.000000000000e+00  ,0.000000000000e+00  ,0.000000000000e+00  ,0.000000000000e+00  ,0.000000000000e+00  ,0.000000000000e+00  ,0.000000000000e+00  ,0.000000000000e+00  ,0.000000000000e+00  ,0.000000000000e+00  ,0.000000000000e+00  ,0.000000000000e+00  ,0.000000000000e+00  ,0.000000000000e+00  ,0.000000000000e+00  ,0.000000000000e+00  ,0.000000000000e+00  ,0.000000000000e+00  ,0.000000000000e+00  ,0.000000000000e+00  ,0.000000000000e+00  ,0.000000000000e+00  
  7.000000000000e-06  ,9.380642408904e-03  ,0.000000000000e+00  ,0.000000000000e+00  ,0.000000000000e+00  ,0.000000000000e+00  ,0.000000000000e+00  ,0.000000000000e+00  ,0.000000000000e+00  ,0.000000000000e+00  ,0.000000000000e+00  ,0.000000000000e+00  ,0.000000000000e+00  ,0.000000000000e+00  ,0.000000000000e+00  ,0.000000000000e+00  ,0.000000000000e+00  ,0.000000000000e+00  ,0.000000000000e+00  ,0.000000000000e+00  ,0.000000000000e+00  ,0.000000000000e+00  ,0.000000000000e+00  ,0.000000000000e+00  ,0.000000000000e+00  ,0.000000000000e+00  ,0.000000000000e+00  ,0.000000000000e+00  ,0.000000000000e+00  ,0.000000000000e+00  ,0.000000000000e+00  ,0.000000000000e+00  ,0.000000000000e+00  ,0.000000000000e+00  ,0.000000000000e+00  ,0.000000000000e+00  ,0.000000000000e+00  ,0.000000000000e+00  ,0.000000000000e+00  ,0.000000000000e+00  ,0.000000000000e+00  ,0.000000000000e+00  ,0.000000000000e+00  ,0.000000000000e+00  ,0.000000000000e+00  ,0.000000000000e+00  ,0.000000000000e+00  ,0.000000000000e+00  ,0.000000000000e+00  ,0.000000000000e+00  ,0.000000000000e+00  ,0.000000000000e+00  ,0.000000000000e+00  ,0.000000000000e+00  ,0.000000000000e+00  ,0.000000000000e+00  ,0.000000000000e+00  ,0.000000000000e+00  ,0.000000000000e+00  ,0.000000000000e+00  ,0.000000000000e+00  ,0.000000000000e+00  ,0.000000000000e+00  ,0.000000000000e+00  ,0.000000000000e+00  ,0.000000000000e+00  ,0.000000000000e+00  ,0.000000000000e+00  ,0.000000000000e+00  ,0.000000000000e+00  ,0.000000000000e+00  ,0.000000000000e+00  ,0.000000000000e+00  ,0.000000000000e+00  ,0.000000000000e+00  ,0.000000000000e+00  ,0.000000000000e+00  ,0.000000000000e+00  ,0.000000000000e+00  ,0.000000000000e+00  ,0.000000000000e+00  ,0.000000000000e+00  ,0.000000000000e+00  ,0.000000000000e+00  ,0.000000000000e+00  ,0.000000000000e+00  ,0.000000000000e+00  ,0.000000000000e+00  ,0.000000000000e+00  ,0.000000000000e+00  ,0.000000000000e+00  ,0.000000000000e+00  ,0.000000000000e+00  ,0.000000000000e+00  ,0.000000000000e+00  ,0.000000000000e+00  ,0.000000000000e+00  ,0.000000000000e+00  ,0.000000000000e+00  ,0.000000000000e+00  ,0.000000000000e+00  ,0.000000000000e+00  ,0.000000000000e+00  ,0.000000000000e+00  ,0.000000000000e+00  ,0.000000000000e+00  ,0.000000000000e+00  ,0.000000000000e+00  ,0.000000000000e+00  ,0.000000000000e+00  ,0.000000000000e+00  ,0.000000000000e+00  ,0.000000000000e+00  ,0.000000000000e+00  ,0.000000000000e+00  ,0.000000000000e+00  ,0.000000000000e+00  ,0.000000000000e+00  ,0.000000000000e+00  ,0.000000000000e+00  ,0.000000000000e+00  ,0.000000000000e+00  ,0.000000000000e+00  ,0.000000000000e+00  ,0.000000000000e+00  ,0.000000000000e+00  ,0.000000000000e+00  ,0.000000000000e+00  ,0.000000000000e+00  ,0.000000000000e+00  ,0.000000000000e+00  ,0.000000000000e+00  ,0.000000000000e+00  ,0.000000000000e+00  ,0.000000000000e+00  ,0.000000000000e+00  ,0.000000000000e+00  ,0.000000000000e+00  ,0.000000000000e+00  ,0.000000000000e+00  ,0.000000000000e+00  ,0.000000000000e+00  ,0.000000000000e+00  ,0.000000000000e+00  ,0.000000000000e+00  ,0.000000000000e+00  ,0.000000000000e+00  ,0.000000000000e+00  ,0.000000000000e+00  ,0.000000000000e+00  ,0.000000000000e+00  ,0.000000000000e+00  ,0.000000000000e+00  ,0.000000000000e+00  ,0.000000000000e+00  
  8.000000000000e-06  ,9.929470245246e-03  ,0.000000000000e+00  ,0.000000000000e+00  ,0.000000000000e+00  ,0.000000000000e+00  ,0.000000000000e+00  ,0.000000000000e+00  ,0.000000000000e+00  ,0.000000000000e+00  ,0.000000000000e+00  ,0.000000000000e+00  ,0.000000000000e+00  ,0.000000000000e+00  ,0.000000000000e+00  ,0.000000000000e+00  ,0.000000000000e+00  ,0.000000000000e+00  ,0.000000000000e+00  ,0.000000000000e+00  ,0.000000000000e+00  ,0.000000000000e+00  ,0.000000000000e+00  ,0.000000000000e+00  ,0.000000000000e+00  ,0.000000000000e+00  ,0.000000000000e+00  ,0.000000000000e+00  ,0.000000000000e+00  ,0.000000000000e+00  ,0.000000000000e+00  ,0.000000000000e+00  ,0.000000000000e+00  ,0.000000000000e+00  ,0.000000000000e+00  ,0.000000000000e+00  ,0.000000000000e+00  ,0.000000000000e+00  ,0.000000000000e+00  ,0.000000000000e+00  ,0.000000000000e+00  ,0.000000000000e+00  ,0.000000000000e+00  ,0.000000000000e+00  ,0.000000000000e+00  ,0.000000000000e+00  ,0.000000000000e+00  ,0.000000000000e+00  ,0.000000000000e+00  ,0.000000000000e+00  ,0.000000000000e+00  ,0.000000000000e+00  ,0.000000000000e+00  ,0.000000000000e+00  ,0.000000000000e+00  ,0.000000000000e+00  ,0.000000000000e+00  ,0.000000000000e+00  ,0.000000000000e+00  ,0.000000000000e+00  ,0.000000000000e+00  ,0.000000000000e+00  ,0.000000000000e+00  ,0.000000000000e+00  ,0.000000000000e+00  ,0.000000000000e+00  ,0.000000000000e+00  ,0.000000000000e+00  ,0.000000000000e+00  ,0.000000000000e+00  ,0.000000000000e+00  ,0.000000000000e+00  ,0.000000000000e+00  ,0.000000000000e+00  ,0.000000000000e+00  ,0.000000000000e+00  ,0.000000000000e+00  ,0.000000000000e+00  ,0.000000000000e+00  ,0.000000000000e+00  ,0.000000000000e+00  ,0.000000000000e+00  ,0.000000000000e+00  ,0.000000000000e+00  ,0.000000000000e+00  ,0.000000000000e+00  ,0.000000000000e+00  ,0.000000000000e+00  ,0.000000000000e+00  ,0.000000000000e+00  ,0.000000000000e+00  ,0.000000000000e+00  ,0.000000000000e+00  ,0.000000000000e+00  ,0.000000000000e+00  ,0.000000000000e+00  ,0.000000000000e+00  ,0.000000000000e+00  ,0.000000000000e+00  ,0.000000000000e+00  ,0.000000000000e+00  ,0.000000000000e+00  ,0.000000000000e+00  ,0.000000000000e+00  ,0.000000000000e+00  ,0.000000000000e+00  ,0.000000000000e+00  ,0.000000000000e+00  ,0.000000000000e+00  ,0.000000000000e+00  ,0.000000000000e+00  ,0.000000000000e+00  ,0.000000000000e+00  ,0.000000000000e+00  ,0.000000000000e+00  ,0.000000000000e+00  ,0.000000000000e+00  ,0.000000000000e+00  ,0.000000000000e+00  ,0.000000000000e+00  ,0.000000000000e+00  ,0.000000000000e+00  ,0.000000000000e+00  ,0.000000000000e+00  ,0.000000000000e+00  ,0.000000000000e+00  ,0.000000000000e+00  ,0.000000000000e+00  ,0.000000000000e+00  ,0.000000000000e+00  ,0.000000000000e+00  ,0.000000000000e+00  ,0.000000000000e+00  ,0.000000000000e+00  ,0.000000000000e+00  ,0.000000000000e+00  ,0.000000000000e+00  ,0.000000000000e+00  ,0.000000000000e+00  ,0.000000000000e+00  ,0.000000000000e+00  ,0.000000000000e+00  ,0.000000000000e+00  ,0.000000000000e+00  ,0.000000000000e+00  ,0.000000000000e+00  ,0.000000000000e+00  ,0.000000000000e+00  ,0.000000000000e+00  ,0.000000000000e+00  ,0.000000000000e+00  ,0.000000000000e+00  ,0.000000000000e+00  ,0.000000000000e+00  ,0.000000000000e+00  
  9.000000000000e-06  ,1.044951227085e-02  ,0.000000000000e+00  ,0.000000000000e+00  ,0.000000000000e+00  ,0.000000000000e+00  ,0.000000000000e+00  ,0.000000000000e+00  ,0.000000000000e+00  ,0.000000000000e+00  ,0.000000000000e+00  ,0.000000000000e+00  ,0.000000000000e+00  ,0.000000000000e+00  ,0.000000000000e+00  ,0.000000000000e+00  ,0.000000000000e+00  ,0.000000000000e+00  ,0.000000000000e+00  ,0.000000000000e+00  ,0.000000000000e+00  ,0.000000000000e+00  ,0.000000000000e+00  ,0.000000000000e+00  ,0.000000000000e+00  ,0.000000000000e+00  ,0.000000000000e+00  ,0.000000000000e+00  ,0.000000000000e+00  ,0.000000000000e+00  ,0.000000000000e+00  ,0.000000000000e+00  ,0.000000000000e+00  ,0.000000000000e+00  ,0.000000000000e+00  ,0.000000000000e+00  ,0.000000000000e+00  ,0.000000000000e+00  ,0.000000000000e+00  ,0.000000000000e+00  ,0.000000000000e+00  ,0.000000000000e+00  ,0.000000000000e+00  ,0.000000000000e+00  ,0.000000000000e+00  ,0.000000000000e+00  ,0.000000000000e+00  ,0.000000000000e+00  ,0.000000000000e+00  ,0.000000000000e+00  ,0.000000000000e+00  ,0.000000000000e+00  ,0.000000000000e+00  ,0.000000000000e+00  ,0.000000000000e+00  ,0.000000000000e+00  ,0.000000000000e+00  ,0.000000000000e+00  ,0.000000000000e+00  ,0.000000000000e+00  ,0.000000000000e+00  ,0.000000000000e+00  ,0.000000000000e+00  ,0.000000000000e+00  ,0.000000000000e+00  ,0.000000000000e+00  ,0.000000000000e+00  ,0.000000000000e+00  ,0.000000000000e+00  ,0.000000000000e+00  ,0.000000000000e+00  ,0.000000000000e+00  ,0.000000000000e+00  ,0.000000000000e+00  ,0.000000000000e+00  ,0.000000000000e+00  ,0.000000000000e+00  ,0.000000000000e+00  ,0.000000000000e+00  ,0.000000000000e+00  ,0.000000000000e+00  ,0.000000000000e+00  ,0.000000000000e+00  ,0.000000000000e+00  ,0.000000000000e+00  ,0.000000000000e+00  ,0.000000000000e+00  ,0.000000000000e+00  ,0.000000000000e+00  ,0.000000000000e+00  ,0.000000000000e+00  ,0.000000000000e+00  ,0.000000000000e+00  ,0.000000000000e+00  ,0.000000000000e+00  ,0.000000000000e+00  ,0.000000000000e+00  ,0.000000000000e+00  ,0.000000000000e+00  ,0.000000000000e+00  ,0.000000000000e+00  ,0.000000000000e+00  ,0.000000000000e+00  ,0.000000000000e+00  ,0.000000000000e+00  ,0.000000000000e+00  ,0.000000000000e+00  ,0.000000000000e+00  ,0.000000000000e+00  ,0.000000000000e+00  ,0.000000000000e+00  ,0.000000000000e+00  ,0.000000000000e+00  ,0.000000000000e+00  ,0.000000000000e+00  ,0.000000000000e+00  ,0.000000000000e+00  ,0.000000000000e+00  ,0.000000000000e+00  ,0.000000000000e+00  ,0.000000000000e+00  ,0.000000000000e+00  ,0.000000000000e+00  ,0.000000000000e+00  ,0.000000000000e+00  ,0.000000000000e+00  ,0.000000000000e+00  ,0.000000000000e+00  ,0.000000000000e+00  ,0.000000000000e+00  ,0.000000000000e+00  ,0.000000000000e+00  ,0.000000000000e+00  ,0.000000000000e+00  ,0.000000000000e+00  ,0.000000000000e+00  ,0.000000000000e+00  ,0.000000000000e+00  ,0.000000000000e+00  ,0.000000000000e+00  ,0.000000000000e+00  ,0.000000000000e+00  ,0.000000000000e+00  ,0.000000000000e+00  ,0.000000000000e+00  ,0.000000000000e+00  ,0.000000000000e+00  ,0.000000000000e+00  ,0.000000000000e+00  ,0.000000000000e+00  ,0.000000000000e+00  ,0.000000000000e+00  ,0.000000000000e+00  ,0.000000000000e+00  ,0.000000000000e+00  
  1.000000000000e-05  ,1.094487250022e-02  ,0.000000000000e+00  ,0.000000000000e+00  ,0.000000000000e+00  ,0.000000000000e+00  ,0.000000000000e+00  ,0.000000000000e+00  ,0.000000000000e+00  ,0.000000000000e+00  ,0.000000000000e+00  ,0.000000000000e+00  ,0.000000000000e+00  ,0.000000000000e+00  ,0.000000000000e+00  ,0.000000000000e+00  ,0.000000000000e+00  ,0.000000000000e+00  ,0.000000000000e+00  ,0.000000000000e+00  ,0.000000000000e+00  ,0.000000000000e+00  ,0.000000000000e+00  ,0.000000000000e+00  ,0.000000000000e+00  ,0.000000000000e+00  ,0.000000000000e+00  ,0.000000000000e+00  ,0.000000000000e+00  ,0.000000000000e+00  ,0.000000000000e+00  ,0.000000000000e+00  ,0.000000000000e+00  ,0.000000000000e+00  ,0.000000000000e+00  ,0.000000000000e+00  ,0.000000000000e+00  ,0.000000000000e+00  ,0.000000000000e+00  ,0.000000000000e+00  ,0.000000000000e+00  ,0.000000000000e+00  ,0.000000000000e+00  ,0.000000000000e+00  ,0.000000000000e+00  ,0.000000000000e+00  ,0.000000000000e+00  ,0.000000000000e+00  ,0.000000000000e+00  ,0.000000000000e+00  ,0.000000000000e+00  ,0.000000000000e+00  ,0.000000000000e+00  ,0.000000000000e+00  ,0.000000000000e+00  ,0.000000000000e+00  ,0.000000000000e+00  ,0.000000000000e+00  ,0.000000000000e+00  ,0.000000000000e+00  ,0.000000000000e+00  ,0.000000000000e+00  ,0.000000000000e+00  ,0.000000000000e+00  ,0.000000000000e+00  ,0.000000000000e+00  ,0.000000000000e+00  ,0.000000000000e+00  ,0.000000000000e+00  ,0.000000000000e+00  ,0.000000000000e+00  ,0.000000000000e+00  ,0.000000000000e+00  ,0.000000000000e+00  ,0.000000000000e+00  ,0.000000000000e+00  ,0.000000000000e+00  ,0.000000000000e+00  ,0.000000000000e+00  ,0.000000000000e+00  ,0.000000000000e+00  ,0.000000000000e+00  ,0.000000000000e+00  ,0.000000000000e+00  ,0.000000000000e+00  ,0.000000000000e+00  ,0.000000000000e+00  ,0.000000000000e+00  ,0.000000000000e+00  ,0.000000000000e+00  ,0.000000000000e+00  ,0.000000000000e+00  ,0.000000000000e+00  ,0.000000000000e+00  ,0.000000000000e+00  ,0.000000000000e+00  ,0.000000000000e+00  ,0.000000000000e+00  ,0.000000000000e+00  ,0.000000000000e+00  ,0.000000000000e+00  ,0.000000000000e+00  ,0.000000000000e+00  ,0.000000000000e+00  ,0.000000000000e+00  ,0.000000000000e+00  ,0.000000000000e+00  ,0.000000000000e+00  ,0.000000000000e+00  ,0.000000000000e+00  ,0.000000000000e+00  ,0.000000000000e+00  ,0.000000000000e+00  ,0.000000000000e+00  ,0.000000000000e+00  ,0.000000000000e+00  ,0.000000000000e+00  ,0.000000000000e+00  ,0.000000000000e+00  ,0.000000000000e+00  ,0.000000000000e+00  ,0.000000000000e+00  ,0.000000000000e+00  ,0.000000000000e+00  ,0.000000000000e+00  ,0.000000000000e+00  ,0.000000000000e+00  ,0.000000000000e+00  ,0.000000000000e+00  ,0.000000000000e+00  ,0.000000000000e+00  ,0.000000000000e+00  ,0.000000000000e+00  ,0.000000000000e+00  ,0.000000000000e+00  ,0.000000000000e+00  ,0.000000000000e+00  ,0.000000000000e+00  ,0.000000000000e+00  ,0.000000000000e+00  ,0.000000000000e+00  ,0.000000000000e+00  ,0.000000000000e+00  ,0.000000000000e+00  ,0.000000000000e+00  ,0.000000000000e+00  ,0.000000000000e+00  ,0.000000000000e+00  ,0.000000000000e+00  ,0.000000000000e+00  ,0.000000000000e+00  ,0.000000000000e+00  ,0.000000000000e+00  ,0.000000000000e+00  ,0.000000000000e+00  
  1.100000000000e-05  ,1.141876356676e-02  ,0.000000000000e+00  ,0.000000000000e+00  ,0.000000000000e+00  ,0.000000000000e+00  ,0.000000000000e+00  ,0.000000000000e+00  ,0.000000000000e+00  ,0.000000000000e+00  ,0.000000000000e+00  ,0.000000000000e+00  ,0.000000000000e+00  ,0.000000000000e+00  ,0.000000000000e+00  ,0.000000000000e+00  ,0.000000000000e+00  ,0.000000000000e+00  ,0.000000000000e+00  ,0.000000000000e+00  ,0.000000000000e+00  ,0.000000000000e+00  ,0.000000000000e+00  ,0.000000000000e+00  ,0.000000000000e+00  ,0.000000000000e+00  ,0.000000000000e+00  ,0.000000000000e+00  ,0.000000000000e+00  ,0.000000000000e+00  ,0.000000000000e+00  ,0.000000000000e+00  ,0.000000000000e+00  ,0.000000000000e+00  ,0.000000000000e+00  ,0.000000000000e+00  ,0.000000000000e+00  ,0.000000000000e+00  ,0.000000000000e+00  ,0.000000000000e+00  ,0.000000000000e+00  ,0.000000000000e+00  ,0.000000000000e+00  ,0.000000000000e+00  ,0.000000000000e+00  ,0.000000000000e+00  ,0.000000000000e+00  ,0.000000000000e+00  ,0.000000000000e+00  ,0.000000000000e+00  ,0.000000000000e+00  ,0.000000000000e+00  ,0.000000000000e+00  ,0.000000000000e+00  ,0.000000000000e+00  ,0.000000000000e+00  ,0.000000000000e+00  ,0.000000000000e+00  ,0.000000000000e+00  ,0.000000000000e+00  ,0.000000000000e+00  ,0.000000000000e+00  ,0.000000000000e+00  ,0.000000000000e+00  ,0.000000000000e+00  ,0.000000000000e+00  ,0.000000000000e+00  ,0.000000000000e+00  ,0.000000000000e+00  ,0.000000000000e+00  ,0.000000000000e+00  ,0.000000000000e+00  ,0.000000000000e+00  ,0.000000000000e+00  ,0.000000000000e+00  ,0.000000000000e+00  ,0.000000000000e+00  ,0.000000000000e+00  ,0.000000000000e+00  ,0.000000000000e+00  ,0.000000000000e+00  ,0.000000000000e+00  ,0.000000000000e+00  ,0.000000000000e+00  ,0.000000000000e+00  ,0.000000000000e+00  ,0.000000000000e+00  ,0.000000000000e+00  ,0.000000000000e+00  ,0.000000000000e+00  ,0.000000000000e+00  ,0.000000000000e+00  ,0.000000000000e+00  ,0.000000000000e+00  ,0.000000000000e+00  ,0.000000000000e+00  ,0.000000000000e+00  ,0.000000000000e+00  ,0.000000000000e+00  ,0.000000000000e+00  ,0.000000000000e+00  ,0.000000000000e+00  ,0.000000000000e+00  ,0.000000000000e+00  ,0.000000000000e+00  ,0.000000000000e+00  ,0.000000000000e+00  ,0.000000000000e+00  ,0.000000000000e+00  ,0.000000000000e+00  ,0.000000000000e+00  ,0.000000000000e+00  ,0.000000000000e+00  ,0.000000000000e+00  ,0.000000000000e+00  ,0.000000000000e+00  ,0.000000000000e+00  ,0.000000000000e+00  ,0.000000000000e+00  ,0.000000000000e+00  ,0.000000000000e+00  ,0.000000000000e+00  ,0.000000000000e+00  ,0.000000000000e+00  ,0.000000000000e+00  ,0.000000000000e+00  ,0.000000000000e+00  ,0.000000000000e+00  ,0.000000000000e+00  ,0.000000000000e+00  ,0.000000000000e+00  ,0.000000000000e+00  ,0.000000000000e+00  ,0.000000000000e+00  ,0.000000000000e+00  ,0.000000000000e+00  ,0.000000000000e+00  ,0.000000000000e+00  ,0.000000000000e+00  ,0.000000000000e+00  ,0.000000000000e+00  ,0.000000000000e+00  ,0.000000000000e+00  ,0.000000000000e+00  ,0.000000000000e+00  ,0.000000000000e+00  ,0.000000000000e+00  ,0.000000000000e+00  ,0.000000000000e+00  ,0.000000000000e+00  ,0.000000000000e+00  ,0.000000000000e+00  ,0.000000000000e+00  ,0.000000000000e+00  ,0.000000000000e+00  
  1.200000000000e-05  ,1.187375630292e-02  ,0.000000000000e+00  ,0.000000000000e+00  ,0.000000000000e+00  ,0.000000000000e+00  ,0.000000000000e+00  ,0.000000000000e+00  ,0.000000000000e+00  ,0.000000000000e+00  ,0.000000000000e+00  ,0.000000000000e+00  ,0.000000000000e+00  ,0.000000000000e+00  ,0.000000000000e+00  ,0.000000000000e+00  ,0.000000000000e+00  ,0.000000000000e+00  ,0.000000000000e+00  ,0.000000000000e+00  ,0.000000000000e+00  ,0.000000000000e+00  ,0.000000000000e+00  ,0.000000000000e+00  ,0.000000000000e+00  ,0.000000000000e+00  ,0.000000000000e+00  ,0.000000000000e+00  ,0.000000000000e+00  ,0.000000000000e+00  ,0.000000000000e+00  ,0.000000000000e+00  ,0.000000000000e+00  ,0.000000000000e+00  ,0.000000000000e+00  ,0.000000000000e+00  ,0.000000000000e+00  ,0.000000000000e+00  ,0.000000000000e+00  ,0.000000000000e+00  ,0.000000000000e+00  ,0.000000000000e+00  ,0.000000000000e+00  ,0.000000000000e+00  ,0.000000000000e+00  ,0.000000000000e+00  ,0.000000000000e+00  ,0.000000000000e+00  ,0.000000000000e+00  ,0.000000000000e+00  ,0.000000000000e+00  ,0.000000000000e+00  ,0.000000000000e+00  ,0.000000000000e+00  ,0.000000000000e+00  ,0.000000000000e+00  ,0.000000000000e+00  ,0.000000000000e+00  ,0.000000000000e+00  ,0.000000000000e+00  ,0.000000000000e+00  ,0.000000000000e+00  ,0.000000000000e+00  ,0.000000000000e+00  ,0.000000000000e+00  ,0.000000000000e+00  ,0.000000000000e+00  ,0.000000000000e+00  ,0.000000000000e+00  ,0.000000000000e+00  ,0.000000000000e+00  ,0.000000000000e+00  ,0.000000000000e+00  ,0.000000000000e+00  ,0.000000000000e+00  ,0.000000000000e+00  ,0.000000000000e+00  ,0.000000000000e+00  ,0.000000000000e+00  ,0.000000000000e+00  ,0.000000000000e+00  ,0.000000000000e+00  ,0.000000000000e+00  ,0.000000000000e+00  ,0.000000000000e+00  ,0.000000000000e+00  ,0.000000000000e+00  ,0.000000000000e+00  ,0.000000000000e+00  ,0.000000000000e+00  ,0.000000000000e+00  ,0.000000000000e+00  ,0.000000000000e+00  ,0.000000000000e+00  ,0.000000000000e+00  ,0.000000000000e+00  ,0.000000000000e+00  ,0.000000000000e+00  ,0.000000000000e+00  ,0.000000000000e+00  ,0.000000000000e+00  ,0.000000000000e+00  ,0.000000000000e+00  ,0.000000000000e+00  ,0.000000000000e+00  ,0.000000000000e+00  ,0.000000000000e+00  ,0.000000000000e+00  ,0.000000000000e+00  ,0.000000000000e+00  ,0.000000000000e+00  ,0.000000000000e+00  ,0.000000000000e+00  ,0.000000000000e+00  ,0.000000000000e+00  ,0.000000000000e+00  ,0.000000000000e+00  ,0.000000000000e+00  ,0.000000000000e+00  ,0.000000000000e+00  ,0.000000000000e+00  ,0.000000000000e+00  ,0.000000000000e+00  ,0.000000000000e+00  ,0.000000000000e+00  ,0.000000000000e+00  ,0.000000000000e+00  ,0.000000000000e+00  ,0.000000000000e+00  ,0.000000000000e+00  ,0.000000000000e+00  ,0.000000000000e+00  ,0.000000000000e+00  ,0.000000000000e+00  ,0.000000000000e+00  ,0.000000000000e+00  ,0.000000000000e+00  ,0.000000000000e+00  ,0.000000000000e+00  ,0.000000000000e+00  ,0.000000000000e+00  ,0.000000000000e+00  ,0.000000000000e+00  ,0.000000000000e+00  ,0.000000000000e+00  ,0.000000000000e+00  ,0.000000000000e+00  ,0.000000000000e+00  ,0.000000000000e+00  ,0.000000000000e+00  ,0.000000000000e+00  ,0.000000000000e+00  ,0.000000000000e+00  ,0.000000000000e+00  ,0.000000000000e+00  
  1.300000000000e-05  ,1.231194607235e-02  ,0.000000000000e+00  ,0.000000000000e+00  ,0.000000000000e+00  ,0.000000000000e+00  ,0.000000000000e+00  ,0.000000000000e+00  ,0.000000000000e+00  ,0.000000000000e+00  ,0.000000000000e+00  ,0.000000000000e+00  ,0.000000000000e+00  ,0.000000000000e+00  ,0.000000000000e+00  ,0.000000000000e+00  ,0.000000000000e+00  ,0.000000000000e+00  ,0.000000000000e+00  ,0.000000000000e+00  ,0.000000000000e+00  ,0.000000000000e+00  ,0.000000000000e+00  ,0.000000000000e+00  ,0.000000000000e+00  ,0.000000000000e+00  ,0.000000000000e+00  ,0.000000000000e+00  ,0.000000000000e+00  ,0.000000000000e+00  ,0.000000000000e+00  ,0.000000000000e+00  ,0.000000000000e+00  ,0.000000000000e+00  ,0.000000000000e+00  ,0.000000000000e+00  ,0.000000000000e+00  ,0.000000000000e+00  ,0.000000000000e+00  ,0.000000000000e+00  ,0.000000000000e+00  ,0.000000000000e+00  ,0.000000000000e+00  ,0.000000000000e+00  ,0.000000000000e+00  ,0.000000000000e+00  ,0.000000000000e+00  ,0.000000000000e+00  ,0.000000000000e+00  ,0.000000000000e+00  ,0.000000000000e+00  ,0.000000000000e+00  ,0.000000000000e+00  ,0.000000000000e+00  ,0.000000000000e+00  ,0.000000000000e+00  ,0.000000000000e+00  ,0.000000000000e+00  ,0.000000000000e+00  ,0.000000000000e+00  ,0.000000000000e+00  ,0.000000000000e+00  ,0.000000000000e+00  ,0.000000000000e+00  ,0.000000000000e+00  ,0.000000000000e+00  ,0.000000000000e+00  ,0.000000000000e+00  ,0.000000000000e+00  ,0.000000000000e+00  ,0.000000000000e+00  ,0.000000000000e+00  ,0.000000000000e+00  ,0.000000000000e+00  ,0.000000000000e+00  ,0.000000000000e+00  ,0.000000000000e+00  ,0.000000000000e+00  ,0.000000000000e+00  ,0.000000000000e+00  ,0.000000000000e+00  ,0.000000000000e+00  ,0.000000000000e+00  ,0.000000000000e+00  ,0.000000000000e+00  ,0.000000000000e+00  ,0.000000000000e+00  ,0.000000000000e+00  ,0.000000000000e+00  ,0.000000000000e+00  ,0.000000000000e+00  ,0.000000000000e+00  ,0.000000000000e+00  ,0.000000000000e+00  ,0.000000000000e+00  ,0.000000000000e+00  ,0.000000000000e+00  ,0.000000000000e+00  ,0.000000000000e+00  ,0.000000000000e+00  ,0.000000000000e+00  ,0.000000000000e+00  ,0.000000000000e+00  ,0.000000000000e+00  ,0.000000000000e+00  ,0.000000000000e+00  ,0.000000000000e+00  ,0.000000000000e+00  ,0.000000000000e+00  ,0.000000000000e+00  ,0.000000000000e+00  ,0.000000000000e+00  ,0.000000000000e+00  ,0.000000000000e+00  ,0.000000000000e+00  ,0.000000000000e+00  ,0.000000000000e+00  ,0.000000000000e+00  ,0.000000000000e+00  ,0.000000000000e+00  ,0.000000000000e+00  ,0.000000000000e+00  ,0.000000000000e+00  ,0.000000000000e+00  ,0.000000000000e+00  ,0.000000000000e+00  ,0.000000000000e+00  ,0.000000000000e+00  ,0.000000000000e+00  ,0.000000000000e+00  ,0.000000000000e+00  ,0.000000000000e+00  ,0.000000000000e+00  ,0.000000000000e+00  ,0.000000000000e+00  ,0.000000000000e+00  ,0.000000000000e+00  ,0.000000000000e+00  ,0.000000000000e+00  ,0.000000000000e+00  ,0.000000000000e+00  ,0.000000000000e+00  ,0.000000000000e+00  ,0.000000000000e+00  ,0.000000000000e+00  ,0.000000000000e+00  ,0.000000000000e+00  ,0.000000000000e+00  ,0.000000000000e+00  ,0.000000000000e+00  ,0.000000000000e+00  ,0.000000000000e+00  ,0.000000000000e+00  ,0.000000000000e+00  ,0.000000000000e+00  
  1.400000000000e-05  ,1.273506746884e-02  ,0.000000000000e+00  ,0.000000000000e+00  ,0.000000000000e+00  ,0.000000000000e+00  ,0.000000000000e+00  ,0.000000000000e+00  ,0.000000000000e+00  ,0.000000000000e+00  ,0.000000000000e+00  ,0.000000000000e+00  ,0.000000000000e+00  ,0.000000000000e+00  ,0.000000000000e+00  ,0.000000000000e+00  ,0.000000000000e+00  ,0.000000000000e+00  ,0.000000000000e+00  ,0.000000000000e+00  ,0.000000000000e+00  ,0.000000000000e+00  ,0.000000000000e+00  ,0.000000000000e+00  ,0.000000000000e+00  ,0.000000000000e+00  ,0.000000000000e+00  ,0.000000000000e+00  ,0.000000000000e+00  ,0.000000000000e+00  ,0.000000000000e+00  ,0.000000000000e+00  ,0.000000000000e+00  ,0.000000000000e+00  ,0.000000000000e+00  ,0.000000000000e+00  ,0.000000000000e+00  ,0.000000000000e+00  ,0.000000000000e+00  ,0.000000000000e+00  ,0.000000000000e+00  ,0.000000000000e+00  ,0.000000000000e+00  ,0.000000000000e+00  ,0.000000000000e+00  ,0.000000000000e+00  ,0.000000000000e+00  ,0.000000000000e+00  ,0.000000000000e+00  ,0.000000000000e+00  ,0.000000000000e+00  ,0.000000000000e+00  ,0.000000000000e+00  ,0.000000000000e+00  ,0.000000000000e+00  ,0.000000000000e+00  ,0.000000000000e+00  ,0.000000000000e+00  ,0.000000000000e+00  ,0.000000000000e+00  ,0.000000000000e+00  ,0.000000000000e+00  ,0.000000000000e+00  ,0.000000000000e+00  ,0.000000000000e+00  ,0.000000000000e+00  ,0.000000000000e+00  ,0.000000000000e+00  ,0.000000000000e+00  ,0.000000000000e+00  ,0.000000000000e+00  ,0.000000000000e+00  ,0.000000000000e+00  ,0.000000000000e+00  ,0.000000000000e+00  ,0.000000000000e+00  ,0.000000000000e+00  ,0.000000000000e+00  ,0.000000000000e+00  ,0.000000000000e+00  ,0.000000000000e+00  ,0.000000000000e+00  ,0.000000000000e+00  ,0.000000000000e+00  ,0.000000000000e+00  ,0.000000000000e+00  ,0.000000000000e+00  ,0.000000000000e+00  ,0.000000000000e+00  ,0.000000000000e+00  ,0.000000000000e+00  ,0.000000000000e+00  ,0.000000000000e+00  ,0.000000000000e+00  ,0.000000000000e+00  ,0.000000000000e+00  ,0.000000000000e+00  ,0.000000000000e+00  ,0.000000000000e+00  ,0.000000000000e+00  ,0.000000000000e+00  ,0.000000000000e+00  ,0.000000000000e+00  ,0.000000000000e+00  ,0.000000000000e+00  ,0.000000000000e+00  ,0.000000000000e+00  ,0.000000000000e+00  ,0.000000000000e+00  ,0.000000000000e+00  ,0.000000000000e+00  ,0.000000000000e+00  ,0.000000000000e+00  ,0.000000000000e+00  ,0.000000000000e+00  ,0.000000000000e+00  ,0.000000000000e+00  ,0.000000000000e+00  ,0.000000000000e+00  ,0.000000000000e+00  ,0.000000000000e+00  ,0.000000000000e+00  ,0.000000000000e+00  ,0.000000000000e+00  ,0.000000000000e+00  ,0.000000000000e+00  ,0.000000000000e+00  ,0.000000000000e+00  ,0.000000000000e+00  ,0.000000000000e+00  ,0.000000000000e+00  ,0.000000000000e+00  ,0.000000000000e+00  ,0.000000000000e+00  ,0.000000000000e+00  ,0.000000000000e+00  ,0.000000000000e+00  ,0.000000000000e+00  ,0.000000000000e+00  ,0.000000000000e+00  ,0.000000000000e+00  ,0.000000000000e+00  ,0.000000000000e+00  ,0.000000000000e+00  ,0.000000000000e+00  ,0.000000000000e+00  ,0.000000000000e+00  ,0.000000000000e+00  ,0.000000000000e+00  ,0.000000000000e+00  ,0.000000000000e+00  ,0.000000000000e+00  ,0.000000000000e+00  ,0.000000000000e+00  ,0.000000000000e+00  
  1.500000000000e-05  ,1.314457571713e-02  ,0.000000000000e+00  ,0.000000000000e+00  ,0.000000000000e+00  ,0.000000000000e+00  ,0.000000000000e+00  ,0.000000000000e+00  ,0.000000000000e+00  ,0.000000000000e+00  ,0.000000000000e+00  ,0.000000000000e+00  ,0.000000000000e+00  ,0.000000000000e+00  ,0.000000000000e+00  ,0.000000000000e+00  ,0.000000000000e+00  ,0.000000000000e+00  ,0.000000000000e+00  ,0.000000000000e+00  ,0.000000000000e+00  ,0.000000000000e+00  ,0.000000000000e+00  ,0.000000000000e+00  ,0.000000000000e+00  ,0.000000000000e+00  ,0.000000000000e+00  ,0.000000000000e+00  ,0.000000000000e+00  ,0.000000000000e+00  ,0.000000000000e+00  ,0.000000000000e+00  ,0.000000000000e+00  ,0.000000000000e+00  ,0.000000000000e+00  ,0.000000000000e+00  ,0.000000000000e+00  ,0.000000000000e+00  ,0.000000000000e+00  ,0.000000000000e+00  ,0.000000000000e+00  ,0.000000000000e+00  ,0.000000000000e+00  ,0.000000000000e+00  ,0.000000000000e+00  ,0.000000000000e+00  ,0.000000000000e+00  ,0.000000000000e+00  ,0.000000000000e+00  ,0.000000000000e+00  ,0.000000000000e+00  ,0.000000000000e+00  ,0.000000000000e+00  ,0.000000000000e+00  ,0.000000000000e+00  ,0.000000000000e+00  ,0.000000000000e+00  ,0.000000000000e+00  ,0.000000000000e+00  ,0.000000000000e+00  ,0.000000000000e+00  ,0.000000000000e+00  ,0.000000000000e+00  ,0.000000000000e+00  ,0.000000000000e+00  ,0.000000000000e+00  ,0.000000000000e+00  ,0.000000000000e+00  ,0.000000000000e+00  ,0.000000000000e+00  ,0.000000000000e+00  ,0.000000000000e+00  ,0.000000000000e+00  ,0.000000000000e+00  ,0.000000000000e+00  ,0.000000000000e+00  ,0.000000000000e+00  ,0.000000000000e+00  ,0.000000000000e+00  ,0.000000000000e+00  ,0.000000000000e+00  ,0.000000000000e+00  ,0.000000000000e+00  ,0.000000000000e+00  ,0.000000000000e+00  ,0.000000000000e+00  ,0.000000000000e+00  ,0.000000000000e+00  ,0.000000000000e+00  ,0.000000000000e+00  ,0.000000000000e+00  ,0.000000000000e+00  ,0.000000000000e+00  ,0.000000000000e+00  ,0.000000000000e+00  ,0.000000000000e+00  ,0.000000000000e+00  ,0.000000000000e+00  ,0.000000000000e+00  ,0.000000000000e+00  ,0.000000000000e+00  ,0.000000000000e+00  ,0.000000000000e+00  ,0.000000000000e+00  ,0.000000000000e+00  ,0.000000000000e+00  ,0.000000000000e+00  ,0.000000000000e+00  ,0.000000000000e+00  ,0.000000000000e+00  ,0.000000000000e+00  ,0.000000000000e+00  ,0.000000000000e+00  ,0.000000000000e+00  ,0.000000000000e+00  ,0.000000000000e+00  ,0.000000000000e+00  ,0.000000000000e+00  ,0.000000000000e+00  ,0.000000000000e+00  ,0.000000000000e+00  ,0.000000000000e+00  ,0.000000000000e+00  ,0.000000000000e+00  ,0.000000000000e+00  ,0.000000000000e+00  ,0.000000000000e+00  ,0.000000000000e+00  ,0.000000000000e+00  ,0.000000000000e+00  ,0.000000000000e+00  ,0.000000000000e+00  ,0.000000000000e+00  ,0.000000000000e+00  ,0.000000000000e+00  ,0.000000000000e+00  ,0.000000000000e+00  ,0.000000000000e+00  ,0.000000000000e+00  ,0.000000000000e+00  ,0.000000000000e+00  ,0.000000000000e+00  ,0.000000000000e+00  ,0.000000000000e+00  ,0.000000000000e+00  ,0.000000000000e+00  ,0.000000000000e+00  ,0.000000000000e+00  ,0.000000000000e+00  ,0.000000000000e+00  ,0.000000000000e+00  ,0.000000000000e+00  ,0.000000000000e+00  ,0.000000000000e+00  ,0.000000000000e+00  
  1.600000000000e-05  ,1.354170587965e-02  ,0.000000000000e+00  ,0.000000000000e+00  ,0.000000000000e+00  ,0.000000000000e+00  ,0.000000000000e+00  ,0.000000000000e+00  ,0.000000000000e+00  ,0.000000000000e+00  ,0.000000000000e+00  ,0.000000000000e+00  ,0.000000000000e+00  ,0.000000000000e+00  ,0.000000000000e+00  ,0.000000000000e+00  ,0.000000000000e+00  ,0.000000000000e+00  ,0.000000000000e+00  ,0.000000000000e+00  ,0.000000000000e+00  ,0.000000000000e+00  ,0.000000000000e+00  ,0.000000000000e+00  ,0.000000000000e+00  ,0.000000000000e+00  ,0.000000000000e+00  ,0.000000000000e+00  ,0.000000000000e+00  ,0.000000000000e+00  ,0.000000000000e+00  ,0.000000000000e+00  ,0.000000000000e+00  ,0.000000000000e+00  ,0.000000000000e+00  ,0.000000000000e+00  ,0.000000000000e+00  ,0.000000000000e+00  ,0.000000000000e+00  ,0.000000000000e+00  ,0.000000000000e+00  ,0.000000000000e+00  ,0.000000000000e+00  ,0.000000000000e+00  ,0.000000000000e+00  ,0.000000000000e+00  ,0.000000000000e+00  ,0.000000000000e+00  ,0.000000000000e+00  ,0.000000000000e+00  ,0.000000000000e+00  ,0.000000000000e+00  ,0.000000000000e+00  ,0.000000000000e+00  ,0.000000000000e+00  ,0.000000000000e+00  ,0.000000000000e+00  ,0.000000000000e+00  ,0.000000000000e+00  ,0.000000000000e+00  ,0.000000000000e+00  ,0.000000000000e+00  ,0.000000000000e+00  ,0.000000000000e+00  ,0.000000000000e+00  ,0.000000000000e+00  ,0.000000000000e+00  ,0.000000000000e+00  ,0.000000000000e+00  ,0.000000000000e+00  ,0.000000000000e+00  ,0.000000000000e+00  ,0.000000000000e+00  ,0.000000000000e+00  ,0.000000000000e+00  ,0.000000000000e+00  ,0.000000000000e+00  ,0.000000000000e+00  ,0.000000000000e+00  ,0.000000000000e+00  ,0.000000000000e+00  ,0.000000000000e+00  ,0.000000000000e+00  ,0.000000000000e+00  ,0.000000000000e+00  ,0.000000000000e+00  ,0.000000000000e+00  ,0.000000000000e+00  ,0.000000000000e+00  ,0.000000000000e+00  ,0.000000000000e+00  ,0.000000000000e+00  ,0.000000000000e+00  ,0.000000000000e+00  ,0.000000000000e+00  ,0.000000000000e+00  ,0.000000000000e+00  ,0.000000000000e+00  ,0.000000000000e+00  ,0.000000000000e+00  ,0.000000000000e+00  ,0.000000000000e+00  ,0.000000000000e+00  ,0.000000000000e+00  ,0.000000000000e+00  ,0.000000000000e+00  ,0.000000000000e+00  ,0.000000000000e+00  ,0.000000000000e+00  ,0.000000000000e+00  ,0.000000000000e+00  ,0.000000000000e+00  ,0.000000000000e+00  ,0.000000000000e+00  ,0.000000000000e+00  ,0.000000000000e+00  ,0.000000000000e+00  ,0.000000000000e+00  ,0.000000000000e+00  ,0.000000000000e+00  ,0.000000000000e+00  ,0.000000000000e+00  ,0.000000000000e+00  ,0.000000000000e+00  ,0.000000000000e+00  ,0.000000000000e+00  ,0.000000000000e+00  ,0.000000000000e+00  ,0.000000000000e+00  ,0.000000000000e+00  ,0.000000000000e+00  ,0.000000000000e+00  ,0.000000000000e+00  ,0.000000000000e+00  ,0.000000000000e+00  ,0.000000000000e+00  ,0.000000000000e+00  ,0.000000000000e+00  ,0.000000000000e+00  ,0.000000000000e+00  ,0.000000000000e+00  ,0.000000000000e+00  ,0.000000000000e+00  ,0.000000000000e+00  ,0.000000000000e+00  ,0.000000000000e+00  ,0.000000000000e+00  ,0.000000000000e+00  ,0.000000000000e+00  ,0.000000000000e+00  ,0.000000000000e+00  ,0.000000000000e+00  ,0.000000000000e+00  ,0.000000000000e+00  ,0.000000000000e+00  
  1.700000000000e-05  ,1.392751684538e-02  ,0.000000000000e+00  ,0.000000000000e+00  ,0.000000000000e+00  ,0.000000000000e+00  ,0.000000000000e+00  ,0.000000000000e+00  ,0.000000000000e+00  ,0.000000000000e+00  ,0.000000000000e+00  ,0.000000000000e+00  ,0.000000000000e+00  ,0.000000000000e+00  ,0.000000000000e+00  ,0.000000000000e+00  ,0.000000000000e+00  ,0.000000000000e+00  ,0.000000000000e+00  ,0.000000000000e+00  ,0.000000000000e+00  ,0.000000000000e+00  ,0.000000000000e+00  ,0.000000000000e+00  ,0.000000000000e+00  ,0.000000000000e+00  ,0.000000000000e+00  ,0.000000000000e+00  ,0.000000000000e+00  ,0.000000000000e+00  ,0.000000000000e+00  ,0.000000000000e+00  ,0.000000000000e+00  ,0.000000000000e+00  ,0.000000000000e+00  ,0.000000000000e+00  ,0.000000000000e+00  ,0.000000000000e+00  ,0.000000000000e+00  ,0.000000000000e+00  ,0.000000000000e+00  ,0.000000000000e+00  ,0.000000000000e+00  ,0.000000000000e+00  ,0.000000000000e+00  ,0.000000000000e+00  ,0.000000000000e+00  ,0.000000000000e+00  ,0.000000000000e+00  ,0.000000000000e+00  ,0.000000000000e+00  ,0.000000000000e+00  ,0.000000000000e+00  ,0.000000000000e+00  ,0.000000000000e+00  ,0.000000000000e+00  ,0.000000000000e+00  ,0.000000000000e+00  ,0.000000000000e+00  ,0.000000000000e+00  ,0.000000000000e+00  ,0.000000000000e+00  ,0.000000000000e+00  ,0.000000000000e+00  ,0.000000000000e+00  ,0.000000000000e+00  ,0.000000000000e+00  ,0.000000000000e+00  ,0.000000000000e+00  ,0.000000000000e+00  ,0.000000000000e+00  ,0.000000000000e+00  ,0.000000000000e+00  ,0.000000000000e+00  ,0.000000000000e+00  ,0.000000000000e+00  ,0.000000000000e+00  ,0.000000000000e+00  ,0.000000000000e+00  ,0.000000000000e+00  ,0.000000000000e+00  ,0.000000000000e+00  ,0.000000000000e+00  ,0.000000000000e+00  ,0.000000000000e+00  ,0.000000000000e+00  ,0.000000000000e+00  ,0.000000000000e+00  ,0.000000000000e+00  ,0.000000000000e+00  ,0.000000000000e+00  ,0.000000000000e+00  ,0.000000000000e+00  ,0.000000000000e+00  ,0.000000000000e+00  ,0.000000000000e+00  ,0.000000000000e+00  ,0.000000000000e+00  ,0.000000000000e+00  ,0.000000000000e+00  ,0.000000000000e+00  ,0.000000000000e+00  ,0.000000000000e+00  ,0.000000000000e+00  ,0.000000000000e+00  ,0.000000000000e+00  ,0.000000000000e+00  ,0.000000000000e+00  ,0.000000000000e+00  ,0.000000000000e+00  ,0.000000000000e+00  ,0.000000000000e+00  ,0.000000000000e+00  ,0.000000000000e+00  ,0.000000000000e+00  ,0.000000000000e+00  ,0.000000000000e+00  ,0.000000000000e+00  ,0.000000000000e+00  ,0.000000000000e+00  ,0.000000000000e+00  ,0.000000000000e+00  ,0.000000000000e+00  ,0.000000000000e+00  ,0.000000000000e+00  ,0.000000000000e+00  ,0.000000000000e+00  ,0.000000000000e+00  ,0.000000000000e+00  ,0.000000000000e+00  ,0.000000000000e+00  ,0.000000000000e+00  ,0.000000000000e+00  ,0.000000000000e+00  ,0.000000000000e+00  ,0.000000000000e+00  ,0.000000000000e+00  ,0.000000000000e+00  ,0.000000000000e+00  ,0.000000000000e+00  ,0.000000000000e+00  ,0.000000000000e+00  ,0.000000000000e+00  ,0.000000000000e+00  ,0.000000000000e+00  ,0.000000000000e+00  ,0.000000000000e+00  ,0.000000000000e+00  ,0.000000000000e+00  ,0.000000000000e+00  ,0.000000000000e+00  ,0.000000000000e+00  ,0.000000000000e+00  ,0.000000000000e+00  ,0.000000000000e+00  
  1.800000000000e-05  ,1.430292462491e-02  ,0.000000000000e+00  ,0.000000000000e+00  ,0.000000000000e+00  ,0.000000000000e+00  ,0.000000000000e+00  ,0.000000000000e+00  ,0.000000000000e+00  ,0.000000000000e+00  ,0.000000000000e+00  ,0.000000000000e+00  ,0.000000000000e+00  ,0.000000000000e+00  ,0.000000000000e+00  ,0.000000000000e+00  ,0.000000000000e+00  ,0.000000000000e+00  ,0.000000000000e+00  ,0.000000000000e+00  ,0.000000000000e+00  ,0.000000000000e+00  ,0.000000000000e+00  ,0.000000000000e+00  ,0.000000000000e+00  ,0.000000000000e+00  ,0.000000000000e+00  ,0.000000000000e+00  ,0.000000000000e+00  ,0.000000000000e+00  ,0.000000000000e+00  ,0.000000000000e+00  ,0.000000000000e+00  ,0.000000000000e+00  ,0.000000000000e+00  ,0.000000000000e+00  ,0.000000000000e+00  ,0.000000000000e+00  ,0.000000000000e+00  ,0.000000000000e+00  ,0.000000000000e+00  ,0.000000000000e+00  ,0.000000000000e+00  ,0.000000000000e+00  ,0.000000000000e+00  ,0.000000000000e+00  ,0.000000000000e+00  ,0.000000000000e+00  ,0.000000000000e+00  ,0.000000000000e+00  ,0.000000000000e+00  ,0.000000000000e+00  ,0.000000000000e+00  ,0.000000000000e+00  ,0.000000000000e+00  ,0.000000000000e+00  ,0.000000000000e+00  ,0.000000000000e+00  ,0.000000000000e+00  ,0.000000000000e+00  ,0.000000000000e+00  ,0.000000000000e+00  ,0.000000000000e+00  ,0.000000000000e+00  ,0.000000000000e+00  ,0.000000000000e+00  ,0.000000000000e+00  ,0.000000000000e+00  ,0.000000000000e+00  ,0.000000000000e+00  ,0.000000000000e+00  ,0.000000000000e+00  ,0.000000000000e+00  ,0.000000000000e+00  ,0.000000000000e+00  ,0.000000000000e+00  ,0.000000000000e+00  ,0.000000000000e+00  ,0.000000000000e+00  ,0.000000000000e+00  ,0.000000000000e+00  ,0.000000000000e+00  ,0.000000000000e+00  ,0.000000000000e+00  ,0.000000000000e+00  ,0.000000000000e+00  ,0.000000000000e+00  ,0.000000000000e+00  ,0.000000000000e+00  ,0.000000000000e+00  ,0.000000000000e+00  ,0.000000000000e+00  ,0.000000000000e+00  ,0.000000000000e+00  ,0.000000000000e+00  ,0.000000000000e+00  ,0.000000000000e+00  ,0.000000000000e+00  ,0.000000000000e+00  ,0.000000000000e+00  ,0.000000000000e+00  ,0.000000000000e+00  ,0.000000000000e+00  ,0.000000000000e+00  ,0.000000000000e+00  ,0.000000000000e+00  ,0.000000000000e+00  ,0.000000000000e+00  ,0.000000000000e+00  ,0.000000000000e+00  ,0.000000000000e+00  ,0.000000000000e+00  ,0.000000000000e+00  ,0.000000000000e+00  ,0.000000000000e+00  ,0.000000000000e+00  ,0.000000000000e+00  ,0.000000000000e+00  ,0.000000000000e+00  ,0.000000000000e+00  ,0.000000000000e+00  ,0.000000000000e+00  ,0.000000000000e+00  ,0.000000000000e+00  ,0.000000000000e+00  ,0.000000000000e+00  ,0.000000000000e+00  ,0.000000000000e+00  ,0.000000000000e+00  ,0.000000000000e+00  ,0.000000000000e+00  ,0.000000000000e+00  ,0.000000000000e+00  ,0.000000000000e+00  ,0.000000000000e+00  ,0.000000000000e+00  ,0.000000000000e+00  ,0.000000000000e+00  ,0.000000000000e+00  ,0.000000000000e+00  ,0.000000000000e+00  ,0.000000000000e+00  ,0.000000000000e+00  ,0.000000000000e+00  ,0.000000000000e+00  ,0.000000000000e+00  ,0.000000000000e+00  ,0.000000000000e+00  ,0.000000000000e+00  ,0.000000000000e+00  ,0.000000000000e+00  ,0.000000000000e+00  ,0.000000000000e+00  ,0.000000000000e+00  ,0.000000000000e+00  
  1.900000000000e-05  ,1.466872796711e-02  ,0.000000000000e+00  ,0.000000000000e+00  ,0.000000000000e+00  ,0.000000000000e+00  ,0.000000000000e+00  ,0.000000000000e+00  ,0.000000000000e+00  ,0.000000000000e+00  ,0.000000000000e+00  ,0.000000000000e+00  ,0.000000000000e+00  ,0.000000000000e+00  ,0.000000000000e+00  ,0.000000000000e+00  ,0.000000000000e+00  ,0.000000000000e+00  ,0.000000000000e+00  ,0.000000000000e+00  ,0.000000000000e+00  ,0.000000000000e+00  ,0.000000000000e+00  ,0.000000000000e+00  ,0.000000000000e+00  ,0.000000000000e+00  ,0.000000000000e+00  ,0.000000000000e+00  ,0.000000000000e+00  ,0.000000000000e+00  ,0.000000000000e+00  ,0.000000000000e+00  ,0.000000000000e+00  ,0.000000000000e+00  ,0.000000000000e+00  ,0.000000000000e+00  ,0.000000000000e+00  ,0.000000000000e+00  ,0.000000000000e+00  ,0.000000000000e+00  ,0.000000000000e+00  ,0.000000000000e+00  ,0.000000000000e+00  ,0.000000000000e+00  ,0.000000000000e+00  ,0.000000000000e+00  ,0.000000000000e+00  ,0.000000000000e+00  ,0.000000000000e+00  ,0.000000000000e+00  ,0.000000000000e+00  ,0.000000000000e+00  ,0.000000000000e+00  ,0.000000000000e+00  ,0.000000000000e+00  ,0.000000000000e+00  ,0.000000000000e+00  ,0.000000000000e+00  ,0.000000000000e+00  ,0.000000000000e+00  ,0.000000000000e+00  ,0.000000000000e+00  ,0.000000000000e+00  ,0.000000000000e+00  ,0.000000000000e+00  ,0.000000000000e+00  ,0.000000000000e+00  ,0.000000000000e+00  ,0.000000000000e+00  ,0.000000000000e+00  ,0.000000000000e+00  ,0.000000000000e+00  ,0.000000000000e+00  ,0.000000000000e+00  ,0.000000000000e+00  ,0.000000000000e+00  ,0.000000000000e+00  ,0.000000000000e+00  ,0.000000000000e+00  ,0.000000000000e+00  ,0.000000000000e+00  ,0.000000000000e+00  ,0.000000000000e+00  ,0.000000000000e+00  ,0.000000000000e+00  ,0.000000000000e+00  ,0.000000000000e+00  ,0.000000000000e+00  ,0.000000000000e+00  ,0.000000000000e+00  ,0.000000000000e+00  ,0.000000000000e+00  ,0.000000000000e+00  ,0.000000000000e+00  ,0.000000000000e+00  ,0.000000000000e+00  ,0.000000000000e+00  ,0.000000000000e+00  ,0.000000000000e+00  ,0.000000000000e+00  ,0.000000000000e+00  ,0.000000000000e+00  ,0.000000000000e+00  ,0.000000000000e+00  ,0.000000000000e+00  ,0.000000000000e+00  ,0.000000000000e+00  ,0.000000000000e+00  ,0.000000000000e+00  ,0.000000000000e+00  ,0.000000000000e+00  ,0.000000000000e+00  ,0.000000000000e+00  ,0.000000000000e+00  ,0.000000000000e+00  ,0.000000000000e+00  ,0.000000000000e+00  ,0.000000000000e+00  ,0.000000000000e+00  ,0.000000000000e+00  ,0.000000000000e+00  ,0.000000000000e+00  ,0.000000000000e+00  ,0.000000000000e+00  ,0.000000000000e+00  ,0.000000000000e+00  ,0.000000000000e+00  ,0.000000000000e+00  ,0.000000000000e+00  ,0.000000000000e+00  ,0.000000000000e+00  ,0.000000000000e+00  ,0.000000000000e+00  ,0.000000000000e+00  ,0.000000000000e+00  ,0.000000000000e+00  ,0.000000000000e+00  ,0.000000000000e+00  ,0.000000000000e+00  ,0.000000000000e+00  ,0.000000000000e+00  ,0.000000000000e+00  ,0.000000000000e+00  ,0.000000000000e+00  ,0.000000000000e+00  ,0.000000000000e+00  ,0.000000000000e+00  ,0.000000000000e+00  ,0.000000000000e+00  ,0.000000000000e+00  ,0.000000000000e+00  ,0.000000000000e+00  ,0.000000000000e+00  ,0.000000000000e+00  ,0.000000000000e+00  
  2.000000000000e-05  ,1.502562835694e-02  ,0.000000000000e+00  ,0.000000000000e+00  ,0.000000000000e+00  ,0.000000000000e+00  ,0.000000000000e+00  ,0.000000000000e+00  ,0.000000000000e+00  ,0.000000000000e+00  ,0.000000000000e+00  ,0.000000000000e+00  ,0.000000000000e+00  ,0.000000000000e+00  ,0.000000000000e+00  ,0.000000000000e+00  ,0.000000000000e+00  ,0.000000000000e+00  ,0.000000000000e+00  ,0.000000000000e+00  ,0.000000000000e+00  ,0.000000000000e+00  ,0.000000000000e+00  ,0.000000000000e+00  ,0.000000000000e+00  ,0.000000000000e+00  ,0.000000000000e+00  ,0.000000000000e+00  ,0.000000000000e+00  ,0.000000000000e+00  ,0.000000000000e+00  ,0.000000000000e+00  ,0.000000000000e+00  ,0.000000000000e+00  ,0.000000000000e+00  ,0.000000000000e+00  ,0.000000000000e+00  ,0.000000000000e+00  ,0.000000000000e+00  ,0.000000000000e+00  ,0.000000000000e+00  ,0.000000000000e+00  ,0.000000000000e+00  ,0.000000000000e+00  ,0.000000000000e+00  ,0.000000000000e+00  ,0.000000000000e+00  ,0.000000000000e+00  ,0.000000000000e+00  ,0.000000000000e+00  ,0.000000000000e+00  ,0.000000000000e+00  ,0.000000000000e+00  ,0.000000000000e+00  ,0.000000000000e+00  ,0.000000000000e+00  ,0.000000000000e+00  ,0.000000000000e+00  ,0.000000000000e+00  ,0.000000000000e+00  ,0.000000000000e+00  ,0.000000000000e+00  ,0.000000000000e+00  ,0.000000000000e+00  ,0.000000000000e+00  ,0.000000000000e+00  ,0.000000000000e+00  ,0.000000000000e+00  ,0.000000000000e+00  ,0.000000000000e+00  ,0.000000000000e+00  ,0.000000000000e+00  ,0.000000000000e+00  ,0.000000000000e+00  ,0.000000000000e+00  ,0.000000000000e+00  ,0.000000000000e+00  ,0.000000000000e+00  ,0.000000000000e+00  ,0.000000000000e+00  ,0.000000000000e+00  ,0.000000000000e+00  ,0.000000000000e+00  ,0.000000000000e+00  ,0.000000000000e+00  ,0.000000000000e+00  ,0.000000000000e+00  ,0.000000000000e+00  ,0.000000000000e+00  ,0.000000000000e+00  ,0.000000000000e+00  ,0.000000000000e+00  ,0.000000000000e+00  ,0.000000000000e+00  ,0.000000000000e+00  ,0.000000000000e+00  ,0.000000000000e+00  ,0.000000000000e+00  ,0.000000000000e+00  ,0.000000000000e+00  ,0.000000000000e+00  ,0.000000000000e+00  ,0.000000000000e+00  ,0.000000000000e+00  ,0.000000000000e+00  ,0.000000000000e+00  ,0.000000000000e+00  ,0.000000000000e+00  ,0.000000000000e+00  ,0.000000000000e+00  ,0.000000000000e+00  ,0.000000000000e+00  ,0.000000000000e+00  ,0.000000000000e+00  ,0.000000000000e+00  ,0.000000000000e+00  ,0.000000000000e+00  ,0.000000000000e+00  ,0.000000000000e+00  ,0.000000000000e+00  ,0.000000000000e+00  ,0.000000000000e+00  ,0.000000000000e+00  ,0.000000000000e+00  ,0.000000000000e+00  ,0.000000000000e+00  ,0.000000000000e+00  ,0.000000000000e+00  ,0.000000000000e+00  ,0.000000000000e+00  ,0.000000000000e+00  ,0.000000000000e+00  ,0.000000000000e+00  ,0.000000000000e+00  ,0.000000000000e+00  ,0.000000000000e+00  ,0.000000000000e+00  ,0.000000000000e+00  ,0.000000000000e+00  ,0.000000000000e+00  ,0.000000000000e+00  ,0.000000000000e+00  ,0.000000000000e+00  ,0.000000000000e+00  ,0.000000000000e+00  ,0.000000000000e+00  ,0.000000000000e+00  ,0.000000000000e+00  ,0.000000000000e+00  ,0.000000000000e+00  ,0.000000000000e+00  ,0.000000000000e+00  ,0.000000000000e+00  ,0.000000000000e+00  ,0.000000000000e+00  
  2.100000000000e-05  ,1.537424583087e-02  ,0.000000000000e+00  ,0.000000000000e+00  ,0.000000000000e+00  ,0.000000000000e+00  ,0.000000000000e+00  ,0.000000000000e+00  ,0.000000000000e+00  ,0.000000000000e+00  ,0.000000000000e+00  ,0.000000000000e+00  ,0.000000000000e+00  ,0.000000000000e+00  ,0.000000000000e+00  ,0.000000000000e+00  ,0.000000000000e+00  ,0.000000000000e+00  ,0.000000000000e+00  ,0.000000000000e+00  ,0.000000000000e+00  ,0.000000000000e+00  ,0.000000000000e+00  ,0.000000000000e+00  ,0.000000000000e+00  ,0.000000000000e+00  ,0.000000000000e+00  ,0.000000000000e+00  ,0.000000000000e+00  ,0.000000000000e+00  ,0.000000000000e+00  ,0.000000000000e+00  ,0.000000000000e+00  ,0.000000000000e+00  ,0.000000000000e+00  ,0.000000000000e+00  ,0.000000000000e+00  ,0.000000000000e+00  ,0.000000000000e+00  ,0.000000000000e+00  ,0.000000000000e+00  ,0.000000000000e+00  ,0.000000000000e+00  ,0.000000000000e+00  ,0.000000000000e+00  ,0.000000000000e+00  ,0.000000000000e+00  ,0.000000000000e+00  ,0.000000000000e+00  ,0.000000000000e+00  ,0.000000000000e+00  ,0.000000000000e+00  ,0.000000000000e+00  ,0.000000000000e+00  ,0.000000000000e+00  ,0.000000000000e+00  ,0.000000000000e+00  ,0.000000000000e+00  ,0.000000000000e+00  ,0.000000000000e+00  ,0.000000000000e+00  ,0.000000000000e+00  ,0.000000000000e+00  ,0.000000000000e+00  ,0.000000000000e+00  ,0.000000000000e+00  ,0.000000000000e+00  ,0.000000000000e+00  ,0.000000000000e+00  ,0.000000000000e+00  ,0.000000000000e+00  ,0.000000000000e+00  ,0.000000000000e+00  ,0.000000000000e+00  ,0.000000000000e+00  ,0.000000000000e+00  ,0.000000000000e+00  ,0.000000000000e+00  ,0.000000000000e+00  ,0.000000000000e+00  ,0.000000000000e+00  ,0.000000000000e+00  ,0.000000000000e+00  ,0.000000000000e+00  ,0.000000000000e+00  ,0.000000000000e+00  ,0.000000000000e+00  ,0.000000000000e+00  ,0.000000000000e+00  ,0.000000000000e+00  ,0.000000000000e+00  ,0.000000000000e+00  ,0.000000000000e+00  ,0.000000000000e+00  ,0.000000000000e+00  ,0.000000000000e+00  ,0.000000000000e+00  ,0.000000000000e+00  ,0.000000000000e+00  ,0.000000000000e+00  ,0.000000000000e+00  ,0.000000000000e+00  ,0.000000000000e+00  ,0.000000000000e+00  ,0.000000000000e+00  ,0.000000000000e+00  ,0.000000000000e+00  ,0.000000000000e+00  ,0.000000000000e+00  ,0.000000000000e+00  ,0.000000000000e+00  ,0.000000000000e+00  ,0.000000000000e+00  ,0.000000000000e+00  ,0.000000000000e+00  ,0.000000000000e+00  ,0.000000000000e+00  ,0.000000000000e+00  ,0.000000000000e+00  ,0.000000000000e+00  ,0.000000000000e+00  ,0.000000000000e+00  ,0.000000000000e+00  ,0.000000000000e+00  ,0.000000000000e+00  ,0.000000000000e+00  ,0.000000000000e+00  ,0.000000000000e+00  ,0.000000000000e+00  ,0.000000000000e+00  ,0.000000000000e+00  ,0.000000000000e+00  ,0.000000000000e+00  ,0.000000000000e+00  ,0.000000000000e+00  ,0.000000000000e+00  ,0.000000000000e+00  ,0.000000000000e+00  ,0.000000000000e+00  ,0.000000000000e+00  ,0.000000000000e+00  ,0.000000000000e+00  ,0.000000000000e+00  ,0.000000000000e+00  ,0.000000000000e+00  ,0.000000000000e+00  ,0.000000000000e+00  ,0.000000000000e+00  ,0.000000000000e+00  ,0.000000000000e+00  ,0.000000000000e+00  ,0.000000000000e+00  ,0.000000000000e+00  ,0.000000000000e+00  ,0.000000000000e+00  
  2.200000000000e-05  ,1.571513163214e-02  ,0.000000000000e+00  ,0.000000000000e+00  ,0.000000000000e+00  ,0.000000000000e+00  ,0.000000000000e+00  ,0.000000000000e+00  ,0.000000000000e+00  ,0.000000000000e+00  ,0.000000000000e+00  ,0.000000000000e+00  ,0.000000000000e+00  ,0.000000000000e+00  ,0.000000000000e+00  ,0.000000000000e+00  ,0.000000000000e+00  ,0.000000000000e+00  ,0.000000000000e+00  ,0.000000000000e+00  ,0.000000000000e+00  ,0.000000000000e+00  ,0.000000000000e+00  ,0.000000000000e+00  ,0.000000000000e+00  ,0.000000000000e+00  ,0.000000000000e+00  ,0.000000000000e+00  ,0.000000000000e+00  ,0.000000000000e+00  ,0.000000000000e+00  ,0.000000000000e+00  ,0.000000000000e+00  ,0.000000000000e+00  ,0.000000000000e+00  ,0.000000000000e+00  ,0.000000000000e+00  ,0.000000000000e+00  ,0.000000000000e+00  ,0.000000000000e+00  ,0.000000000000e+00  ,0.000000000000e+00  ,0.000000000000e+00  ,0.000000000000e+00  ,0.000000000000e+00  ,0.000000000000e+00  ,0.000000000000e+00  ,0.000000000000e+00  ,0.000000000000e+00  ,0.000000000000e+00  ,0.000000000000e+00  ,0.000000000000e+00  ,0.000000000000e+00  ,0.000000000000e+00  ,0.000000000000e+00  ,0.000000000000e+00  ,0.000000000000e+00  ,0.000000000000e+00  ,0.000000000000e+00  ,0.000000000000e+00  ,0.000000000000e+00  ,0.000000000000e+00  ,0.000000000000e+00  ,0.000000000000e+00  ,0.000000000000e+00  ,0.000000000000e+00  ,0.000000000000e+00  ,0.000000000000e+00  ,0.000000000000e+00  ,0.000000000000e+00  ,0.000000000000e+00  ,0.000000000000e+00  ,0.000000000000e+00  ,0.000000000000e+00  ,0.000000000000e+00  ,0.000000000000e+00  ,0.000000000000e+00  ,0.000000000000e+00  ,0.000000000000e+00  ,0.000000000000e+00  ,0.000000000000e+00  ,0.000000000000e+00  ,0.000000000000e+00  ,0.000000000000e+00  ,0.000000000000e+00  ,0.000000000000e+00  ,0.000000000000e+00  ,0.000000000000e+00  ,0.000000000000e+00  ,0.000000000000e+00  ,0.000000000000e+00  ,0.000000000000e+00  ,0.000000000000e+00  ,0.000000000000e+00  ,0.000000000000e+00  ,0.000000000000e+00  ,0.000000000000e+00  ,0.000000000000e+00  ,0.000000000000e+00  ,0.000000000000e+00  ,0.000000000000e+00  ,0.000000000000e+00  ,0.000000000000e+00  ,0.000000000000e+00  ,0.000000000000e+00  ,0.000000000000e+00  ,0.000000000000e+00  ,0.000000000000e+00  ,0.000000000000e+00  ,0.000000000000e+00  ,0.000000000000e+00  ,0.000000000000e+00  ,0.000000000000e+00  ,0.000000000000e+00  ,0.000000000000e+00  ,0.000000000000e+00  ,0.000000000000e+00  ,0.000000000000e+00  ,0.000000000000e+00  ,0.000000000000e+00  ,0.000000000000e+00  ,0.000000000000e+00  ,0.000000000000e+00  ,0.000000000000e+00  ,0.000000000000e+00  ,0.000000000000e+00  ,0.000000000000e+00  ,0.000000000000e+00  ,0.000000000000e+00  ,0.000000000000e+00  ,0.000000000000e+00  ,0.000000000000e+00  ,0.000000000000e+00  ,0.000000000000e+00  ,0.000000000000e+00  ,0.000000000000e+00  ,0.000000000000e+00  ,0.000000000000e+00  ,0.000000000000e+00  ,0.000000000000e+00  ,0.000000000000e+00  ,0.000000000000e+00  ,0.000000000000e+00  ,0.000000000000e+00  ,0.000000000000e+00  ,0.000000000000e+00  ,0.000000000000e+00  ,0.000000000000e+00  ,0.000000000000e+00  ,0.000000000000e+00  ,0.000000000000e+00  ,0.000000000000e+00  ,0.000000000000e+00  ,0.000000000000e+00  ,0.000000000000e+00  
  2.300000000000e-05  ,1.604877844457e-02  ,0.000000000000e+00  ,0.000000000000e+00  ,0.000000000000e+00  ,0.000000000000e+00  ,0.000000000000e+00  ,0.000000000000e+00  ,0.000000000000e+00  ,0.000000000000e+00  ,0.000000000000e+00  ,0.000000000000e+00  ,0.000000000000e+00  ,0.000000000000e+00  ,0.000000000000e+00  ,0.000000000000e+00  ,0.000000000000e+00  ,0.000000000000e+00  ,0.000000000000e+00  ,0.000000000000e+00  ,0.000000000000e+00  ,0.000000000000e+00  ,0.000000000000e+00  ,0.000000000000e+00  ,0.000000000000e+00  ,0.000000000000e+00  ,0.000000000000e+00  ,0.000000000000e+00  ,0.000000000000e+00  ,0.000000000000e+00  ,0.000000000000e+00  ,0.000000000000e+00  ,0.000000000000e+00  ,0.000000000000e+00  ,0.000000000000e+00  ,0.000000000000e+00  ,0.000000000000e+00  ,0.000000000000e+00  ,0.000000000000e+00  ,0.000000000000e+00  ,0.000000000000e+00  ,0.000000000000e+00  ,0.000000000000e+00  ,0.000000000000e+00  ,0.000000000000e+00  ,0.000000000000e+00  ,0.000000000000e+00  ,0.000000000000e+00  ,0.000000000000e+00  ,0.000000000000e+00  ,0.000000000000e+00  ,0.000000000000e+00  ,0.000000000000e+00  ,0.000000000000e+00  ,0.000000000000e+00  ,0.000000000000e+00  ,0.000000000000e+00  ,0.000000000000e+00  ,0.000000000000e+00  ,0.000000000000e+00  ,0.000000000000e+00  ,0.000000000000e+00  ,0.000000000000e+00  ,0.000000000000e+00  ,0.000000000000e+00  ,0.000000000000e+00  ,0.000000000000e+00  ,0.000000000000e+00  ,0.000000000000e+00  ,0.000000000000e+00  ,0.000000000000e+00  ,0.000000000000e+00  ,0.000000000000e+00  ,0.000000000000e+00  ,0.000000000000e+00  ,0.000000000000e+00  ,0.000000000000e+00  ,0.000000000000e+00  ,0.000000000000e+00  ,0.000000000000e+00  ,0.000000000000e+00  ,0.000000000000e+00  ,0.000000000000e+00  ,0.000000000000e+00  ,0.000000000000e+00  ,0.000000000000e+00  ,0.000000000000e+00  ,0.000000000000e+00  ,0.000000000000e+00  ,0.000000000000e+00  ,0.000000000000e+00  ,0.000000000000e+00  ,0.000000000000e+00  ,0.000000000000e+00  ,0.000000000000e+00  ,0.000000000000e+00  ,0.000000000000e+00  ,0.000000000000e+00  ,0.000000000000e+00  ,0.000000000000e+00  ,0.000000000000e+00  ,0.000000000000e+00  ,0.000000000000e+00  ,0.000000000000e+00  ,0.000000000000e+00  ,0.000000000000e+00  ,0.000000000000e+00  ,0.000000000000e+00  ,0.000000000000e+00  ,0.000000000000e+00  ,0.000000000000e+00  ,0.000000000000e+00  ,0.000000000000e+00  ,0.000000000000e+00  ,0.000000000000e+00  ,0.000000000000e+00  ,0.000000000000e+00  ,0.000000000000e+00  ,0.000000000000e+00  ,0.000000000000e+00  ,0.000000000000e+00  ,0.000000000000e+00  ,0.000000000000e+00  ,0.000000000000e+00  ,0.000000000000e+00  ,0.000000000000e+00  ,0.000000000000e+00  ,0.000000000000e+00  ,0.000000000000e+00  ,0.000000000000e+00  ,0.000000000000e+00  ,0.000000000000e+00  ,0.000000000000e+00  ,0.000000000000e+00  ,0.000000000000e+00  ,0.000000000000e+00  ,0.000000000000e+00  ,0.000000000000e+00  ,0.000000000000e+00  ,0.000000000000e+00  ,0.000000000000e+00  ,0.000000000000e+00  ,0.000000000000e+00  ,0.000000000000e+00  ,0.000000000000e+00  ,0.000000000000e+00  ,0.000000000000e+00  ,0.000000000000e+00  ,0.000000000000e+00  ,0.000000000000e+00  ,0.000000000000e+00  ,0.000000000000e+00  ,0.000000000000e+00  ,0.000000000000e+00  ,0.000000000000e+00  
  2.400000000000e-05  ,1.637562874856e-02  ,0.000000000000e+00  ,0.000000000000e+00  ,0.000000000000e+00  ,0.000000000000e+00  ,0.000000000000e+00  ,0.000000000000e+00  ,0.000000000000e+00  ,0.000000000000e+00  ,0.000000000000e+00  ,0.000000000000e+00  ,0.000000000000e+00  ,0.000000000000e+00  ,0.000000000000e+00  ,0.000000000000e+00  ,0.000000000000e+00  ,0.000000000000e+00  ,0.000000000000e+00  ,0.000000000000e+00  ,0.000000000000e+00  ,0.000000000000e+00  ,0.000000000000e+00  ,0.000000000000e+00  ,0.000000000000e+00  ,0.000000000000e+00  ,0.000000000000e+00  ,0.000000000000e+00  ,0.000000000000e+00  ,0.000000000000e+00  ,0.000000000000e+00  ,0.000000000000e+00  ,0.000000000000e+00  ,0.000000000000e+00  ,0.000000000000e+00  ,0.000000000000e+00  ,0.000000000000e+00  ,0.000000000000e+00  ,0.000000000000e+00  ,0.000000000000e+00  ,0.000000000000e+00  ,0.000000000000e+00  ,0.000000000000e+00  ,0.000000000000e+00  ,0.000000000000e+00  ,0.000000000000e+00  ,0.000000000000e+00  ,0.000000000000e+00  ,0.000000000000e+00  ,0.000000000000e+00  ,0.000000000000e+00  ,0.000000000000e+00  ,0.000000000000e+00  ,0.000000000000e+00  ,0.000000000000e+00  ,0.000000000000e+00  ,0.000000000000e+00  ,0.000000000000e+00  ,0.000000000000e+00  ,0.000000000000e+00  ,0.000000000000e+00  ,0.000000000000e+00  ,0.000000000000e+00  ,0.000000000000e+00  ,0.000000000000e+00  ,0.000000000000e+00  ,0.000000000000e+00  ,0.000000000000e+00  ,0.000000000000e+00  ,0.000000000000e+00  ,0.000000000000e+00  ,0.000000000000e+00  ,0.000000000000e+00  ,0.000000000000e+00  ,0.000000000000e+00  ,0.000000000000e+00  ,0.000000000000e+00  ,0.000000000000e+00  ,0.000000000000e+00  ,0.000000000000e+00  ,0.000000000000e+00  ,0.000000000000e+00  ,0.000000000000e+00  ,0.000000000000e+00  ,0.000000000000e+00  ,0.000000000000e+00  ,0.000000000000e+00  ,0.000000000000e+00  ,0.000000000000e+00  ,0.000000000000e+00  ,0.000000000000e+00  ,0.000000000000e+00  ,0.000000000000e+00  ,0.000000000000e+00  ,0.000000000000e+00  ,0.000000000000e+00  ,0.000000000000e+00  ,0.000000000000e+00  ,0.000000000000e+00  ,0.000000000000e+00  ,0.000000000000e+00  ,0.000000000000e+00  ,0.000000000000e+00  ,0.000000000000e+00  ,0.000000000000e+00  ,0.000000000000e+00  ,0.000000000000e+00  ,0.000000000000e+00  ,0.000000000000e+00  ,0.000000000000e+00  ,0.000000000000e+00  ,0.000000000000e+00  ,0.000000000000e+00  ,0.000000000000e+00  ,0.000000000000e+00  ,0.000000000000e+00  ,0.000000000000e+00  ,0.000000000000e+00  ,0.000000000000e+00  ,0.000000000000e+00  ,0.000000000000e+00  ,0.000000000000e+00  ,0.000000000000e+00  ,0.000000000000e+00  ,0.000000000000e+00  ,0.000000000000e+00  ,0.000000000000e+00  ,0.000000000000e+00  ,0.000000000000e+00  ,0.000000000000e+00  ,0.000000000000e+00  ,0.000000000000e+00  ,0.000000000000e+00  ,0.000000000000e+00  ,0.000000000000e+00  ,0.000000000000e+00  ,0.000000000000e+00  ,0.000000000000e+00  ,0.000000000000e+00  ,0.000000000000e+00  ,0.000000000000e+00  ,0.000000000000e+00  ,0.000000000000e+00  ,0.000000000000e+00  ,0.000000000000e+00  ,0.000000000000e+00  ,0.000000000000e+00  ,0.000000000000e+00  ,0.000000000000e+00  ,0.000000000000e+00  ,0.000000000000e+00  ,0.000000000000e+00  ,0.000000000000e+00  ,0.000000000000e+00  ,0.000000000000e+00  
  2.500000000000e-05  ,1.669608170374e-02  ,0.000000000000e+00  ,0.000000000000e+00  ,0.000000000000e+00  ,0.000000000000e+00  ,0.000000000000e+00  ,0.000000000000e+00  ,0.000000000000e+00  ,0.000000000000e+00  ,0.000000000000e+00  ,0.000000000000e+00  ,0.000000000000e+00  ,0.000000000000e+00  ,0.000000000000e+00  ,0.000000000000e+00  ,0.000000000000e+00  ,0.000000000000e+00  ,0.000000000000e+00  ,0.000000000000e+00  ,0.000000000000e+00  ,0.000000000000e+00  ,0.000000000000e+00  ,0.000000000000e+00  ,0.000000000000e+00  ,0.000000000000e+00  ,0.000000000000e+00  ,0.000000000000e+00  ,0.000000000000e+00  ,0.000000000000e+00  ,0.000000000000e+00  ,0.000000000000e+00  ,0.000000000000e+00  ,0.000000000000e+00  ,0.000000000000e+00  ,0.000000000000e+00  ,0.000000000000e+00  ,0.000000000000e+00  ,0.000000000000e+00  ,0.000000000000e+00  ,0.000000000000e+00  ,0.000000000000e+00  ,0.000000000000e+00  ,0.000000000000e+00  ,0.000000000000e+00  ,0.000000000000e+00  ,0.000000000000e+00  ,0.000000000000e+00  ,0.000000000000e+00  ,0.000000000000e+00  ,0.000000000000e+00  ,0.000000000000e+00  ,0.000000000000e+00  ,0.000000000000e+00  ,0.000000000000e+00  ,0.000000000000e+00  ,0.000000000000e+00  ,0.000000000000e+00  ,0.000000000000e+00  ,0.000000000000e+00  ,0.000000000000e+00  ,0.000000000000e+00  ,0.000000000000e+00  ,0.000000000000e+00  ,0.000000000000e+00  ,0.000000000000e+00  ,0.000000000000e+00  ,0.000000000000e+00  ,0.000000000000e+00  ,0.000000000000e+00  ,0.000000000000e+00  ,0.000000000000e+00  ,0.000000000000e+00  ,0.000000000000e+00  ,0.000000000000e+00  ,0.000000000000e+00  ,0.000000000000e+00  ,0.000000000000e+00  ,0.000000000000e+00  ,0.000000000000e+00  ,0.000000000000e+00  ,0.000000000000e+00  ,0.000000000000e+00  ,0.000000000000e+00  ,0.000000000000e+00  ,0.000000000000e+00  ,0.000000000000e+00  ,0.000000000000e+00  ,0.000000000000e+00  ,0.000000000000e+00  ,0.000000000000e+00  ,0.000000000000e+00  ,0.000000000000e+00  ,0.000000000000e+00  ,0.000000000000e+00  ,0.000000000000e+00  ,0.000000000000e+00  ,0.000000000000e+00  ,0.000000000000e+00  ,0.000000000000e+00  ,0.000000000000e+00  ,0.000000000000e+00  ,0.000000000000e+00  ,0.000000000000e+00  ,0.000000000000e+00  ,0.000000000000e+00  ,0.000000000000e+00  ,0.000000000000e+00  ,0.000000000000e+00  ,0.000000000000e+00  ,0.000000000000e+00  ,0.000000000000e+00  ,0.000000000000e+00  ,0.000000000000e+00  ,0.000000000000e+00  ,0.000000000000e+00  ,0.000000000000e+00  ,0.000000000000e+00  ,0.000000000000e+00  ,0.000000000000e+00  ,0.000000000000e+00  ,0.000000000000e+00  ,0.000000000000e+00  ,0.000000000000e+00  ,0.000000000000e+00  ,0.000000000000e+00  ,0.000000000000e+00  ,0.000000000000e+00  ,0.000000000000e+00  ,0.000000000000e+00  ,0.000000000000e+00  ,0.000000000000e+00  ,0.000000000000e+00  ,0.000000000000e+00  ,0.000000000000e+00  ,0.000000000000e+00  ,0.000000000000e+00  ,0.000000000000e+00  ,0.000000000000e+00  ,0.000000000000e+00  ,0.000000000000e+00  ,0.000000000000e+00  ,0.000000000000e+00  ,0.000000000000e+00  ,0.000000000000e+00  ,0.000000000000e+00  ,0.000000000000e+00  ,0.000000000000e+00  ,0.000000000000e+00  ,0.000000000000e+00  ,0.000000000000e+00  ,0.000000000000e+00  ,0.000000000000e+00  ,0.000000000000e+00  ,0.000000000000e+00  
  2.600000000000e-05  ,1.701049886410e-02  ,0.000000000000e+00  ,0.000000000000e+00  ,0.000000000000e+00  ,0.000000000000e+00  ,0.000000000000e+00  ,0.000000000000e+00  ,0.000000000000e+00  ,0.000000000000e+00  ,0.000000000000e+00  ,0.000000000000e+00  ,0.000000000000e+00  ,0.000000000000e+00  ,0.000000000000e+00  ,0.000000000000e+00  ,0.000000000000e+00  ,0.000000000000e+00  ,0.000000000000e+00  ,0.000000000000e+00  ,0.000000000000e+00  ,0.000000000000e+00  ,0.000000000000e+00  ,0.000000000000e+00  ,0.000000000000e+00  ,0.000000000000e+00  ,0.000000000000e+00  ,0.000000000000e+00  ,0.000000000000e+00  ,0.000000000000e+00  ,0.000000000000e+00  ,0.000000000000e+00  ,0.000000000000e+00  ,0.000000000000e+00  ,0.000000000000e+00  ,0.000000000000e+00  ,0.000000000000e+00  ,0.000000000000e+00  ,0.000000000000e+00  ,0.000000000000e+00  ,0.000000000000e+00  ,0.000000000000e+00  ,0.000000000000e+00  ,0.000000000000e+00  ,0.000000000000e+00  ,0.000000000000e+00  ,0.000000000000e+00  ,0.000000000000e+00  ,0.000000000000e+00  ,0.000000000000e+00  ,0.000000000000e+00  ,0.000000000000e+00  ,0.000000000000e+00  ,0.000000000000e+00  ,0.000000000000e+00  ,0.000000000000e+00  ,0.000000000000e+00  ,0.000000000000e+00  ,0.000000000000e+00  ,0.000000000000e+00  ,0.000000000000e+00  ,0.000000000000e+00  ,0.000000000000e+00  ,0.000000000000e+00  ,0.000000000000e+00  ,0.000000000000e+00  ,0.000000000000e+00  ,0.000000000000e+00  ,0.000000000000e+00  ,0.000000000000e+00  ,0.000000000000e+00  ,0.000000000000e+00  ,0.000000000000e+00  ,0.000000000000e+00  ,0.000000000000e+00  ,0.000000000000e+00  ,0.000000000000e+00  ,0.000000000000e+00  ,0.000000000000e+00  ,0.000000000000e+00  ,0.000000000000e+00  ,0.000000000000e+00  ,0.000000000000e+00  ,0.000000000000e+00  ,0.000000000000e+00  ,0.000000000000e+00  ,0.000000000000e+00  ,0.000000000000e+00  ,0.000000000000e+00  ,0.000000000000e+00  ,0.000000000000e+00  ,0.000000000000e+00  ,0.000000000000e+00  ,0.000000000000e+00  ,0.000000000000e+00  ,0.000000000000e+00  ,0.000000000000e+00  ,0.000000000000e+00  ,0.000000000000e+00  ,0.000000000000e+00  ,0.000000000000e+00  ,0.000000000000e+00  ,0.000000000000e+00  ,0.000000000000e+00  ,0.000000000000e+00  ,0.000000000000e+00  ,0.000000000000e+00  ,0.000000000000e+00  ,0.000000000000e+00  ,0.000000000000e+00  ,0.000000000000e+00  ,0.000000000000e+00  ,0.000000000000e+00  ,0.000000000000e+00  ,0.000000000000e+00  ,0.000000000000e+00  ,0.000000000000e+00  ,0.000000000000e+00  ,0.000000000000e+00  ,0.000000000000e+00  ,0.000000000000e+00  ,0.000000000000e+00  ,0.000000000000e+00  ,0.000000000000e+00  ,0.000000000000e+00  ,0.000000000000e+00  ,0.000000000000e+00  ,0.000000000000e+00  ,0.000000000000e+00  ,0.000000000000e+00  ,0.000000000000e+00  ,0.000000000000e+00  ,0.000000000000e+00  ,0.000000000000e+00  ,0.000000000000e+00  ,0.000000000000e+00  ,0.000000000000e+00  ,0.000000000000e+00  ,0.000000000000e+00  ,0.000000000000e+00  ,0.000000000000e+00  ,0.000000000000e+00  ,0.000000000000e+00  ,0.000000000000e+00  ,0.000000000000e+00  ,0.000000000000e+00  ,0.000000000000e+00  ,0.000000000000e+00  ,0.000000000000e+00  ,0.000000000000e+00  ,0.000000000000e+00  ,0.000000000000e+00  ,0.000000000000e+00  ,0.000000000000e+00  ,0.000000000000e+00  
  2.700000000000e-05  ,1.731920895863e-02  ,0.000000000000e+00  ,0.000000000000e+00  ,0.000000000000e+00  ,0.000000000000e+00  ,0.000000000000e+00  ,0.000000000000e+00  ,0.000000000000e+00  ,0.000000000000e+00  ,0.000000000000e+00  ,0.000000000000e+00  ,0.000000000000e+00  ,0.000000000000e+00  ,0.000000000000e+00  ,0.000000000000e+00  ,0.000000000000e+00  ,0.000000000000e+00  ,0.000000000000e+00  ,0.000000000000e+00  ,0.000000000000e+00  ,0.000000000000e+00  ,0.000000000000e+00  ,0.000000000000e+00  ,0.000000000000e+00  ,0.000000000000e+00  ,0.000000000000e+00  ,0.000000000000e+00  ,0.000000000000e+00  ,0.000000000000e+00  ,0.000000000000e+00  ,0.000000000000e+00  ,0.000000000000e+00  ,0.000000000000e+00  ,0.000000000000e+00  ,0.000000000000e+00  ,0.000000000000e+00  ,0.000000000000e+00  ,0.000000000000e+00  ,0.000000000000e+00  ,0.000000000000e+00  ,0.000000000000e+00  ,0.000000000000e+00  ,0.000000000000e+00  ,0.000000000000e+00  ,0.000000000000e+00  ,0.000000000000e+00  ,0.000000000000e+00  ,0.000000000000e+00  ,0.000000000000e+00  ,0.000000000000e+00  ,0.000000000000e+00  ,0.000000000000e+00  ,0.000000000000e+00  ,0.000000000000e+00  ,0.000000000000e+00  ,0.000000000000e+00  ,0.000000000000e+00  ,0.000000000000e+00  ,0.000000000000e+00  ,0.000000000000e+00  ,0.000000000000e+00  ,0.000000000000e+00  ,0.000000000000e+00  ,0.000000000000e+00  ,0.000000000000e+00  ,0.000000000000e+00  ,0.000000000000e+00  ,0.000000000000e+00  ,0.000000000000e+00  ,0.000000000000e+00  ,0.000000000000e+00  ,0.000000000000e+00  ,0.000000000000e+00  ,0.000000000000e+00  ,0.000000000000e+00  ,0.000000000000e+00  ,0.000000000000e+00  ,0.000000000000e+00  ,0.000000000000e+00  ,0.000000000000e+00  ,0.000000000000e+00  ,0.000000000000e+00  ,0.000000000000e+00  ,0.000000000000e+00  ,0.000000000000e+00  ,0.000000000000e+00  ,0.000000000000e+00  ,0.000000000000e+00  ,0.000000000000e+00  ,0.000000000000e+00  ,0.000000000000e+00  ,0.000000000000e+00  ,0.000000000000e+00  ,0.000000000000e+00  ,0.000000000000e+00  ,0.000000000000e+00  ,0.000000000000e+00  ,0.000000000000e+00  ,0.000000000000e+00  ,0.000000000000e+00  ,0.000000000000e+00  ,0.000000000000e+00  ,0.000000000000e+00  ,0.000000000000e+00  ,0.000000000000e+00  ,0.000000000000e+00  ,0.000000000000e+00  ,0.000000000000e+00  ,0.000000000000e+00  ,0.000000000000e+00  ,0.000000000000e+00  ,0.000000000000e+00  ,0.000000000000e+00  ,0.000000000000e+00  ,0.000000000000e+00  ,0.000000000000e+00  ,0.000000000000e+00  ,0.000000000000e+00  ,0.000000000000e+00  ,0.000000000000e+00  ,0.000000000000e+00  ,0.000000000000e+00  ,0.000000000000e+00  ,0.000000000000e+00  ,0.000000000000e+00  ,0.000000000000e+00  ,0.000000000000e+00  ,0.000000000000e+00  ,0.000000000000e+00  ,0.000000000000e+00  ,0.000000000000e+00  ,0.000000000000e+00  ,0.000000000000e+00  ,0.000000000000e+00  ,0.000000000000e+00  ,0.000000000000e+00  ,0.000000000000e+00  ,0.000000000000e+00  ,0.000000000000e+00  ,0.000000000000e+00  ,0.000000000000e+00  ,0.000000000000e+00  ,0.000000000000e+00  ,0.000000000000e+00  ,0.000000000000e+00  ,0.000000000000e+00  ,0.000000000000e+00  ,0.000000000000e+00  ,0.000000000000e+00  ,0.000000000000e+00  ,0.000000000000e+00  ,0.000000000000e+00  ,0.000000000000e+00  ,0.000000000000e+00  
  2.800000000000e-05  ,1.762251191801e-02  ,0.000000000000e+00  ,0.000000000000e+00  ,0.000000000000e+00  ,0.000000000000e+00  ,0.000000000000e+00  ,0.000000000000e+00  ,0.000000000000e+00  ,0.000000000000e+00  ,0.000000000000e+00  ,0.000000000000e+00  ,0.000000000000e+00  ,0.000000000000e+00  ,0.000000000000e+00  ,0.000000000000e+00  ,0.000000000000e+00  ,0.000000000000e+00  ,0.000000000000e+00  ,0.000000000000e+00  ,0.000000000000e+00  ,0.000000000000e+00  ,0.000000000000e+00  ,0.000000000000e+00  ,0.000000000000e+00  ,0.000000000000e+00  ,0.000000000000e+00  ,0.000000000000e+00  ,0.000000000000e+00  ,0.000000000000e+00  ,0.000000000000e+00  ,0.000000000000e+00  ,0.000000000000e+00  ,0.000000000000e+00  ,0.000000000000e+00  ,0.000000000000e+00  ,0.000000000000e+00  ,0.000000000000e+00  ,0.000000000000e+00  ,0.000000000000e+00  ,0.000000000000e+00  ,0.000000000000e+00  ,0.000000000000e+00  ,0.000000000000e+00  ,0.000000000000e+00  ,0.000000000000e+00  ,0.000000000000e+00  ,0.000000000000e+00  ,0.000000000000e+00  ,0.000000000000e+00  ,0.000000000000e+00  ,0.000000000000e+00  ,0.000000000000e+00  ,0.000000000000e+00  ,0.000000000000e+00  ,0.000000000000e+00  ,0.000000000000e+00  ,0.000000000000e+00  ,0.000000000000e+00  ,0.000000000000e+00  ,0.000000000000e+00  ,0.000000000000e+00  ,0.000000000000e+00  ,0.000000000000e+00  ,0.000000000000e+00  ,0.000000000000e+00  ,0.000000000000e+00  ,0.000000000000e+00  ,0.000000000000e+00  ,0.000000000000e+00  ,0.000000000000e+00  ,0.000000000000e+00  ,0.000000000000e+00  ,0.000000000000e+00  ,0.000000000000e+00  ,0.000000000000e+00  ,0.000000000000e+00  ,0.000000000000e+00  ,0.000000000000e+00  ,0.000000000000e+00  ,0.000000000000e+00  ,0.000000000000e+00  ,0.000000000000e+00  ,0.000000000000e+00  ,0.000000000000e+00  ,0.000000000000e+00  ,0.000000000000e+00  ,0.000000000000e+00  ,0.000000000000e+00  ,0.000000000000e+00  ,0.000000000000e+00  ,0.000000000000e+00  ,0.000000000000e+00  ,0.000000000000e+00  ,0.000000000000e+00  ,0.000000000000e+00  ,0.000000000000e+00  ,0.000000000000e+00  ,0.000000000000e+00  ,0.000000000000e+00  ,0.000000000000e+00  ,0.000000000000e+00  ,0.000000000000e+00  ,0.000000000000e+00  ,0.000000000000e+00  ,0.000000000000e+00  ,0.000000000000e+00  ,0.000000000000e+00  ,0.000000000000e+00  ,0.000000000000e+00  ,0.000000000000e+00  ,0.000000000000e+00  ,0.000000000000e+00  ,0.000000000000e+00  ,0.000000000000e+00  ,0.000000000000e+00  ,0.000000000000e+00  ,0.000000000000e+00  ,0.000000000000e+00  ,0.000000000000e+00  ,0.000000000000e+00  ,0.000000000000e+00  ,0.000000000000e+00  ,0.000000000000e+00  ,0.000000000000e+00  ,0.000000000000e+00  ,0.000000000000e+00  ,0.000000000000e+00  ,0.000000000000e+00  ,0.000000000000e+00  ,0.000000000000e+00  ,0.000000000000e+00  ,0.000000000000e+00  ,0.000000000000e+00  ,0.000000000000e+00  ,0.000000000000e+00  ,0.000000000000e+00  ,0.000000000000e+00  ,0.000000000000e+00  ,0.000000000000e+00  ,0.000000000000e+00  ,0.000000000000e+00  ,0.000000000000e+00  ,0.000000000000e+00  ,0.000000000000e+00  ,0.000000000000e+00  ,0.000000000000e+00  ,0.000000000000e+00  ,0.000000000000e+00  ,0.000000000000e+00  ,0.000000000000e+00  ,0.000000000000e+00  ,0.000000000000e+00  ,0.000000000000e+00  ,0.000000000000e+00  
  2.900000000000e-05  ,1.792068228745e-02  ,0.000000000000e+00  ,0.000000000000e+00  ,0.000000000000e+00  ,0.000000000000e+00  ,0.000000000000e+00  ,0.000000000000e+00  ,0.000000000000e+00  ,0.000000000000e+00  ,0.000000000000e+00  ,0.000000000000e+00  ,0.000000000000e+00  ,0.000000000000e+00  ,0.000000000000e+00  ,0.000000000000e+00  ,0.000000000000e+00  ,0.000000000000e+00  ,0.000000000000e+00  ,0.000000000000e+00  ,0.000000000000e+00  ,0.000000000000e+00  ,0.000000000000e+00  ,0.000000000000e+00  ,0.000000000000e+00  ,0.000000000000e+00  ,0.000000000000e+00  ,0.000000000000e+00  ,0.000000000000e+00  ,0.000000000000e+00  ,0.000000000000e+00  ,0.000000000000e+00  ,0.000000000000e+00  ,0.000000000000e+00  ,0.000000000000e+00  ,0.000000000000e+00  ,0.000000000000e+00  ,0.000000000000e+00  ,0.000000000000e+00  ,0.000000000000e+00  ,0.000000000000e+00  ,0.000000000000e+00  ,0.000000000000e+00  ,0.000000000000e+00  ,0.000000000000e+00  ,0.000000000000e+00  ,0.000000000000e+00  ,0.000000000000e+00  ,0.000000000000e+00  ,0.000000000000e+00  ,0.000000000000e+00  ,0.000000000000e+00  ,0.000000000000e+00  ,0.000000000000e+00  ,0.000000000000e+00  ,0.000000000000e+00  ,0.000000000000e+00  ,0.000000000000e+00  ,0.000000000000e+00  ,0.000000000000e+00  ,0.000000000000e+00  ,0.000000000000e+00  ,0.000000000000e+00  ,0.000000000000e+00  ,0.000000000000e+00  ,0.000000000000e+00  ,0.000000000000e+00  ,0.000000000000e+00  ,0.000000000000e+00  ,0.000000000000e+00  ,0.000000000000e+00  ,0.000000000000e+00  ,0.000000000000e+00  ,0.000000000000e+00  ,0.000000000000e+00  ,0.000000000000e+00  ,0.000000000000e+00  ,0.000000000000e+00  ,0.000000000000e+00  ,0.000000000000e+00  ,0.000000000000e+00  ,0.000000000000e+00  ,0.000000000000e+00  ,0.000000000000e+00  ,0.000000000000e+00  ,0.000000000000e+00  ,0.000000000000e+00  ,0.000000000000e+00  ,0.000000000000e+00  ,0.000000000000e+00  ,0.000000000000e+00  ,0.000000000000e+00  ,0.000000000000e+00  ,0.000000000000e+00  ,0.000000000000e+00  ,0.000000000000e+00  ,0.000000000000e+00  ,0.000000000000e+00  ,0.000000000000e+00  ,0.000000000000e+00  ,0.000000000000e+00  ,0.000000000000e+00  ,0.000000000000e+00  ,0.000000000000e+00  ,0.000000000000e+00  ,0.000000000000e+00  ,0.000000000000e+00  ,0.000000000000e+00  ,0.000000000000e+00  ,0.000000000000e+00  ,0.000000000000e+00  ,0.000000000000e+00  ,0.000000000000e+00  ,0.000000000000e+00  ,0.000000000000e+00  ,0.000000000000e+00  ,0.000000000000e+00  ,0.000000000000e+00  ,0.000000000000e+00  ,0.000000000000e+00  ,0.000000000000e+00  ,0.000000000000e+00  ,0.000000000000e+00  ,0.000000000000e+00  ,0.000000000000e+00  ,0.000000000000e+00  ,0.000000000000e+00  ,0.000000000000e+00  ,0.000000000000e+00  ,0.000000000000e+00  ,0.000000000000e+00  ,0.000000000000e+00  ,0.000000000000e+00  ,0.000000000000e+00  ,0.000000000000e+00  ,0.000000000000e+00  ,0.000000000000e+00  ,0.000000000000e+00  ,0.000000000000e+00  ,0.000000000000e+00  ,0.000000000000e+00  ,0.000000000000e+00  ,0.000000000000e+00  ,0.000000000000e+00  ,0.000000000000e+00  ,0.000000000000e+00  ,0.000000000000e+00  ,0.000000000000e+00  ,0.000000000000e+00  ,0.000000000000e+00  ,0.000000000000e+00  ,0.000000000000e+00  ,0.000000000000e+00  ,0.000000000000e+00  ,0.000000000000e+00  
  3.000000000000e-05  ,1.821397213667e-02  ,0.000000000000e+00  ,0.000000000000e+00  ,0.000000000000e+00  ,0.000000000000e+00  ,0.000000000000e+00  ,0.000000000000e+00  ,0.000000000000e+00  ,0.000000000000e+00  ,0.000000000000e+00  ,0.000000000000e+00  ,0.000000000000e+00  ,0.000000000000e+00  ,0.000000000000e+00  ,0.000000000000e+00  ,0.000000000000e+00  ,0.000000000000e+00  ,0.000000000000e+00  ,0.000000000000e+00  ,0.000000000000e+00  ,0.000000000000e+00  ,0.000000000000e+00  ,0.000000000000e+00  ,0.000000000000e+00  ,0.000000000000e+00  ,0.000000000000e+00  ,0.000000000000e+00  ,0.000000000000e+00  ,0.000000000000e+00  ,0.000000000000e+00  ,0.000000000000e+00  ,0.000000000000e+00  ,0.000000000000e+00  ,0.000000000000e+00  ,0.000000000000e+00  ,0.000000000000e+00  ,0.000000000000e+00  ,0.000000000000e+00  ,0.000000000000e+00  ,0.000000000000e+00  ,0.000000000000e+00  ,0.000000000000e+00  ,0.000000000000e+00  ,0.000000000000e+00  ,0.000000000000e+00  ,0.000000000000e+00  ,0.000000000000e+00  ,0.000000000000e+00  ,0.000000000000e+00  ,0.000000000000e+00  ,0.000000000000e+00  ,0.000000000000e+00  ,0.000000000000e+00  ,0.000000000000e+00  ,0.000000000000e+00  ,0.000000000000e+00  ,0.000000000000e+00  ,0.000000000000e+00  ,0.000000000000e+00  ,0.000000000000e+00  ,0.000000000000e+00  ,0.000000000000e+00  ,0.000000000000e+00  ,0.000000000000e+00  ,0.000000000000e+00  ,0.000000000000e+00  ,0.000000000000e+00  ,0.000000000000e+00  ,0.000000000000e+00  ,0.000000000000e+00  ,0.000000000000e+00  ,0.000000000000e+00  ,0.000000000000e+00  ,0.000000000000e+00  ,0.000000000000e+00  ,0.000000000000e+00  ,0.000000000000e+00  ,0.000000000000e+00  ,0.000000000000e+00  ,0.000000000000e+00  ,0.000000000000e+00  ,0.000000000000e+00  ,0.000000000000e+00  ,0.000000000000e+00  ,0.000000000000e+00  ,0.000000000000e+00  ,0.000000000000e+00  ,0.000000000000e+00  ,0.000000000000e+00  ,0.000000000000e+00  ,0.000000000000e+00  ,0.000000000000e+00  ,0.000000000000e+00  ,0.000000000000e+00  ,0.000000000000e+00  ,0.000000000000e+00  ,0.000000000000e+00  ,0.000000000000e+00  ,0.000000000000e+00  ,0.000000000000e+00  ,0.000000000000e+00  ,0.000000000000e+00  ,0.000000000000e+00  ,0.000000000000e+00  ,0.000000000000e+00  ,0.000000000000e+00  ,0.000000000000e+00  ,0.000000000000e+00  ,0.000000000000e+00  ,0.000000000000e+00  ,0.000000000000e+00  ,0.000000000000e+00  ,0.000000000000e+00  ,0.000000000000e+00  ,0.000000000000e+00  ,0.000000000000e+00  ,0.000000000000e+00  ,0.000000000000e+00  ,0.000000000000e+00  ,0.000000000000e+00  ,0.000000000000e+00  ,0.000000000000e+00  ,0.000000000000e+00  ,0.000000000000e+00  ,0.000000000000e+00  ,0.000000000000e+00  ,0.000000000000e+00  ,0.000000000000e+00  ,0.000000000000e+00  ,0.000000000000e+00  ,0.000000000000e+00  ,0.000000000000e+00  ,0.000000000000e+00  ,0.000000000000e+00  ,0.000000000000e+00  ,0.000000000000e+00  ,0.000000000000e+00  ,0.000000000000e+00  ,0.000000000000e+00  ,0.000000000000e+00  ,0.000000000000e+00  ,0.000000000000e+00  ,0.000000000000e+00  ,0.000000000000e+00  ,0.000000000000e+00  ,0.000000000000e+00  ,0.000000000000e+00  ,0.000000000000e+00  ,0.000000000000e+00  ,0.000000000000e+00  ,0.000000000000e+00  ,0.000000000000e+00  ,0.000000000000e+00  ,0.000000000000e+00  
  3.100000000000e-05  ,1.850261355438e-02  ,0.000000000000e+00  ,0.000000000000e+00  ,0.000000000000e+00  ,0.000000000000e+00  ,0.000000000000e+00  ,0.000000000000e+00  ,0.000000000000e+00  ,0.000000000000e+00  ,0.000000000000e+00  ,0.000000000000e+00  ,0.000000000000e+00  ,0.000000000000e+00  ,0.000000000000e+00  ,0.000000000000e+00  ,0.000000000000e+00  ,0.000000000000e+00  ,0.000000000000e+00  ,0.000000000000e+00  ,0.000000000000e+00  ,0.000000000000e+00  ,0.000000000000e+00  ,0.000000000000e+00  ,0.000000000000e+00  ,0.000000000000e+00  ,0.000000000000e+00  ,0.000000000000e+00  ,0.000000000000e+00  ,0.000000000000e+00  ,0.000000000000e+00  ,0.000000000000e+00  ,0.000000000000e+00  ,0.000000000000e+00  ,0.000000000000e+00  ,0.000000000000e+00  ,0.000000000000e+00  ,0.000000000000e+00  ,0.000000000000e+00  ,0.000000000000e+00  ,0.000000000000e+00  ,0.000000000000e+00  ,0.000000000000e+00  ,0.000000000000e+00  ,0.000000000000e+00  ,0.000000000000e+00  ,0.000000000000e+00  ,0.000000000000e+00  ,0.000000000000e+00  ,0.000000000000e+00  ,0.000000000000e+00  ,0.000000000000e+00  ,0.000000000000e+00  ,0.000000000000e+00  ,0.000000000000e+00  ,0.000000000000e+00  ,0.000000000000e+00  ,0.000000000000e+00  ,0.000000000000e+00  ,0.000000000000e+00  ,0.000000000000e+00  ,0.000000000000e+00  ,0.000000000000e+00  ,0.000000000000e+00  ,0.000000000000e+00  ,0.000000000000e+00  ,0.000000000000e+00  ,0.000000000000e+00  ,0.000000000000e+00  ,0.000000000000e+00  ,0.000000000000e+00  ,0.000000000000e+00  ,0.000000000000e+00  ,0.000000000000e+00  ,0.000000000000e+00  ,0.000000000000e+00  ,0.000000000000e+00  ,0.000000000000e+00  ,0.000000000000e+00  ,0.000000000000e+00  ,0.000000000000e+00  ,0.000000000000e+00  ,0.000000000000e+00  ,0.000000000000e+00  ,0.000000000000e+00  ,0.000000000000e+00  ,0.000000000000e+00  ,0.000000000000e+00  ,0.000000000000e+00  ,0.000000000000e+00  ,0.000000000000e+00  ,0.000000000000e+00  ,0.000000000000e+00  ,0.000000000000e+00  ,0.000000000000e+00  ,0.000000000000e+00  ,0.000000000000e+00  ,0.000000000000e+00  ,0.000000000000e+00  ,0.000000000000e+00  ,0.000000000000e+00  ,0.000000000000e+00  ,0.000000000000e+00  ,0.000000000000e+00  ,0.000000000000e+00  ,0.000000000000e+00  ,0.000000000000e+00  ,0.000000000000e+00  ,0.000000000000e+00  ,0.000000000000e+00  ,0.000000000000e+00  ,0.000000000000e+00  ,0.000000000000e+00  ,0.000000000000e+00  ,0.000000000000e+00  ,0.000000000000e+00  ,0.000000000000e+00  ,0.000000000000e+00  ,0.000000000000e+00  ,0.000000000000e+00  ,0.000000000000e+00  ,0.000000000000e+00  ,0.000000000000e+00  ,0.000000000000e+00  ,0.000000000000e+00  ,0.000000000000e+00  ,0.000000000000e+00  ,0.000000000000e+00  ,0.000000000000e+00  ,0.000000000000e+00  ,0.000000000000e+00  ,0.000000000000e+00  ,0.000000000000e+00  ,0.000000000000e+00  ,0.000000000000e+00  ,0.000000000000e+00  ,0.000000000000e+00  ,0.000000000000e+00  ,0.000000000000e+00  ,0.000000000000e+00  ,0.000000000000e+00  ,0.000000000000e+00  ,0.000000000000e+00  ,0.000000000000e+00  ,0.000000000000e+00  ,0.000000000000e+00  ,0.000000000000e+00  ,0.000000000000e+00  ,0.000000000000e+00  ,0.000000000000e+00  ,0.000000000000e+00  ,0.000000000000e+00  ,0.000000000000e+00  ,0.000000000000e+00  ,0.000000000000e+00  
  3.200000000000e-05  ,1.878682079784e-02  ,0.000000000000e+00  ,0.000000000000e+00  ,0.000000000000e+00  ,0.000000000000e+00  ,0.000000000000e+00  ,0.000000000000e+00  ,0.000000000000e+00  ,0.000000000000e+00  ,0.000000000000e+00  ,0.000000000000e+00  ,0.000000000000e+00  ,0.000000000000e+00  ,0.000000000000e+00  ,0.000000000000e+00  ,0.000000000000e+00  ,0.000000000000e+00  ,0.000000000000e+00  ,0.000000000000e+00  ,0.000000000000e+00  ,0.000000000000e+00  ,0.000000000000e+00  ,0.000000000000e+00  ,0.000000000000e+00  ,0.000000000000e+00  ,0.000000000000e+00  ,0.000000000000e+00  ,0.000000000000e+00  ,0.000000000000e+00  ,0.000000000000e+00  ,0.000000000000e+00  ,0.000000000000e+00  ,0.000000000000e+00  ,0.000000000000e+00  ,0.000000000000e+00  ,0.000000000000e+00  ,0.000000000000e+00  ,0.000000000000e+00  ,0.000000000000e+00  ,0.000000000000e+00  ,0.000000000000e+00  ,0.000000000000e+00  ,0.000000000000e+00  ,0.000000000000e+00  ,0.000000000000e+00  ,0.000000000000e+00  ,0.000000000000e+00  ,0.000000000000e+00  ,0.000000000000e+00  ,0.000000000000e+00  ,0.000000000000e+00  ,0.000000000000e+00  ,0.000000000000e+00  ,0.000000000000e+00  ,0.000000000000e+00  ,0.000000000000e+00  ,0.000000000000e+00  ,0.000000000000e+00  ,0.000000000000e+00  ,0.000000000000e+00  ,0.000000000000e+00  ,0.000000000000e+00  ,0.000000000000e+00  ,0.000000000000e+00  ,0.000000000000e+00  ,0.000000000000e+00  ,0.000000000000e+00  ,0.000000000000e+00  ,0.000000000000e+00  ,0.000000000000e+00  ,0.000000000000e+00  ,0.000000000000e+00  ,0.000000000000e+00  ,0.000000000000e+00  ,0.000000000000e+00  ,0.000000000000e+00  ,0.000000000000e+00  ,0.000000000000e+00  ,0.000000000000e+00  ,0.000000000000e+00  ,0.000000000000e+00  ,0.000000000000e+00  ,0.000000000000e+00  ,0.000000000000e+00  ,0.000000000000e+00  ,0.000000000000e+00  ,0.000000000000e+00  ,0.000000000000e+00  ,0.000000000000e+00  ,0.000000000000e+00  ,0.000000000000e+00  ,0.000000000000e+00  ,0.000000000000e+00  ,0.000000000000e+00  ,0.000000000000e+00  ,0.000000000000e+00  ,0.000000000000e+00  ,0.000000000000e+00  ,0.000000000000e+00  ,0.000000000000e+00  ,0.000000000000e+00  ,0.000000000000e+00  ,0.000000000000e+00  ,0.000000000000e+00  ,0.000000000000e+00  ,0.000000000000e+00  ,0.000000000000e+00  ,0.000000000000e+00  ,0.000000000000e+00  ,0.000000000000e+00  ,0.000000000000e+00  ,0.000000000000e+00  ,0.000000000000e+00  ,0.000000000000e+00  ,0.000000000000e+00  ,0.000000000000e+00  ,0.000000000000e+00  ,0.000000000000e+00  ,0.000000000000e+00  ,0.000000000000e+00  ,0.000000000000e+00  ,0.000000000000e+00  ,0.000000000000e+00  ,0.000000000000e+00  ,0.000000000000e+00  ,0.000000000000e+00  ,0.000000000000e+00  ,0.000000000000e+00  ,0.000000000000e+00  ,0.000000000000e+00  ,0.000000000000e+00  ,0.000000000000e+00  ,0.000000000000e+00  ,0.000000000000e+00  ,0.000000000000e+00  ,0.000000000000e+00  ,0.000000000000e+00  ,0.000000000000e+00  ,0.000000000000e+00  ,0.000000000000e+00  ,0.000000000000e+00  ,0.000000000000e+00  ,0.000000000000e+00  ,0.000000000000e+00  ,0.000000000000e+00  ,0.000000000000e+00  ,0.000000000000e+00  ,0.000000000000e+00  ,0.000000000000e+00  ,0.000000000000e+00  ,0.000000000000e+00  ,0.000000000000e+00  ,0.000000000000e+00  ,0.000000000000e+00  
  3.300000000000e-05  ,1.906679215383e-02  ,0.000000000000e+00  ,0.000000000000e+00  ,0.000000000000e+00  ,0.000000000000e+00  ,0.000000000000e+00  ,0.000000000000e+00  ,0.000000000000e+00  ,0.000000000000e+00  ,0.000000000000e+00  ,0.000000000000e+00  ,0.000000000000e+00  ,0.000000000000e+00  ,0.000000000000e+00  ,0.000000000000e+00  ,0.000000000000e+00  ,0.000000000000e+00  ,0.000000000000e+00  ,0.000000000000e+00  ,0.000000000000e+00  ,0.000000000000e+00  ,0.000000000000e+00  ,0.000000000000e+00  ,0.000000000000e+00  ,0.000000000000e+00  ,0.000000000000e+00  ,0.000000000000e+00  ,0.000000000000e+00  ,0.000000000000e+00  ,0.000000000000e+00  ,0.000000000000e+00  ,0.000000000000e+00  ,0.000000000000e+00  ,0.000000000000e+00  ,0.000000000000e+00  ,0.000000000000e+00  ,0.000000000000e+00  ,0.000000000000e+00  ,0.000000000000e+00  ,0.000000000000e+00  ,0.000000000000e+00  ,0.000000000000e+00  ,0.000000000000e+00  ,0.000000000000e+00  ,0.000000000000e+00  ,0.000000000000e+00  ,0.000000000000e+00  ,0.000000000000e+00  ,0.000000000000e+00  ,0.000000000000e+00  ,0.000000000000e+00  ,0.000000000000e+00  ,0.000000000000e+00  ,0.000000000000e+00  ,0.000000000000e+00  ,0.000000000000e+00  ,0.000000000000e+00  ,0.000000000000e+00  ,0.000000000000e+00  ,0.000000000000e+00  ,0.000000000000e+00  ,0.000000000000e+00  ,0.000000000000e+00  ,0.000000000000e+00  ,0.000000000000e+00  ,0.000000000000e+00  ,0.000000000000e+00  ,0.000000000000e+00  ,0.000000000000e+00  ,0.000000000000e+00  ,0.000000000000e+00  ,0.000000000000e+00  ,0.000000000000e+00  ,0.000000000000e+00  ,0.000000000000e+00  ,0.000000000000e+00  ,0.000000000000e+00  ,0.000000000000e+00  ,0.000000000000e+00  ,0.000000000000e+00  ,0.000000000000e+00  ,0.000000000000e+00  ,0.000000000000e+00  ,0.000000000000e+00  ,0.000000000000e+00  ,0.000000000000e+00  ,0.000000000000e+00  ,0.000000000000e+00  ,0.000000000000e+00  ,0.000000000000e+00  ,0.000000000000e+00  ,0.000000000000e+00  ,0.000000000000e+00  ,0.000000000000e+00  ,0.000000000000e+00  ,0.000000000000e+00  ,0.000000000000e+00  ,0.000000000000e+00  ,0.000000000000e+00  ,0.000000000000e+00  ,0.000000000000e+00  ,0.000000000000e+00  ,0.000000000000e+00  ,0.000000000000e+00  ,0.000000000000e+00  ,0.000000000000e+00  ,0.000000000000e+00  ,0.000000000000e+00  ,0.000000000000e+00  ,0.000000000000e+00  ,0.000000000000e+00  ,0.000000000000e+00  ,0.000000000000e+00  ,0.000000000000e+00  ,0.000000000000e+00  ,0.000000000000e+00  ,0.000000000000e+00  ,0.000000000000e+00  ,0.000000000000e+00  ,0.000000000000e+00  ,0.000000000000e+00  ,0.000000000000e+00  ,0.000000000000e+00  ,0.000000000000e+00  ,0.000000000000e+00  ,0.000000000000e+00  ,0.000000000000e+00  ,0.000000000000e+00  ,0.000000000000e+00  ,0.000000000000e+00  ,0.000000000000e+00  ,0.000000000000e+00  ,0.000000000000e+00  ,0.000000000000e+00  ,0.000000000000e+00  ,0.000000000000e+00  ,0.000000000000e+00  ,0.000000000000e+00  ,0.000000000000e+00  ,0.000000000000e+00  ,0.000000000000e+00  ,0.000000000000e+00  ,0.000000000000e+00  ,0.000000000000e+00  ,0.000000000000e+00  ,0.000000000000e+00  ,0.000000000000e+00  ,0.000000000000e+00  ,0.000000000000e+00  ,0.000000000000e+00  ,0.000000000000e+00  ,0.000000000000e+00  ,0.000000000000e+00  ,0.000000000000e+00  
  3.400000000000e-05  ,1.934271155720e-02  ,0.000000000000e+00  ,0.000000000000e+00  ,0.000000000000e+00  ,0.000000000000e+00  ,0.000000000000e+00  ,0.000000000000e+00  ,0.000000000000e+00  ,0.000000000000e+00  ,0.000000000000e+00  ,0.000000000000e+00  ,0.000000000000e+00  ,0.000000000000e+00  ,0.000000000000e+00  ,0.000000000000e+00  ,0.000000000000e+00  ,0.000000000000e+00  ,0.000000000000e+00  ,0.000000000000e+00  ,0.000000000000e+00  ,0.000000000000e+00  ,0.000000000000e+00  ,0.000000000000e+00  ,0.000000000000e+00  ,0.000000000000e+00  ,0.000000000000e+00  ,0.000000000000e+00  ,0.000000000000e+00  ,0.000000000000e+00  ,0.000000000000e+00  ,0.000000000000e+00  ,0.000000000000e+00  ,0.000000000000e+00  ,0.000000000000e+00  ,0.000000000000e+00  ,0.000000000000e+00  ,0.000000000000e+00  ,0.000000000000e+00  ,0.000000000000e+00  ,0.000000000000e+00  ,0.000000000000e+00  ,0.000000000000e+00  ,0.000000000000e+00  ,0.000000000000e+00  ,0.000000000000e+00  ,0.000000000000e+00  ,0.000000000000e+00  ,0.000000000000e+00  ,0.000000000000e+00  ,0.000000000000e+00  ,0.000000000000e+00  ,0.000000000000e+00  ,0.000000000000e+00  ,0.000000000000e+00  ,0.000000000000e+00  ,0.000000000000e+00  ,0.000000000000e+00  ,0.000000000000e+00  ,0.000000000000e+00  ,0.000000000000e+00  ,0.000000000000e+00  ,0.000000000000e+00  ,0.000000000000e+00  ,0.000000000000e+00  ,0.000000000000e+00  ,0.000000000000e+00  ,0.000000000000e+00  ,0.000000000000e+00  ,0.000000000000e+00  ,0.000000000000e+00  ,0.000000000000e+00  ,0.000000000000e+00  ,0.000000000000e+00  ,0.000000000000e+00  ,0.000000000000e+00  ,0.000000000000e+00  ,0.000000000000e+00  ,0.000000000000e+00  ,0.000000000000e+00  ,0.000000000000e+00  ,0.000000000000e+00  ,0.000000000000e+00  ,0.000000000000e+00  ,0.000000000000e+00  ,0.000000000000e+00  ,0.000000000000e+00  ,0.000000000000e+00  ,0.000000000000e+00  ,0.000000000000e+00  ,0.000000000000e+00  ,0.000000000000e+00  ,0.000000000000e+00  ,0.000000000000e+00  ,0.000000000000e+00  ,0.000000000000e+00  ,0.000000000000e+00  ,0.000000000000e+00  ,0.000000000000e+00  ,0.000000000000e+00  ,0.000000000000e+00  ,0.000000000000e+00  ,0.000000000000e+00  ,0.000000000000e+00  ,0.000000000000e+00  ,0.000000000000e+00  ,0.000000000000e+00  ,0.000000000000e+00  ,0.000000000000e+00  ,0.000000000000e+00  ,0.000000000000e+00  ,0.000000000000e+00  ,0.000000000000e+00  ,0.000000000000e+00  ,0.000000000000e+00  ,0.000000000000e+00  ,0.000000000000e+00  ,0.000000000000e+00  ,0.000000000000e+00  ,0.000000000000e+00  ,0.000000000000e+00  ,0.000000000000e+00  ,0.000000000000e+00  ,0.000000000000e+00  ,0.000000000000e+00  ,0.000000000000e+00  ,0.000000000000e+00  ,0.000000000000e+00  ,0.000000000000e+00  ,0.000000000000e+00  ,0.000000000000e+00  ,0.000000000000e+00  ,0.000000000000e+00  ,0.000000000000e+00  ,0.000000000000e+00  ,0.000000000000e+00  ,0.000000000000e+00  ,0.000000000000e+00  ,0.000000000000e+00  ,0.000000000000e+00  ,0.000000000000e+00  ,0.000000000000e+00  ,0.000000000000e+00  ,0.000000000000e+00  ,0.000000000000e+00  ,0.000000000000e+00  ,0.000000000000e+00  ,0.000000000000e+00  ,0.000000000000e+00  ,0.000000000000e+00  ,0.000000000000e+00  ,0.000000000000e+00  ,0.000000000000e+00  ,0.000000000000e+00  ,0.000000000000e+00  
  3.500000000000e-05  ,1.961475000433e-02  ,0.000000000000e+00  ,0.000000000000e+00  ,0.000000000000e+00  ,0.000000000000e+00  ,0.000000000000e+00  ,0.000000000000e+00  ,0.000000000000e+00  ,0.000000000000e+00  ,0.000000000000e+00  ,0.000000000000e+00  ,0.000000000000e+00  ,0.000000000000e+00  ,0.000000000000e+00  ,0.000000000000e+00  ,0.000000000000e+00  ,0.000000000000e+00  ,0.000000000000e+00  ,0.000000000000e+00  ,0.000000000000e+00  ,0.000000000000e+00  ,0.000000000000e+00  ,0.000000000000e+00  ,0.000000000000e+00  ,0.000000000000e+00  ,0.000000000000e+00  ,0.000000000000e+00  ,0.000000000000e+00  ,0.000000000000e+00  ,0.000000000000e+00  ,0.000000000000e+00  ,0.000000000000e+00  ,0.000000000000e+00  ,0.000000000000e+00  ,0.000000000000e+00  ,0.000000000000e+00  ,0.000000000000e+00  ,0.000000000000e+00  ,0.000000000000e+00  ,0.000000000000e+00  ,0.000000000000e+00  ,0.000000000000e+00  ,0.000000000000e+00  ,0.000000000000e+00  ,0.000000000000e+00  ,0.000000000000e+00  ,0.000000000000e+00  ,0.000000000000e+00  ,0.000000000000e+00  ,0.000000000000e+00  ,0.000000000000e+00  ,0.000000000000e+00  ,0.000000000000e+00  ,0.000000000000e+00  ,0.000000000000e+00  ,0.000000000000e+00  ,0.000000000000e+00  ,0.000000000000e+00  ,0.000000000000e+00  ,0.000000000000e+00  ,0.000000000000e+00  ,0.000000000000e+00  ,0.000000000000e+00  ,0.000000000000e+00  ,0.000000000000e+00  ,0.000000000000e+00  ,0.000000000000e+00  ,0.000000000000e+00  ,0.000000000000e+00  ,0.000000000000e+00  ,0.000000000000e+00  ,0.000000000000e+00  ,0.000000000000e+00  ,0.000000000000e+00  ,0.000000000000e+00  ,0.000000000000e+00  ,0.000000000000e+00  ,0.000000000000e+00  ,0.000000000000e+00  ,0.000000000000e+00  ,0.000000000000e+00  ,0.000000000000e+00  ,0.000000000000e+00  ,0.000000000000e+00  ,0.000000000000e+00  ,0.000000000000e+00  ,0.000000000000e+00  ,0.000000000000e+00  ,0.000000000000e+00  ,0.000000000000e+00  ,0.000000000000e+00  ,0.000000000000e+00  ,0.000000000000e+00  ,0.000000000000e+00  ,0.000000000000e+00  ,0.000000000000e+00  ,0.000000000000e+00  ,0.000000000000e+00  ,0.000000000000e+00  ,0.000000000000e+00  ,0.000000000000e+00  ,0.000000000000e+00  ,0.000000000000e+00  ,0.000000000000e+00  ,0.000000000000e+00  ,0.000000000000e+00  ,0.000000000000e+00  ,0.000000000000e+00  ,0.000000000000e+00  ,0.000000000000e+00  ,0.000000000000e+00  ,0.000000000000e+00  ,0.000000000000e+00  ,0.000000000000e+00  ,0.000000000000e+00  ,0.000000000000e+00  ,0.000000000000e+00  ,0.000000000000e+00  ,0.000000000000e+00  ,0.000000000000e+00  ,0.000000000000e+00  ,0.000000000000e+00  ,0.000000000000e+00  ,0.000000000000e+00  ,0.000000000000e+00  ,0.000000000000e+00  ,0.000000000000e+00  ,0.000000000000e+00  ,0.000000000000e+00  ,0.000000000000e+00  ,0.000000000000e+00  ,0.000000000000e+00  ,0.000000000000e+00  ,0.000000000000e+00  ,0.000000000000e+00  ,0.000000000000e+00  ,0.000000000000e+00  ,0.000000000000e+00  ,0.000000000000e+00  ,0.000000000000e+00  ,0.000000000000e+00  ,0.000000000000e+00  ,0.000000000000e+00  ,0.000000000000e+00  ,0.000000000000e+00  ,0.000000000000e+00  ,0.000000000000e+00  ,0.000000000000e+00  ,0.000000000000e+00  ,0.000000000000e+00  ,0.000000000000e+00  ,0.000000000000e+00  ,0.000000000000e+00  ,0.000000000000e+00  
  3.600000000000e-05  ,1.988306679263e-02  ,0.000000000000e+00  ,0.000000000000e+00  ,0.000000000000e+00  ,0.000000000000e+00  ,0.000000000000e+00  ,0.000000000000e+00  ,0.000000000000e+00  ,0.000000000000e+00  ,0.000000000000e+00  ,0.000000000000e+00  ,0.000000000000e+00  ,0.000000000000e+00  ,0.000000000000e+00  ,0.000000000000e+00  ,0.000000000000e+00  ,0.000000000000e+00  ,0.000000000000e+00  ,0.000000000000e+00  ,0.000000000000e+00  ,0.000000000000e+00  ,0.000000000000e+00  ,0.000000000000e+00  ,0.000000000000e+00  ,0.000000000000e+00  ,0.000000000000e+00  ,0.000000000000e+00  ,0.000000000000e+00  ,0.000000000000e+00  ,0.000000000000e+00  ,0.000000000000e+00  ,0.000000000000e+00  ,0.000000000000e+00  ,0.000000000000e+00  ,0.000000000000e+00  ,0.000000000000e+00  ,0.000000000000e+00  ,0.000000000000e+00  ,0.000000000000e+00  ,0.000000000000e+00  ,0.000000000000e+00  ,0.000000000000e+00  ,0.000000000000e+00  ,0.000000000000e+00  ,0.000000000000e+00  ,0.000000000000e+00  ,0.000000000000e+00  ,0.000000000000e+00  ,0.000000000000e+00  ,0.000000000000e+00  ,0.000000000000e+00  ,0.000000000000e+00  ,0.000000000000e+00  ,0.000000000000e+00  ,0.000000000000e+00  ,0.000000000000e+00  ,0.000000000000e+00  ,0.000000000000e+00  ,0.000000000000e+00  ,0.000000000000e+00  ,0.000000000000e+00  ,0.000000000000e+00  ,0.000000000000e+00  ,0.000000000000e+00  ,0.000000000000e+00  ,0.000000000000e+00  ,0.000000000000e+00  ,0.000000000000e+00  ,0.000000000000e+00  ,0.000000000000e+00  ,0.000000000000e+00  ,0.000000000000e+00  ,0.000000000000e+00  ,0.000000000000e+00  ,0.000000000000e+00  ,0.000000000000e+00  ,0.000000000000e+00  ,0.000000000000e+00  ,0.000000000000e+00  ,0.000000000000e+00  ,0.000000000000e+00  ,0.000000000000e+00  ,0.000000000000e+00  ,0.000000000000e+00  ,0.000000000000e+00  ,0.000000000000e+00  ,0.000000000000e+00  ,0.000000000000e+00  ,0.000000000000e+00  ,0.000000000000e+00  ,0.000000000000e+00  ,0.000000000000e+00  ,0.000000000000e+00  ,0.000000000000e+00  ,0.000000000000e+00  ,0.000000000000e+00  ,0.000000000000e+00  ,0.000000000000e+00  ,0.000000000000e+00  ,0.000000000000e+00  ,0.000000000000e+00  ,0.000000000000e+00  ,0.000000000000e+00  ,0.000000000000e+00  ,0.000000000000e+00  ,0.000000000000e+00  ,0.000000000000e+00  ,0.000000000000e+00  ,0.000000000000e+00  ,0.000000000000e+00  ,0.000000000000e+00  ,0.000000000000e+00  ,0.000000000000e+00  ,0.000000000000e+00  ,0.000000000000e+00  ,0.000000000000e+00  ,0.000000000000e+00  ,0.000000000000e+00  ,0.000000000000e+00  ,0.000000000000e+00  ,0.000000000000e+00  ,0.000000000000e+00  ,0.000000000000e+00  ,0.000000000000e+00  ,0.000000000000e+00  ,0.000000000000e+00  ,0.000000000000e+00  ,0.000000000000e+00  ,0.000000000000e+00  ,0.000000000000e+00  ,0.000000000000e+00  ,0.000000000000e+00  ,0.000000000000e+00  ,0.000000000000e+00  ,0.000000000000e+00  ,0.000000000000e+00  ,0.000000000000e+00  ,0.000000000000e+00  ,0.000000000000e+00  ,0.000000000000e+00  ,0.000000000000e+00  ,0.000000000000e+00  ,0.000000000000e+00  ,0.000000000000e+00  ,0.000000000000e+00  ,0.000000000000e+00  ,0.000000000000e+00  ,0.000000000000e+00  ,0.000000000000e+00  ,0.000000000000e+00  ,0.000000000000e+00  ,0.000000000000e+00  ,0.000000000000e+00  ,0.000000000000e+00  
  3.700000000000e-05  ,2.014781061126e-02  ,0.000000000000e+00  ,0.000000000000e+00  ,0.000000000000e+00  ,0.000000000000e+00  ,0.000000000000e+00  ,0.000000000000e+00  ,0.000000000000e+00  ,0.000000000000e+00  ,0.000000000000e+00  ,0.000000000000e+00  ,0.000000000000e+00  ,0.000000000000e+00  ,0.000000000000e+00  ,0.000000000000e+00  ,0.000000000000e+00  ,0.000000000000e+00  ,0.000000000000e+00  ,0.000000000000e+00  ,0.000000000000e+00  ,0.000000000000e+00  ,0.000000000000e+00  ,0.000000000000e+00  ,0.000000000000e+00  ,0.000000000000e+00  ,0.000000000000e+00  ,0.000000000000e+00  ,0.000000000000e+00  ,0.000000000000e+00  ,0.000000000000e+00  ,0.000000000000e+00  ,0.000000000000e+00  ,0.000000000000e+00  ,0.000000000000e+00  ,0.000000000000e+00  ,0.000000000000e+00  ,0.000000000000e+00  ,0.000000000000e+00  ,0.000000000000e+00  ,0.000000000000e+00  ,0.000000000000e+00  ,0.000000000000e+00  ,0.000000000000e+00  ,0.000000000000e+00  ,0.000000000000e+00  ,0.000000000000e+00  ,0.000000000000e+00  ,0.000000000000e+00  ,0.000000000000e+00  ,0.000000000000e+00  ,0.000000000000e+00  ,0.000000000000e+00  ,0.000000000000e+00  ,0.000000000000e+00  ,0.000000000000e+00  ,0.000000000000e+00  ,0.000000000000e+00  ,0.000000000000e+00  ,0.000000000000e+00  ,0.000000000000e+00  ,0.000000000000e+00  ,0.000000000000e+00  ,0.000000000000e+00  ,0.000000000000e+00  ,0.000000000000e+00  ,0.000000000000e+00  ,0.000000000000e+00  ,0.000000000000e+00  ,0.000000000000e+00  ,0.000000000000e+00  ,0.000000000000e+00  ,0.000000000000e+00  ,0.000000000000e+00  ,0.000000000000e+00  ,0.000000000000e+00  ,0.000000000000e+00  ,0.000000000000e+00  ,0.000000000000e+00  ,0.000000000000e+00  ,0.000000000000e+00  ,0.000000000000e+00  ,0.000000000000e+00  ,0.000000000000e+00  ,0.000000000000e+00  ,0.000000000000e+00  ,0.000000000000e+00  ,0.000000000000e+00  ,0.000000000000e+00  ,0.000000000000e+00  ,0.000000000000e+00  ,0.000000000000e+00  ,0.000000000000e+00  ,0.000000000000e+00  ,0.000000000000e+00  ,0.000000000000e+00  ,0.000000000000e+00  ,0.000000000000e+00  ,0.000000000000e+00  ,0.000000000000e+00  ,0.000000000000e+00  ,0.000000000000e+00  ,0.000000000000e+00  ,0.000000000000e+00  ,0.000000000000e+00  ,0.000000000000e+00  ,0.000000000000e+00  ,0.000000000000e+00  ,0.000000000000e+00  ,0.000000000000e+00  ,0.000000000000e+00  ,0.000000000000e+00  ,0.000000000000e+00  ,0.000000000000e+00  ,0.000000000000e+00  ,0.000000000000e+00  ,0.000000000000e+00  ,0.000000000000e+00  ,0.000000000000e+00  ,0.000000000000e+00  ,0.000000000000e+00  ,0.000000000000e+00  ,0.000000000000e+00  ,0.000000000000e+00  ,0.000000000000e+00  ,0.000000000000e+00  ,0.000000000000e+00  ,0.000000000000e+00  ,0.000000000000e+00  ,0.000000000000e+00  ,0.000000000000e+00  ,0.000000000000e+00  ,0.000000000000e+00  ,0.000000000000e+00  ,0.000000000000e+00  ,0.000000000000e+00  ,0.000000000000e+00  ,0.000000000000e+00  ,0.000000000000e+00  ,0.000000000000e+00  ,0.000000000000e+00  ,0.000000000000e+00  ,0.000000000000e+00  ,0.000000000000e+00  ,0.000000000000e+00  ,0.000000000000e+00  ,0.000000000000e+00  ,0.000000000000e+00  ,0.000000000000e+00  ,0.000000000000e+00  ,0.000000000000e+00  ,0.000000000000e+00  ,0.000000000000e+00  ,0.000000000000e+00  ,0.000000000000e+00  
  3.800000000000e-05  ,2.040912050469e-02  ,0.000000000000e+00  ,0.000000000000e+00  ,0.000000000000e+00  ,0.000000000000e+00  ,0.000000000000e+00  ,0.000000000000e+00  ,0.000000000000e+00  ,0.000000000000e+00  ,0.000000000000e+00  ,0.000000000000e+00  ,0.000000000000e+00  ,0.000000000000e+00  ,0.000000000000e+00  ,0.000000000000e+00  ,0.000000000000e+00  ,0.000000000000e+00  ,0.000000000000e+00  ,0.000000000000e+00  ,0.000000000000e+00  ,0.000000000000e+00  ,0.000000000000e+00  ,0.000000000000e+00  ,0.000000000000e+00  ,0.000000000000e+00  ,0.000000000000e+00  ,0.000000000000e+00  ,0.000000000000e+00  ,0.000000000000e+00  ,0.000000000000e+00  ,0.000000000000e+00  ,0.000000000000e+00  ,0.000000000000e+00  ,0.000000000000e+00  ,0.000000000000e+00  ,0.000000000000e+00  ,0.000000000000e+00  ,0.000000000000e+00  ,0.000000000000e+00  ,0.000000000000e+00  ,0.000000000000e+00  ,0.000000000000e+00  ,0.000000000000e+00  ,0.000000000000e+00  ,0.000000000000e+00  ,0.000000000000e+00  ,0.000000000000e+00  ,0.000000000000e+00  ,0.000000000000e+00  ,0.000000000000e+00  ,0.000000000000e+00  ,0.000000000000e+00  ,0.000000000000e+00  ,0.000000000000e+00  ,0.000000000000e+00  ,0.000000000000e+00  ,0.000000000000e+00  ,0.000000000000e+00  ,0.000000000000e+00  ,0.000000000000e+00  ,0.000000000000e+00  ,0.000000000000e+00  ,0.000000000000e+00  ,0.000000000000e+00  ,0.000000000000e+00  ,0.000000000000e+00  ,0.000000000000e+00  ,0.000000000000e+00  ,0.000000000000e+00  ,0.000000000000e+00  ,0.000000000000e+00  ,0.000000000000e+00  ,0.000000000000e+00  ,0.000000000000e+00  ,0.000000000000e+00  ,0.000000000000e+00  ,0.000000000000e+00  ,0.000000000000e+00  ,0.000000000000e+00  ,0.000000000000e+00  ,0.000000000000e+00  ,0.000000000000e+00  ,0.000000000000e+00  ,0.000000000000e+00  ,0.000000000000e+00  ,0.000000000000e+00  ,0.000000000000e+00  ,0.000000000000e+00  ,0.000000000000e+00  ,0.000000000000e+00  ,0.000000000000e+00  ,0.000000000000e+00  ,0.000000000000e+00  ,0.000000000000e+00  ,0.000000000000e+00  ,0.000000000000e+00  ,0.000000000000e+00  ,0.000000000000e+00  ,0.000000000000e+00  ,0.000000000000e+00  ,0.000000000000e+00  ,0.000000000000e+00  ,0.000000000000e+00  ,0.000000000000e+00  ,0.000000000000e+00  ,0.000000000000e+00  ,0.000000000000e+00  ,0.000000000000e+00  ,0.000000000000e+00  ,0.000000000000e+00  ,0.000000000000e+00  ,0.000000000000e+00  ,0.000000000000e+00  ,0.000000000000e+00  ,0.000000000000e+00  ,0.000000000000e+00  ,0.000000000000e+00  ,0.000000000000e+00  ,0.000000000000e+00  ,0.000000000000e+00  ,0.000000000000e+00  ,0.000000000000e+00  ,0.000000000000e+00  ,0.000000000000e+00  ,0.000000000000e+00  ,0.000000000000e+00  ,0.000000000000e+00  ,0.000000000000e+00  ,0.000000000000e+00  ,0.000000000000e+00  ,0.000000000000e+00  ,0.000000000000e+00  ,0.000000000000e+00  ,0.000000000000e+00  ,0.000000000000e+00  ,0.000000000000e+00  ,0.000000000000e+00  ,0.000000000000e+00  ,0.000000000000e+00  ,0.000000000000e+00  ,0.000000000000e+00  ,0.000000000000e+00  ,0.000000000000e+00  ,0.000000000000e+00  ,0.000000000000e+00  ,0.000000000000e+00  ,0.000000000000e+00  ,0.000000000000e+00  ,0.000000000000e+00  ,0.000000000000e+00  ,0.000000000000e+00  ,0.000000000000e+00  ,0.000000000000e+00  ,0.000000000000e+00  
  3.900000000000e-05  ,2.066712672633e-02  ,0.000000000000e+00  ,0.000000000000e+00  ,0.000000000000e+00  ,0.000000000000e+00  ,0.000000000000e+00  ,0.000000000000e+00  ,0.000000000000e+00  ,0.000000000000e+00  ,0.000000000000e+00  ,0.000000000000e+00  ,0.000000000000e+00  ,0.000000000000e+00  ,0.000000000000e+00  ,0.000000000000e+00  ,0.000000000000e+00  ,0.000000000000e+00  ,0.000000000000e+00  ,0.000000000000e+00  ,0.000000000000e+00  ,0.000000000000e+00  ,0.000000000000e+00  ,0.000000000000e+00  ,0.000000000000e+00  ,0.000000000000e+00  ,0.000000000000e+00  ,0.000000000000e+00  ,0.000000000000e+00  ,0.000000000000e+00  ,0.000000000000e+00  ,0.000000000000e+00  ,0.000000000000e+00  ,0.000000000000e+00  ,0.000000000000e+00  ,0.000000000000e+00  ,0.000000000000e+00  ,0.000000000000e+00  ,0.000000000000e+00  ,0.000000000000e+00  ,0.000000000000e+00  ,0.000000000000e+00  ,0.000000000000e+00  ,0.000000000000e+00  ,0.000000000000e+00  ,0.000000000000e+00  ,0.000000000000e+00  ,0.000000000000e+00  ,0.000000000000e+00  ,0.000000000000e+00  ,0.000000000000e+00  ,0.000000000000e+00  ,0.000000000000e+00  ,0.000000000000e+00  ,0.000000000000e+00  ,0.000000000000e+00  ,0.000000000000e+00  ,0.000000000000e+00  ,0.000000000000e+00  ,0.000000000000e+00  ,0.000000000000e+00  ,0.000000000000e+00  ,0.000000000000e+00  ,0.000000000000e+00  ,0.000000000000e+00  ,0.000000000000e+00  ,0.000000000000e+00  ,0.000000000000e+00  ,0.000000000000e+00  ,0.000000000000e+00  ,0.000000000000e+00  ,0.000000000000e+00  ,0.000000000000e+00  ,0.000000000000e+00  ,0.000000000000e+00  ,0.000000000000e+00  ,0.000000000000e+00  ,0.000000000000e+00  ,0.000000000000e+00  ,0.000000000000e+00  ,0.000000000000e+00  ,0.000000000000e+00  ,0.000000000000e+00  ,0.000000000000e+00  ,0.000000000000e+00  ,0.000000000000e+00  ,0.000000000000e+00  ,0.000000000000e+00  ,0.000000000000e+00  ,0.000000000000e+00  ,0.000000000000e+00  ,0.000000000000e+00  ,0.000000000000e+00  ,0.000000000000e+00  ,0.000000000000e+00  ,0.000000000000e+00  ,0.000000000000e+00  ,0.000000000000e+00  ,0.000000000000e+00  ,0.000000000000e+00  ,0.000000000000e+00  ,0.000000000000e+00  ,0.000000000000e+00  ,0.000000000000e+00  ,0.000000000000e+00  ,0.000000000000e+00  ,0.000000000000e+00  ,0.000000000000e+00  ,0.000000000000e+00  ,0.000000000000e+00  ,0.000000000000e+00  ,0.000000000000e+00  ,0.000000000000e+00  ,0.000000000000e+00  ,0.000000000000e+00  ,0.000000000000e+00  ,0.000000000000e+00  ,0.000000000000e+00  ,0.000000000000e+00  ,0.000000000000e+00  ,0.000000000000e+00  ,0.000000000000e+00  ,0.000000000000e+00  ,0.000000000000e+00  ,0.000000000000e+00  ,0.000000000000e+00  ,0.000000000000e+00  ,0.000000000000e+00  ,0.000000000000e+00  ,0.000000000000e+00  ,0.000000000000e+00  ,0.000000000000e+00  ,0.000000000000e+00  ,0.000000000000e+00  ,0.000000000000e+00  ,0.000000000000e+00  ,0.000000000000e+00  ,0.000000000000e+00  ,0.000000000000e+00  ,0.000000000000e+00  ,0.000000000000e+00  ,0.000000000000e+00  ,0.000000000000e+00  ,0.000000000000e+00  ,0.000000000000e+00  ,0.000000000000e+00  ,0.000000000000e+00  ,0.000000000000e+00  ,0.000000000000e+00  ,0.000000000000e+00  ,0.000000000000e+00  ,0.000000000000e+00  ,0.000000000000e+00  ,0.000000000000e+00  ,0.000000000000e+00  
  4.000000000000e-05  ,2.092195149765e-02  ,0.000000000000e+00  ,0.000000000000e+00  ,0.000000000000e+00  ,0.000000000000e+00  ,0.000000000000e+00  ,0.000000000000e+00  ,0.000000000000e+00  ,0.000000000000e+00  ,0.000000000000e+00  ,0.000000000000e+00  ,0.000000000000e+00  ,0.000000000000e+00  ,0.000000000000e+00  ,0.000000000000e+00  ,0.000000000000e+00  ,0.000000000000e+00  ,0.000000000000e+00  ,0.000000000000e+00  ,0.000000000000e+00  ,0.000000000000e+00  ,0.000000000000e+00  ,0.000000000000e+00  ,0.000000000000e+00  ,0.000000000000e+00  ,0.000000000000e+00  ,0.000000000000e+00  ,0.000000000000e+00  ,0.000000000000e+00  ,0.000000000000e+00  ,0.000000000000e+00  ,0.000000000000e+00  ,0.000000000000e+00  ,0.000000000000e+00  ,0.000000000000e+00  ,0.000000000000e+00  ,0.000000000000e+00  ,0.000000000000e+00  ,0.000000000000e+00  ,0.000000000000e+00  ,0.000000000000e+00  ,0.000000000000e+00  ,0.000000000000e+00  ,0.000000000000e+00  ,0.000000000000e+00  ,0.000000000000e+00  ,0.000000000000e+00  ,0.000000000000e+00  ,0.000000000000e+00  ,0.000000000000e+00  ,0.000000000000e+00  ,0.000000000000e+00  ,0.000000000000e+00  ,0.000000000000e+00  ,0.000000000000e+00  ,0.000000000000e+00  ,0.000000000000e+00  ,0.000000000000e+00  ,0.000000000000e+00  ,0.000000000000e+00  ,0.000000000000e+00  ,0.000000000000e+00  ,0.000000000000e+00  ,0.000000000000e+00  ,0.000000000000e+00  ,0.000000000000e+00  ,0.000000000000e+00  ,0.000000000000e+00  ,0.000000000000e+00  ,0.000000000000e+00  ,0.000000000000e+00  ,0.000000000000e+00  ,0.000000000000e+00  ,0.000000000000e+00  ,0.000000000000e+00  ,0.000000000000e+00  ,0.000000000000e+00  ,0.000000000000e+00  ,0.000000000000e+00  ,0.000000000000e+00  ,0.000000000000e+00  ,0.000000000000e+00  ,0.000000000000e+00  ,0.000000000000e+00  ,0.000000000000e+00  ,0.000000000000e+00  ,0.000000000000e+00  ,0.000000000000e+00  ,0.000000000000e+00  ,0.000000000000e+00  ,0.000000000000e+00  ,0.000000000000e+00  ,0.000000000000e+00  ,0.000000000000e+00  ,0.000000000000e+00  ,0.000000000000e+00  ,0.000000000000e+00  ,0.000000000000e+00  ,0.000000000000e+00  ,0.000000000000e+00  ,0.000000000000e+00  ,0.000000000000e+00  ,0.000000000000e+00  ,0.000000000000e+00  ,0.000000000000e+00  ,0.000000000000e+00  ,0.000000000000e+00  ,0.000000000000e+00  ,0.000000000000e+00  ,0.000000000000e+00  ,0.000000000000e+00  ,0.000000000000e+00  ,0.000000000000e+00  ,0.000000000000e+00  ,0.000000000000e+00  ,0.000000000000e+00  ,0.000000000000e+00  ,0.000000000000e+00  ,0.000000000000e+00  ,0.000000000000e+00  ,0.000000000000e+00  ,0.000000000000e+00  ,0.000000000000e+00  ,0.000000000000e+00  ,0.000000000000e+00  ,0.000000000000e+00  ,0.000000000000e+00  ,0.000000000000e+00  ,0.000000000000e+00  ,0.000000000000e+00  ,0.000000000000e+00  ,0.000000000000e+00  ,0.000000000000e+00  ,0.000000000000e+00  ,0.000000000000e+00  ,0.000000000000e+00  ,0.000000000000e+00  ,0.000000000000e+00  ,0.000000000000e+00  ,0.000000000000e+00  ,0.000000000000e+00  ,0.000000000000e+00  ,0.000000000000e+00  ,0.000000000000e+00  ,0.000000000000e+00  ,0.000000000000e+00  ,0.000000000000e+00  ,0.000000000000e+00  ,0.000000000000e+00  ,0.000000000000e+00  ,0.000000000000e+00  ,0.000000000000e+00  ,0.000000000000e+00  ,0.000000000000e+00  
  4.100000000000e-05  ,2.117370968482e-02  ,0.000000000000e+00  ,0.000000000000e+00  ,0.000000000000e+00  ,0.000000000000e+00  ,0.000000000000e+00  ,0.000000000000e+00  ,0.000000000000e+00  ,0.000000000000e+00  ,0.000000000000e+00  ,0.000000000000e+00  ,0.000000000000e+00  ,0.000000000000e+00  ,0.000000000000e+00  ,0.000000000000e+00  ,0.000000000000e+00  ,0.000000000000e+00  ,0.000000000000e+00  ,0.000000000000e+00  ,0.000000000000e+00  ,0.000000000000e+00  ,0.000000000000e+00  ,0.000000000000e+00  ,0.000000000000e+00  ,0.000000000000e+00  ,0.000000000000e+00  ,0.000000000000e+00  ,0.000000000000e+00  ,0.000000000000e+00  ,0.000000000000e+00  ,0.000000000000e+00  ,0.000000000000e+00  ,0.000000000000e+00  ,0.000000000000e+00  ,0.000000000000e+00  ,0.000000000000e+00  ,0.000000000000e+00  ,0.000000000000e+00  ,0.000000000000e+00  ,0.000000000000e+00  ,0.000000000000e+00  ,0.000000000000e+00  ,0.000000000000e+00  ,0.000000000000e+00  ,0.000000000000e+00  ,0.000000000000e+00  ,0.000000000000e+00  ,0.000000000000e+00  ,0.000000000000e+00  ,0.000000000000e+00  ,0.000000000000e+00  ,0.000000000000e+00  ,0.000000000000e+00  ,0.000000000000e+00  ,0.000000000000e+00  ,0.000000000000e+00  ,0.000000000000e+00  ,0.000000000000e+00  ,0.000000000000e+00  ,0.000000000000e+00  ,0.000000000000e+00  ,0.000000000000e+00  ,0.000000000000e+00  ,0.000000000000e+00  ,0.000000000000e+00  ,0.000000000000e+00  ,0.000000000000e+00  ,0.000000000000e+00  ,0.000000000000e+00  ,0.000000000000e+00  ,0.000000000000e+00  ,0.000000000000e+00  ,0.000000000000e+00  ,0.000000000000e+00  ,0.000000000000e+00  ,0.000000000000e+00  ,0.000000000000e+00  ,0.000000000000e+00  ,0.000000000000e+00  ,0.000000000000e+00  ,0.000000000000e+00  ,0.000000000000e+00  ,0.000000000000e+00  ,0.000000000000e+00  ,0.000000000000e+00  ,0.000000000000e+00  ,0.000000000000e+00  ,0.000000000000e+00  ,0.000000000000e+00  ,0.000000000000e+00  ,0.000000000000e+00  ,0.000000000000e+00  ,0.000000000000e+00  ,0.000000000000e+00  ,0.000000000000e+00  ,0.000000000000e+00  ,0.000000000000e+00  ,0.000000000000e+00  ,0.000000000000e+00  ,0.000000000000e+00  ,0.000000000000e+00  ,0.000000000000e+00  ,0.000000000000e+00  ,0.000000000000e+00  ,0.000000000000e+00  ,0.000000000000e+00  ,0.000000000000e+00  ,0.000000000000e+00  ,0.000000000000e+00  ,0.000000000000e+00  ,0.000000000000e+00  ,0.000000000000e+00  ,0.000000000000e+00  ,0.000000000000e+00  ,0.000000000000e+00  ,0.000000000000e+00  ,0.000000000000e+00  ,0.000000000000e+00  ,0.000000000000e+00  ,0.000000000000e+00  ,0.000000000000e+00  ,0.000000000000e+00  ,0.000000000000e+00  ,0.000000000000e+00  ,0.000000000000e+00  ,0.000000000000e+00  ,0.000000000000e+00  ,0.000000000000e+00  ,0.000000000000e+00  ,0.000000000000e+00  ,0.000000000000e+00  ,0.000000000000e+00  ,0.000000000000e+00  ,0.000000000000e+00  ,0.000000000000e+00  ,0.000000000000e+00  ,0.000000000000e+00  ,0.000000000000e+00  ,0.000000000000e+00  ,0.000000000000e+00  ,0.000000000000e+00  ,0.000000000000e+00  ,0.000000000000e+00  ,0.000000000000e+00  ,0.000000000000e+00  ,0.000000000000e+00  ,0.000000000000e+00  ,0.000000000000e+00  ,0.000000000000e+00  ,0.000000000000e+00  ,0.000000000000e+00  ,0.000000000000e+00  ,0.000000000000e+00  ,0.000000000000e+00  
  4.200000000000e-05  ,2.142250940401e-02  ,0.000000000000e+00  ,0.000000000000e+00  ,0.000000000000e+00  ,0.000000000000e+00  ,0.000000000000e+00  ,0.000000000000e+00  ,0.000000000000e+00  ,0.000000000000e+00  ,0.000000000000e+00  ,0.000000000000e+00  ,0.000000000000e+00  ,0.000000000000e+00  ,0.000000000000e+00  ,0.000000000000e+00  ,0.000000000000e+00  ,0.000000000000e+00  ,0.000000000000e+00  ,0.000000000000e+00  ,0.000000000000e+00  ,0.000000000000e+00  ,0.000000000000e+00  ,0.000000000000e+00  ,0.000000000000e+00  ,0.000000000000e+00  ,0.000000000000e+00  ,0.000000000000e+00  ,0.000000000000e+00  ,0.000000000000e+00  ,0.000000000000e+00  ,0.000000000000e+00  ,0.000000000000e+00  ,0.000000000000e+00  ,0.000000000000e+00  ,0.000000000000e+00  ,0.000000000000e+00  ,0.000000000000e+00  ,0.000000000000e+00  ,0.000000000000e+00  ,0.000000000000e+00  ,0.000000000000e+00  ,0.000000000000e+00  ,0.000000000000e+00  ,0.000000000000e+00  ,0.000000000000e+00  ,0.000000000000e+00  ,0.000000000000e+00  ,0.000000000000e+00  ,0.000000000000e+00  ,0.000000000000e+00  ,0.000000000000e+00  ,0.000000000000e+00  ,0.000000000000e+00  ,0.000000000000e+00  ,0.000000000000e+00  ,0.000000000000e+00  ,0.000000000000e+00  ,0.000000000000e+00  ,0.000000000000e+00  ,0.000000000000e+00  ,0.000000000000e+00  ,0.000000000000e+00  ,0.000000000000e+00  ,0.000000000000e+00  ,0.000000000000e+00  ,0.000000000000e+00  ,0.000000000000e+00  ,0.000000000000e+00  ,0.000000000000e+00  ,0.000000000000e+00  ,0.000000000000e+00  ,0.000000000000e+00  ,0.000000000000e+00  ,0.000000000000e+00  ,0.000000000000e+00  ,0.000000000000e+00  ,0.000000000000e+00  ,0.000000000000e+00  ,0.000000000000e+00  ,0.000000000000e+00  ,0.000000000000e+00  ,0.000000000000e+00  ,0.000000000000e+00  ,0.000000000000e+00  ,0.000000000000e+00  ,0.000000000000e+00  ,0.000000000000e+00  ,0.000000000000e+00  ,0.000000000000e+00  ,0.000000000000e+00  ,0.000000000000e+00  ,0.000000000000e+00  ,0.000000000000e+00  ,0.000000000000e+00  ,0.000000000000e+00  ,0.000000000000e+00  ,0.000000000000e+00  ,0.000000000000e+00  ,0.000000000000e+00  ,0.000000000000e+00  ,0.000000000000e+00  ,0.000000000000e+00  ,0.000000000000e+00  ,0.000000000000e+00  ,0.000000000000e+00  ,0.000000000000e+00  ,0.000000000000e+00  ,0.000000000000e+00  ,0.000000000000e+00  ,0.000000000000e+00  ,0.000000000000e+00  ,0.000000000000e+00  ,0.000000000000e+00  ,0.000000000000e+00  ,0.000000000000e+00  ,0.000000000000e+00  ,0.000000000000e+00  ,0.000000000000e+00  ,0.000000000000e+00  ,0.000000000000e+00  ,0.000000000000e+00  ,0.000000000000e+00  ,0.000000000000e+00  ,0.000000000000e+00  ,0.000000000000e+00  ,0.000000000000e+00  ,0.000000000000e+00  ,0.000000000000e+00  ,0.000000000000e+00  ,0.000000000000e+00  ,0.000000000000e+00  ,0.000000000000e+00  ,0.000000000000e+00  ,0.000000000000e+00  ,0.000000000000e+00  ,0.000000000000e+00  ,0.000000000000e+00  ,0.000000000000e+00  ,0.000000000000e+00  ,0.000000000000e+00  ,0.000000000000e+00  ,0.000000000000e+00  ,0.000000000000e+00  ,0.000000000000e+00  ,0.000000000000e+00  ,0.000000000000e+00  ,0.000000000000e+00  ,0.000000000000e+00  ,0.000000000000e+00  ,0.000000000000e+00  ,0.000000000000e+00  ,0.000000000000e+00  ,0.000000000000e+00  ,0.000000000000e+00  
  4.300000000000e-05  ,2.166845256386e-02  ,0.000000000000e+00  ,0.000000000000e+00  ,0.000000000000e+00  ,0.000000000000e+00  ,0.000000000000e+00  ,0.000000000000e+00  ,0.000000000000e+00  ,0.000000000000e+00  ,0.000000000000e+00  ,0.000000000000e+00  ,0.000000000000e+00  ,0.000000000000e+00  ,0.000000000000e+00  ,0.000000000000e+00  ,0.000000000000e+00  ,0.000000000000e+00  ,0.000000000000e+00  ,0.000000000000e+00  ,0.000000000000e+00  ,0.000000000000e+00  ,0.000000000000e+00  ,0.000000000000e+00  ,0.000000000000e+00  ,0.000000000000e+00  ,0.000000000000e+00  ,0.000000000000e+00  ,0.000000000000e+00  ,0.000000000000e+00  ,0.000000000000e+00  ,0.000000000000e+00  ,0.000000000000e+00  ,0.000000000000e+00  ,0.000000000000e+00  ,0.000000000000e+00  ,0.000000000000e+00  ,0.000000000000e+00  ,0.000000000000e+00  ,0.000000000000e+00  ,0.000000000000e+00  ,0.000000000000e+00  ,0.000000000000e+00  ,0.000000000000e+00  ,0.000000000000e+00  ,0.000000000000e+00  ,0.000000000000e+00  ,0.000000000000e+00  ,0.000000000000e+00  ,0.000000000000e+00  ,0.000000000000e+00  ,0.000000000000e+00  ,0.000000000000e+00  ,0.000000000000e+00  ,0.000000000000e+00  ,0.000000000000e+00  ,0.000000000000e+00  ,0.000000000000e+00  ,0.000000000000e+00  ,0.000000000000e+00  ,0.000000000000e+00  ,0.000000000000e+00  ,0.000000000000e+00  ,0.000000000000e+00  ,0.000000000000e+00  ,0.000000000000e+00  ,0.000000000000e+00  ,0.000000000000e+00  ,0.000000000000e+00  ,0.000000000000e+00  ,0.000000000000e+00  ,0.000000000000e+00  ,0.000000000000e+00  ,0.000000000000e+00  ,0.000000000000e+00  ,0.000000000000e+00  ,0.000000000000e+00  ,0.000000000000e+00  ,0.000000000000e+00  ,0.000000000000e+00  ,0.000000000000e+00  ,0.000000000000e+00  ,0.000000000000e+00  ,0.000000000000e+00  ,0.000000000000e+00  ,0.000000000000e+00  ,0.000000000000e+00  ,0.000000000000e+00  ,0.000000000000e+00  ,0.000000000000e+00  ,0.000000000000e+00  ,0.000000000000e+00  ,0.000000000000e+00  ,0.000000000000e+00  ,0.000000000000e+00  ,0.000000000000e+00  ,0.000000000000e+00  ,0.000000000000e+00  ,0.000000000000e+00  ,0.000000000000e+00  ,0.000000000000e+00  ,0.000000000000e+00  ,0.000000000000e+00  ,0.000000000000e+00  ,0.000000000000e+00  ,0.000000000000e+00  ,0.000000000000e+00  ,0.000000000000e+00  ,0.000000000000e+00  ,0.000000000000e+00  ,0.000000000000e+00  ,0.000000000000e+00  ,0.000000000000e+00  ,0.000000000000e+00  ,0.000000000000e+00  ,0.000000000000e+00  ,0.000000000000e+00  ,0.000000000000e+00  ,0.000000000000e+00  ,0.000000000000e+00  ,0.000000000000e+00  ,0.000000000000e+00  ,0.000000000000e+00  ,0.000000000000e+00  ,0.000000000000e+00  ,0.000000000000e+00  ,0.000000000000e+00  ,0.000000000000e+00  ,0.000000000000e+00  ,0.000000000000e+00  ,0.000000000000e+00  ,0.000000000000e+00  ,0.000000000000e+00  ,0.000000000000e+00  ,0.000000000000e+00  ,0.000000000000e+00  ,0.000000000000e+00  ,0.000000000000e+00  ,0.000000000000e+00  ,0.000000000000e+00  ,0.000000000000e+00  ,0.000000000000e+00  ,0.000000000000e+00  ,0.000000000000e+00  ,0.000000000000e+00  ,0.000000000000e+00  ,0.000000000000e+00  ,0.000000000000e+00  ,0.000000000000e+00  ,0.000000000000e+00  ,0.000000000000e+00  ,0.000000000000e+00  ,0.000000000000e+00  ,0.000000000000e+00  ,0.000000000000e+00  
  4.400000000000e-05  ,2.191163535339e-02  ,0.000000000000e+00  ,0.000000000000e+00  ,0.000000000000e+00  ,0.000000000000e+00  ,0.000000000000e+00  ,0.000000000000e+00  ,0.000000000000e+00  ,0.000000000000e+00  ,0.000000000000e+00  ,0.000000000000e+00  ,0.000000000000e+00  ,0.000000000000e+00  ,0.000000000000e+00  ,0.000000000000e+00  ,0.000000000000e+00  ,0.000000000000e+00  ,0.000000000000e+00  ,0.000000000000e+00  ,0.000000000000e+00  ,0.000000000000e+00  ,0.000000000000e+00  ,0.000000000000e+00  ,0.000000000000e+00  ,0.000000000000e+00  ,0.000000000000e+00  ,0.000000000000e+00  ,0.000000000000e+00  ,0.000000000000e+00  ,0.000000000000e+00  ,0.000000000000e+00  ,0.000000000000e+00  ,0.000000000000e+00  ,0.000000000000e+00  ,0.000000000000e+00  ,0.000000000000e+00  ,0.000000000000e+00  ,0.000000000000e+00  ,0.000000000000e+00  ,0.000000000000e+00  ,0.000000000000e+00  ,0.000000000000e+00  ,0.000000000000e+00  ,0.000000000000e+00  ,0.000000000000e+00  ,0.000000000000e+00  ,0.000000000000e+00  ,0.000000000000e+00  ,0.000000000000e+00  ,0.000000000000e+00  ,0.000000000000e+00  ,0.000000000000e+00  ,0.000000000000e+00  ,0.000000000000e+00  ,0.000000000000e+00  ,0.000000000000e+00  ,0.000000000000e+00  ,0.000000000000e+00  ,0.000000000000e+00  ,0.000000000000e+00  ,0.000000000000e+00  ,0.000000000000e+00  ,0.000000000000e+00  ,0.000000000000e+00  ,0.000000000000e+00  ,0.000000000000e+00  ,0.000000000000e+00  ,0.000000000000e+00  ,0.000000000000e+00  ,0.000000000000e+00  ,0.000000000000e+00  ,0.000000000000e+00  ,0.000000000000e+00  ,0.000000000000e+00  ,0.000000000000e+00  ,0.000000000000e+00  ,0.000000000000e+00  ,0.000000000000e+00  ,0.000000000000e+00  ,0.000000000000e+00  ,0.000000000000e+00  ,0.000000000000e+00  ,0.000000000000e+00  ,0.000000000000e+00  ,0.000000000000e+00  ,0.000000000000e+00  ,0.000000000000e+00  ,0.000000000000e+00  ,0.000000000000e+00  ,0.000000000000e+00  ,0.000000000000e+00  ,0.000000000000e+00  ,0.000000000000e+00  ,0.000000000000e+00  ,0.000000000000e+00  ,0.000000000000e+00  ,0.000000000000e+00  ,0.000000000000e+00  ,0.000000000000e+00  ,0.000000000000e+00  ,0.000000000000e+00  ,0.000000000000e+00  ,0.000000000000e+00  ,0.000000000000e+00  ,0.000000000000e+00  ,0.000000000000e+00  ,0.000000000000e+00  ,0.000000000000e+00  ,0.000000000000e+00  ,0.000000000000e+00  ,0.000000000000e+00  ,0.000000000000e+00  ,0.000000000000e+00  ,0.000000000000e+00  ,0.000000000000e+00  ,0.000000000000e+00  ,0.000000000000e+00  ,0.000000000000e+00  ,0.000000000000e+00  ,0.000000000000e+00  ,0.000000000000e+00  ,0.000000000000e+00  ,0.000000000000e+00  ,0.000000000000e+00  ,0.000000000000e+00  ,0.000000000000e+00  ,0.000000000000e+00  ,0.000000000000e+00  ,0.000000000000e+00  ,0.000000000000e+00  ,0.000000000000e+00  ,0.000000000000e+00  ,0.000000000000e+00  ,0.000000000000e+00  ,0.000000000000e+00  ,0.000000000000e+00  ,0.000000000000e+00  ,0.000000000000e+00  ,0.000000000000e+00  ,0.000000000000e+00  ,0.000000000000e+00  ,0.000000000000e+00  ,0.000000000000e+00  ,0.000000000000e+00  ,0.000000000000e+00  ,0.000000000000e+00  ,0.000000000000e+00  ,0.000000000000e+00  ,0.000000000000e+00  ,0.000000000000e+00  ,0.000000000000e+00  ,0.000000000000e+00  ,0.000000000000e+00  ,0.000000000000e+00  
  4.500000000000e-05  ,2.215214868149e-02  ,0.000000000000e+00  ,0.000000000000e+00  ,0.000000000000e+00  ,0.000000000000e+00  ,0.000000000000e+00  ,0.000000000000e+00  ,0.000000000000e+00  ,0.000000000000e+00  ,0.000000000000e+00  ,0.000000000000e+00  ,0.000000000000e+00  ,0.000000000000e+00  ,0.000000000000e+00  ,0.000000000000e+00  ,0.000000000000e+00  ,0.000000000000e+00  ,0.000000000000e+00  ,0.000000000000e+00  ,0.000000000000e+00  ,0.000000000000e+00  ,0.000000000000e+00  ,0.000000000000e+00  ,0.000000000000e+00  ,0.000000000000e+00  ,0.000000000000e+00  ,0.000000000000e+00  ,0.000000000000e+00  ,0.000000000000e+00  ,0.000000000000e+00  ,0.000000000000e+00  ,0.000000000000e+00  ,0.000000000000e+00  ,0.000000000000e+00  ,0.000000000000e+00  ,0.000000000000e+00  ,0.000000000000e+00  ,0.000000000000e+00  ,0.000000000000e+00  ,0.000000000000e+00  ,0.000000000000e+00  ,0.000000000000e+00  ,0.000000000000e+00  ,0.000000000000e+00  ,0.000000000000e+00  ,0.000000000000e+00  ,0.000000000000e+00  ,0.000000000000e+00  ,0.000000000000e+00  ,0.000000000000e+00  ,0.000000000000e+00  ,0.000000000000e+00  ,0.000000000000e+00  ,0.000000000000e+00  ,0.000000000000e+00  ,0.000000000000e+00  ,0.000000000000e+00  ,0.000000000000e+00  ,0.000000000000e+00  ,0.000000000000e+00  ,0.000000000000e+00  ,0.000000000000e+00  ,0.000000000000e+00  ,0.000000000000e+00  ,0.000000000000e+00  ,0.000000000000e+00  ,0.000000000000e+00  ,0.000000000000e+00  ,0.000000000000e+00  ,0.000000000000e+00  ,0.000000000000e+00  ,0.000000000000e+00  ,0.000000000000e+00  ,0.000000000000e+00  ,0.000000000000e+00  ,0.000000000000e+00  ,0.000000000000e+00  ,0.000000000000e+00  ,0.000000000000e+00  ,0.000000000000e+00  ,0.000000000000e+00  ,0.000000000000e+00  ,0.000000000000e+00  ,0.000000000000e+00  ,0.000000000000e+00  ,0.000000000000e+00  ,0.000000000000e+00  ,0.000000000000e+00  ,0.000000000000e+00  ,0.000000000000e+00  ,0.000000000000e+00  ,0.000000000000e+00  ,0.000000000000e+00  ,0.000000000000e+00  ,0.000000000000e+00  ,0.000000000000e+00  ,0.000000000000e+00  ,0.000000000000e+00  ,0.000000000000e+00  ,0.000000000000e+00  ,0.000000000000e+00  ,0.000000000000e+00  ,0.000000000000e+00  ,0.000000000000e+00  ,0.000000000000e+00  ,0.000000000000e+00  ,0.000000000000e+00  ,0.000000000000e+00  ,0.000000000000e+00  ,0.000000000000e+00  ,0.000000000000e+00  ,0.000000000000e+00  ,0.000000000000e+00  ,0.000000000000e+00  ,0.000000000000e+00  ,0.000000000000e+00  ,0.000000000000e+00  ,0.000000000000e+00  ,0.000000000000e+00  ,0.000000000000e+00  ,0.000000000000e+00  ,0.000000000000e+00  ,0.000000000000e+00  ,0.000000000000e+00  ,0.000000000000e+00  ,0.000000000000e+00  ,0.000000000000e+00  ,0.000000000000e+00  ,0.000000000000e+00  ,0.000000000000e+00  ,0.000000000000e+00  ,0.000000000000e+00  ,0.000000000000e+00  ,0.000000000000e+00  ,0.000000000000e+00  ,0.000000000000e+00  ,0.000000000000e+00  ,0.000000000000e+00  ,0.000000000000e+00  ,0.000000000000e+00  ,0.000000000000e+00  ,0.000000000000e+00  ,0.000000000000e+00  ,0.000000000000e+00  ,0.000000000000e+00  ,0.000000000000e+00  ,0.000000000000e+00  ,0.000000000000e+00  ,0.000000000000e+00  ,0.000000000000e+00  ,0.000000000000e+00  ,0.000000000000e+00  ,0.000000000000e+00  ,0.000000000000e+00  
  4.600000000000e-05  ,2.239007857411e-02  ,0.000000000000e+00  ,0.000000000000e+00  ,0.000000000000e+00  ,0.000000000000e+00  ,0.000000000000e+00  ,0.000000000000e+00  ,0.000000000000e+00  ,0.000000000000e+00  ,0.000000000000e+00  ,0.000000000000e+00  ,0.000000000000e+00  ,0.000000000000e+00  ,0.000000000000e+00  ,0.000000000000e+00  ,0.000000000000e+00  ,0.000000000000e+00  ,0.000000000000e+00  ,0.000000000000e+00  ,0.000000000000e+00  ,0.000000000000e+00  ,0.000000000000e+00  ,0.000000000000e+00  ,0.000000000000e+00  ,0.000000000000e+00  ,0.000000000000e+00  ,0.000000000000e+00  ,0.000000000000e+00  ,0.000000000000e+00  ,0.000000000000e+00  ,0.000000000000e+00  ,0.000000000000e+00  ,0.000000000000e+00  ,0.000000000000e+00  ,0.000000000000e+00  ,0.000000000000e+00  ,0.000000000000e+00  ,0.000000000000e+00  ,0.000000000000e+00  ,0.000000000000e+00  ,0.000000000000e+00  ,0.000000000000e+00  ,0.000000000000e+00  ,0.000000000000e+00  ,0.000000000000e+00  ,0.000000000000e+00  ,0.000000000000e+00  ,0.000000000000e+00  ,0.000000000000e+00  ,0.000000000000e+00  ,0.000000000000e+00  ,0.000000000000e+00  ,0.000000000000e+00  ,0.000000000000e+00  ,0.000000000000e+00  ,0.000000000000e+00  ,0.000000000000e+00  ,0.000000000000e+00  ,0.000000000000e+00  ,0.000000000000e+00  ,0.000000000000e+00  ,0.000000000000e+00  ,0.000000000000e+00  ,0.000000000000e+00  ,0.000000000000e+00  ,0.000000000000e+00  ,0.000000000000e+00  ,0.000000000000e+00  ,0.000000000000e+00  ,0.000000000000e+00  ,0.000000000000e+00  ,0.000000000000e+00  ,0.000000000000e+00  ,0.000000000000e+00  ,0.000000000000e+00  ,0.000000000000e+00  ,0.000000000000e+00  ,0.000000000000e+00  ,0.000000000000e+00  ,0.000000000000e+00  ,0.000000000000e+00  ,0.000000000000e+00  ,0.000000000000e+00  ,0.000000000000e+00  ,0.000000000000e+00  ,0.000000000000e+00  ,0.000000000000e+00  ,0.000000000000e+00  ,0.000000000000e+00  ,0.000000000000e+00  ,0.000000000000e+00  ,0.000000000000e+00  ,0.000000000000e+00  ,0.000000000000e+00  ,0.000000000000e+00  ,0.000000000000e+00  ,0.000000000000e+00  ,0.000000000000e+00  ,0.000000000000e+00  ,0.000000000000e+00  ,0.000000000000e+00  ,0.000000000000e+00  ,0.000000000000e+00  ,0.000000000000e+00  ,0.000000000000e+00  ,0.000000000000e+00  ,0.000000000000e+00  ,0.000000000000e+00  ,0.000000000000e+00  ,0.000000000000e+00  ,0.000000000000e+00  ,0.000000000000e+00  ,0.000000000000e+00  ,0.000000000000e+00  ,0.000000000000e+00  ,0.000000000000e+00  ,0.000000000000e+00  ,0.000000000000e+00  ,0.000000000000e+00  ,0.000000000000e+00  ,0.000000000000e+00  ,0.000000000000e+00  ,0.000000000000e+00  ,0.000000000000e+00  ,0.000000000000e+00  ,0.000000000000e+00  ,0.000000000000e+00  ,0.000000000000e+00  ,0.000000000000e+00  ,0.000000000000e+00  ,0.000000000000e+00  ,0.000000000000e+00  ,0.000000000000e+00  ,0.000000000000e+00  ,0.000000000000e+00  ,0.000000000000e+00  ,0.000000000000e+00  ,0.000000000000e+00  ,0.000000000000e+00  ,0.000000000000e+00  ,0.000000000000e+00  ,0.000000000000e+00  ,0.000000000000e+00  ,0.000000000000e+00  ,0.000000000000e+00  ,0.000000000000e+00  ,0.000000000000e+00  ,0.000000000000e+00  ,0.000000000000e+00  ,0.000000000000e+00  ,0.000000000000e+00  ,0.000000000000e+00  ,0.000000000000e+00  ,0.000000000000e+00  
  4.700000000000e-05  ,2.262550653360e-02  ,0.000000000000e+00  ,0.000000000000e+00  ,0.000000000000e+00  ,0.000000000000e+00  ,0.000000000000e+00  ,0.000000000000e+00  ,0.000000000000e+00  ,0.000000000000e+00  ,0.000000000000e+00  ,0.000000000000e+00  ,0.000000000000e+00  ,0.000000000000e+00  ,0.000000000000e+00  ,0.000000000000e+00  ,0.000000000000e+00  ,0.000000000000e+00  ,0.000000000000e+00  ,0.000000000000e+00  ,0.000000000000e+00  ,0.000000000000e+00  ,0.000000000000e+00  ,0.000000000000e+00  ,0.000000000000e+00  ,0.000000000000e+00  ,0.000000000000e+00  ,0.000000000000e+00  ,0.000000000000e+00  ,0.000000000000e+00  ,0.000000000000e+00  ,0.000000000000e+00  ,0.000000000000e+00  ,0.000000000000e+00  ,0.000000000000e+00  ,0.000000000000e+00  ,0.000000000000e+00  ,0.000000000000e+00  ,0.000000000000e+00  ,0.000000000000e+00  ,0.000000000000e+00  ,0.000000000000e+00  ,0.000000000000e+00  ,0.000000000000e+00  ,0.000000000000e+00  ,0.000000000000e+00  ,0.000000000000e+00  ,0.000000000000e+00  ,0.000000000000e+00  ,0.000000000000e+00  ,0.000000000000e+00  ,0.000000000000e+00  ,0.000000000000e+00  ,0.000000000000e+00  ,0.000000000000e+00  ,0.000000000000e+00  ,0.000000000000e+00  ,0.000000000000e+00  ,0.000000000000e+00  ,0.000000000000e+00  ,0.000000000000e+00  ,0.000000000000e+00  ,0.000000000000e+00  ,0.000000000000e+00  ,0.000000000000e+00  ,0.000000000000e+00  ,0.000000000000e+00  ,0.000000000000e+00  ,0.000000000000e+00  ,0.000000000000e+00  ,0.000000000000e+00  ,0.000000000000e+00  ,0.000000000000e+00  ,0.000000000000e+00  ,0.000000000000e+00  ,0.000000000000e+00  ,0.000000000000e+00  ,0.000000000000e+00  ,0.000000000000e+00  ,0.000000000000e+00  ,0.000000000000e+00  ,0.000000000000e+00  ,0.000000000000e+00  ,0.000000000000e+00  ,0.000000000000e+00  ,0.000000000000e+00  ,0.000000000000e+00  ,0.000000000000e+00  ,0.000000000000e+00  ,0.000000000000e+00  ,0.000000000000e+00  ,0.000000000000e+00  ,0.000000000000e+00  ,0.000000000000e+00  ,0.000000000000e+00  ,0.000000000000e+00  ,0.000000000000e+00  ,0.000000000000e+00  ,0.000000000000e+00  ,0.000000000000e+00  ,0.000000000000e+00  ,0.000000000000e+00  ,0.000000000000e+00  ,0.000000000000e+00  ,0.000000000000e+00  ,0.000000000000e+00  ,0.000000000000e+00  ,0.000000000000e+00  ,0.000000000000e+00  ,0.000000000000e+00  ,0.000000000000e+00  ,0.000000000000e+00  ,0.000000000000e+00  ,0.000000000000e+00  ,0.000000000000e+00  ,0.000000000000e+00  ,0.000000000000e+00  ,0.000000000000e+00  ,0.000000000000e+00  ,0.000000000000e+00  ,0.000000000000e+00  ,0.000000000000e+00  ,0.000000000000e+00  ,0.000000000000e+00  ,0.000000000000e+00  ,0.000000000000e+00  ,0.000000000000e+00  ,0.000000000000e+00  ,0.000000000000e+00  ,0.000000000000e+00  ,0.000000000000e+00  ,0.000000000000e+00  ,0.000000000000e+00  ,0.000000000000e+00  ,0.000000000000e+00  ,0.000000000000e+00  ,0.000000000000e+00  ,0.000000000000e+00  ,0.000000000000e+00  ,0.000000000000e+00  ,0.000000000000e+00  ,0.000000000000e+00  ,0.000000000000e+00  ,0.000000000000e+00  ,0.000000000000e+00  ,0.000000000000e+00  ,0.000000000000e+00  ,0.000000000000e+00  ,0.000000000000e+00  ,0.000000000000e+00  ,0.000000000000e+00  ,0.000000000000e+00  ,0.000000000000e+00  ,0.000000000000e+00  ,0.000000000000e+00  
  4.800000000000e-05  ,2.285850986503e-02  ,0.000000000000e+00  ,0.000000000000e+00  ,0.000000000000e+00  ,0.000000000000e+00  ,0.000000000000e+00  ,0.000000000000e+00  ,0.000000000000e+00  ,0.000000000000e+00  ,0.000000000000e+00  ,0.000000000000e+00  ,0.000000000000e+00  ,0.000000000000e+00  ,0.000000000000e+00  ,0.000000000000e+00  ,0.000000000000e+00  ,0.000000000000e+00  ,0.000000000000e+00  ,0.000000000000e+00  ,0.000000000000e+00  ,0.000000000000e+00  ,0.000000000000e+00  ,0.000000000000e+00  ,0.000000000000e+00  ,0.000000000000e+00  ,0.000000000000e+00  ,0.000000000000e+00  ,0.000000000000e+00  ,0.000000000000e+00  ,0.000000000000e+00  ,0.000000000000e+00  ,0.000000000000e+00  ,0.000000000000e+00  ,0.000000000000e+00  ,0.000000000000e+00  ,0.000000000000e+00  ,0.000000000000e+00  ,0.000000000000e+00  ,0.000000000000e+00  ,0.000000000000e+00  ,0.000000000000e+00  ,0.000000000000e+00  ,0.000000000000e+00  ,0.000000000000e+00  ,0.000000000000e+00  ,0.000000000000e+00  ,0.000000000000e+00  ,0.000000000000e+00  ,0.000000000000e+00  ,0.000000000000e+00  ,0.000000000000e+00  ,0.000000000000e+00  ,0.000000000000e+00  ,0.000000000000e+00  ,0.000000000000e+00  ,0.000000000000e+00  ,0.000000000000e+00  ,0.000000000000e+00  ,0.000000000000e+00  ,0.000000000000e+00  ,0.000000000000e+00  ,0.000000000000e+00  ,0.000000000000e+00  ,0.000000000000e+00  ,0.000000000000e+00  ,0.000000000000e+00  ,0.000000000000e+00  ,0.000000000000e+00  ,0.000000000000e+00  ,0.000000000000e+00  ,0.000000000000e+00  ,0.000000000000e+00  ,0.000000000000e+00  ,0.000000000000e+00  ,0.000000000000e+00  ,0.000000000000e+00  ,0.000000000000e+00  ,0.000000000000e+00  ,0.000000000000e+00  ,0.000000000000e+00  ,0.000000000000e+00  ,0.000000000000e+00  ,0.000000000000e+00  ,0.000000000000e+00  ,0.000000000000e+00  ,0.000000000000e+00  ,0.000000000000e+00  ,0.000000000000e+00  ,0.000000000000e+00  ,0.000000000000e+00  ,0.000000000000e+00  ,0.000000000000e+00  ,0.000000000000e+00  ,0.000000000000e+00  ,0.000000000000e+00  ,0.000000000000e+00  ,0.000000000000e+00  ,0.000000000000e+00  ,0.000000000000e+00  ,0.000000000000e+00  ,0.000000000000e+00  ,0.000000000000e+00  ,0.000000000000e+00  ,0.000000000000e+00  ,0.000000000000e+00  ,0.000000000000e+00  ,0.000000000000e+00  ,0.000000000000e+00  ,0.000000000000e+00  ,0.000000000000e+00  ,0.000000000000e+00  ,0.000000000000e+00  ,0.000000000000e+00  ,0.000000000000e+00  ,0.000000000000e+00  ,0.000000000000e+00  ,0.000000000000e+00  ,0.000000000000e+00  ,0.000000000000e+00  ,0.000000000000e+00  ,0.000000000000e+00  ,0.000000000000e+00  ,0.000000000000e+00  ,0.000000000000e+00  ,0.000000000000e+00  ,0.000000000000e+00  ,0.000000000000e+00  ,0.000000000000e+00  ,0.000000000000e+00  ,0.000000000000e+00  ,0.000000000000e+00  ,0.000000000000e+00  ,0.000000000000e+00  ,0.000000000000e+00  ,0.000000000000e+00  ,0.000000000000e+00  ,0.000000000000e+00  ,0.000000000000e+00  ,0.000000000000e+00  ,0.000000000000e+00  ,0.000000000000e+00  ,0.000000000000e+00  ,0.000000000000e+00  ,0.000000000000e+00  ,0.000000000000e+00  ,0.000000000000e+00  ,0.000000000000e+00  ,0.000000000000e+00  ,0.000000000000e+00  ,0.000000000000e+00  ,0.000000000000e+00  ,0.000000000000e+00  ,0.000000000000e+00  ,0.000000000000e+00  
  4.900000000000e-05  ,2.308916197260e-02  ,0.000000000000e+00  ,0.000000000000e+00  ,0.000000000000e+00  ,0.000000000000e+00  ,0.000000000000e+00  ,0.000000000000e+00  ,0.000000000000e+00  ,0.000000000000e+00  ,0.000000000000e+00  ,0.000000000000e+00  ,0.000000000000e+00  ,0.000000000000e+00  ,0.000000000000e+00  ,0.000000000000e+00  ,0.000000000000e+00  ,0.000000000000e+00  ,0.000000000000e+00  ,0.000000000000e+00  ,0.000000000000e+00  ,0.000000000000e+00  ,0.000000000000e+00  ,0.000000000000e+00  ,0.000000000000e+00  ,0.000000000000e+00  ,0.000000000000e+00  ,0.000000000000e+00  ,0.000000000000e+00  ,0.000000000000e+00  ,0.000000000000e+00  ,0.000000000000e+00  ,0.000000000000e+00  ,0.000000000000e+00  ,0.000000000000e+00  ,0.000000000000e+00  ,0.000000000000e+00  ,0.000000000000e+00  ,0.000000000000e+00  ,0.000000000000e+00  ,0.000000000000e+00  ,0.000000000000e+00  ,0.000000000000e+00  ,0.000000000000e+00  ,0.000000000000e+00  ,0.000000000000e+00  ,0.000000000000e+00  ,0.000000000000e+00  ,0.000000000000e+00  ,0.000000000000e+00  ,0.000000000000e+00  ,0.000000000000e+00  ,0.000000000000e+00  ,0.000000000000e+00  ,0.000000000000e+00  ,0.000000000000e+00  ,0.000000000000e+00  ,0.000000000000e+00  ,0.000000000000e+00  ,0.000000000000e+00  ,0.000000000000e+00  ,0.000000000000e+00  ,0.000000000000e+00  ,0.000000000000e+00  ,0.000000000000e+00  ,0.000000000000e+00  ,0.000000000000e+00  ,0.000000000000e+00  ,0.000000000000e+00  ,0.000000000000e+00  ,0.000000000000e+00  ,0.000000000000e+00  ,0.000000000000e+00  ,0.000000000000e+00  ,0.000000000000e+00  ,0.000000000000e+00  ,0.000000000000e+00  ,0.000000000000e+00  ,0.000000000000e+00  ,0.000000000000e+00  ,0.000000000000e+00  ,0.000000000000e+00  ,0.000000000000e+00  ,0.000000000000e+00  ,0.000000000000e+00  ,0.000000000000e+00  ,0.000000000000e+00  ,0.000000000000e+00  ,0.000000000000e+00  ,0.000000000000e+00  ,0.000000000000e+00  ,0.000000000000e+00  ,0.000000000000e+00  ,0.000000000000e+00  ,0.000000000000e+00  ,0.000000000000e+00  ,0.000000000000e+00  ,0.000000000000e+00  ,0.000000000000e+00  ,0.000000000000e+00  ,0.000000000000e+00  ,0.000000000000e+00  ,0.000000000000e+00  ,0.000000000000e+00  ,0.000000000000e+00  ,0.000000000000e+00  ,0.000000000000e+00  ,0.000000000000e+00  ,0.000000000000e+00  ,0.000000000000e+00  ,0.000000000000e+00  ,0.000000000000e+00  ,0.000000000000e+00  ,0.000000000000e+00  ,0.000000000000e+00  ,0.000000000000e+00  ,0.000000000000e+00  ,0.000000000000e+00  ,0.000000000000e+00  ,0.000000000000e+00  ,0.000000000000e+00  ,0.000000000000e+00  ,0.000000000000e+00  ,0.000000000000e+00  ,0.000000000000e+00  ,0.000000000000e+00  ,0.000000000000e+00  ,0.000000000000e+00  ,0.000000000000e+00  ,0.000000000000e+00  ,0.000000000000e+00  ,0.000000000000e+00  ,0.000000000000e+00  ,0.000000000000e+00  ,0.000000000000e+00  ,0.000000000000e+00  ,0.000000000000e+00  ,0.000000000000e+00  ,0.000000000000e+00  ,0.000000000000e+00  ,0.000000000000e+00  ,0.000000000000e+00  ,0.000000000000e+00  ,0.000000000000e+00  ,0.000000000000e+00  ,0.000000000000e+00  ,0.000000000000e+00  ,0.000000000000e+00  ,0.000000000000e+00  ,0.000000000000e+00  ,0.000000000000e+00  ,0.000000000000e+00  ,0.000000000000e+00  ,0.000000000000e+00  ,0.000000000000e+00  
  5.000000000000e-05  ,2.331753262986e-02  ,0.000000000000e+00  ,0.000000000000e+00  ,0.000000000000e+00  ,0.000000000000e+00  ,0.000000000000e+00  ,0.000000000000e+00  ,0.000000000000e+00  ,0.000000000000e+00  ,0.000000000000e+00  ,0.000000000000e+00  ,0.000000000000e+00  ,0.000000000000e+00  ,0.000000000000e+00  ,0.000000000000e+00  ,0.000000000000e+00  ,0.000000000000e+00  ,0.000000000000e+00  ,0.000000000000e+00  ,0.000000000000e+00  ,0.000000000000e+00  ,0.000000000000e+00  ,0.000000000000e+00  ,0.000000000000e+00  ,0.000000000000e+00  ,0.000000000000e+00  ,0.000000000000e+00  ,0.000000000000e+00  ,0.000000000000e+00  ,0.000000000000e+00  ,0.000000000000e+00  ,0.000000000000e+00  ,0.000000000000e+00  ,0.000000000000e+00  ,0.000000000000e+00  ,0.000000000000e+00  ,0.000000000000e+00  ,0.000000000000e+00  ,0.000000000000e+00  ,0.000000000000e+00  ,0.000000000000e+00  ,0.000000000000e+00  ,0.000000000000e+00  ,0.000000000000e+00  ,0.000000000000e+00  ,0.000000000000e+00  ,0.000000000000e+00  ,0.000000000000e+00  ,0.000000000000e+00  ,0.000000000000e+00  ,0.000000000000e+00  ,0.000000000000e+00  ,0.000000000000e+00  ,0.000000000000e+00  ,0.000000000000e+00  ,0.000000000000e+00  ,0.000000000000e+00  ,0.000000000000e+00  ,0.000000000000e+00  ,0.000000000000e+00  ,0.000000000000e+00  ,0.000000000000e+00  ,0.000000000000e+00  ,0.000000000000e+00  ,0.000000000000e+00  ,0.000000000000e+00  ,0.000000000000e+00  ,0.000000000000e+00  ,0.000000000000e+00  ,0.000000000000e+00  ,0.000000000000e+00  ,0.000000000000e+00  ,0.000000000000e+00  ,0.000000000000e+00  ,0.000000000000e+00  ,0.000000000000e+00  ,0.000000000000e+00  ,0.000000000000e+00  ,0.000000000000e+00  ,0.000000000000e+00  ,0.000000000000e+00  ,0.000000000000e+00  ,0.000000000000e+00  ,0.000000000000e+00  ,0.000000000000e+00  ,0.000000000000e+00  ,0.000000000000e+00  ,0.000000000000e+00  ,0.000000000000e+00  ,0.000000000000e+00  ,0.000000000000e+00  ,0.000000000000e+00  ,0.000000000000e+00  ,0.000000000000e+00  ,0.000000000000e+00  ,0.000000000000e+00  ,0.000000000000e+00  ,0.000000000000e+00  ,0.000000000000e+00  ,0.000000000000e+00  ,0.000000000000e+00  ,0.000000000000e+00  ,0.000000000000e+00  ,0.000000000000e+00  ,0.000000000000e+00  ,0.000000000000e+00  ,0.000000000000e+00  ,0.000000000000e+00  ,0.000000000000e+00  ,0.000000000000e+00  ,0.000000000000e+00  ,0.000000000000e+00  ,0.000000000000e+00  ,0.000000000000e+00  ,0.000000000000e+00  ,0.000000000000e+00  ,0.000000000000e+00  ,0.000000000000e+00  ,0.000000000000e+00  ,0.000000000000e+00  ,0.000000000000e+00  ,0.000000000000e+00  ,0.000000000000e+00  ,0.000000000000e+00  ,0.000000000000e+00  ,0.000000000000e+00  ,0.000000000000e+00  ,0.000000000000e+00  ,0.000000000000e+00  ,0.000000000000e+00  ,0.000000000000e+00  ,0.000000000000e+00  ,0.000000000000e+00  ,0.000000000000e+00  ,0.000000000000e+00  ,0.000000000000e+00  ,0.000000000000e+00  ,0.000000000000e+00  ,0.000000000000e+00  ,0.000000000000e+00  ,0.000000000000e+00  ,0.000000000000e+00  ,0.000000000000e+00  ,0.000000000000e+00  ,0.000000000000e+00  ,0.000000000000e+00  ,0.000000000000e+00  ,0.000000000000e+00  ,0.000000000000e+00  ,0.000000000000e+00  ,0.000000000000e+00  ,0.000000000000e+00  ,0.000000000000e+00  ,0.000000000000e+00  
