  Frequency            , NTOT(ONOISE)         
  1.000000000000e+00  ,6.240191755013e-10  
  1.002305238078e+00  ,6.254623094607e-10  
  1.004615790278e+00  ,6.269087747400e-10  
  1.006931668852e+00  ,6.283585789233e-10  
  1.009252886077e+00  ,6.298117296112e-10  
  1.011579454260e+00  ,6.312682344206e-10  
  1.013911385737e+00  ,6.327281009846e-10  
  1.016248692871e+00  ,6.341913369527e-10  
  1.018591388054e+00  ,6.356579499906e-10  
  1.020939483708e+00  ,6.371279477806e-10  
  1.023292992281e+00  ,6.386013380211e-10  
  1.025651926251e+00  ,6.400781284272e-10  
  1.028016298126e+00  ,6.415583267304e-10  
  1.030386120442e+00  ,6.430419406786e-10  
  1.032761405761e+00  ,6.445289780361e-10  
  1.035142166679e+00  ,6.460194465841e-10  
  1.037528415818e+00  ,6.475133541199e-10  
  1.039920165829e+00  ,6.490107084577e-10  
  1.042317429393e+00  ,6.505115174283e-10  
  1.044720219221e+00  ,6.520157888790e-10  
  1.047128548051e+00  ,6.535235306737e-10  
  1.049542428652e+00  ,6.550347506932e-10  
  1.051961873823e+00  ,6.565494568348e-10  
  1.054386896391e+00  ,6.580676570129e-10  
  1.056817509214e+00  ,6.595893591581e-10  
  1.059253725177e+00  ,6.611145712182e-10  
  1.061695557199e+00  ,6.626433011578e-10  
  1.064143018224e+00  ,6.641755569580e-10  
  1.066596121230e+00  ,6.657113466174e-10  
  1.069054879223e+00  ,6.672506781507e-10  
  1.071519305238e+00  ,6.687935595902e-10  
  1.073989412341e+00  ,6.703399989847e-10  
  1.076465213630e+00  ,6.718900044002e-10  
  1.078946722230e+00  ,6.734435839195e-10  
  1.081433951298e+00  ,6.750007456427e-10  
  1.083926914021e+00  ,6.765614976867e-10  
  1.086425623617e+00  ,6.781258481854e-10  
  1.088930093333e+00  ,6.796938052901e-10  
  1.091440336449e+00  ,6.812653771690e-10  
  1.093956366272e+00  ,6.828405720074e-10  
  1.096478196143e+00  ,6.844193980079e-10  
  1.099005839433e+00  ,6.860018633903e-10  
  1.101539309541e+00  ,6.875879763914e-10  
  1.104078619902e+00  ,6.891777452656e-10  
  1.106623783978e+00  ,6.907711782841e-10  
  1.109174815262e+00  ,6.923682837359e-10  
  1.111731727282e+00  ,6.939690699269e-10  
  1.114294533592e+00  ,6.955735451805e-10  
  1.116863247781e+00  ,6.971817178375e-10  
  1.119437883467e+00  ,6.987935962561e-10  
  1.122018454302e+00  ,7.004091888118e-10  
  1.124604973967e+00  ,7.020285038975e-10  
  1.127197456176e+00  ,7.036515499237e-10  
  1.129795914673e+00  ,7.052783353184e-10  
  1.132400363236e+00  ,7.069088685270e-10  
  1.135010815672e+00  ,7.085431580125e-10  
  1.137627285823e+00  ,7.101812122552e-10  
  1.140249787561e+00  ,7.118230397535e-10  
  1.142878334790e+00  ,7.134686490229e-10  
  1.145512941446e+00  ,7.151180485968e-10  
  1.148153621497e+00  ,7.167712470261e-10  
  1.150800388944e+00  ,7.184282528794e-10  
  1.153453257821e+00  ,7.200890747433e-10  
  1.156112242192e+00  ,7.217537212216e-10  
  1.158777356155e+00  ,7.234222009361e-10  
  1.161448613840e+00  ,7.250945225265e-10  
  1.164126029410e+00  ,7.267706946500e-10  
  1.166809617061e+00  ,7.284507259819e-10  
  1.169499391020e+00  ,7.301346252151e-10  
  1.172195365548e+00  ,7.318224010604e-10  
  1.174897554940e+00  ,7.335140622466e-10  
  1.177605973521e+00  ,7.352096175204e-10  
  1.180320635652e+00  ,7.369090756461e-10  
  1.183041555725e+00  ,7.386124454065e-10  
  1.185768748167e+00  ,7.403197356018e-10  
  1.188502227437e+00  ,7.420309550506e-10  
  1.191242008027e+00  ,7.437461125893e-10  
  1.193988104464e+00  ,7.454652170723e-10  
  1.196740531307e+00  ,7.471882773724e-10  
  1.199499303149e+00  ,7.489153023801e-10  
  1.202264434617e+00  ,7.506463010041e-10  
  1.205035940372e+00  ,7.523812821712e-10  
  1.207813835107e+00  ,7.541202548265e-10  
  1.210598133550e+00  ,7.558632279332e-10  
  1.213388850465e+00  ,7.576102104725e-10  
  1.216186000646e+00  ,7.593612114441e-10  
  1.218989598925e+00  ,7.611162398656e-10  
  1.221799660165e+00  ,7.628753047731e-10  
  1.224616199265e+00  ,7.646384152210e-10  
  1.227439231158e+00  ,7.664055802817e-10  
  1.230268770812e+00  ,7.681768090463e-10  
  1.233104833229e+00  ,7.699521106238e-10  
  1.235947433445e+00  ,7.717314941420e-10  
  1.238796586530e+00  ,7.735149687466e-10  
  1.241652307592e+00  ,7.753025436022e-10  
  1.244514611771e+00  ,7.770942278914e-10  
  1.247383514243e+00  ,7.788900308154e-10  
  1.250259030218e+00  ,7.806899615938e-10  
  1.253141174941e+00  ,7.824940294648e-10  
  1.256029963695e+00  ,7.843022436849e-10  
  1.258925411794e+00  ,7.861146135293e-10  
  1.261827534591e+00  ,7.879311482915e-10  
  1.264736347471e+00  ,7.897518572839e-10  
  1.267651865858e+00  ,7.915767498370e-10  
  1.270574105209e+00  ,7.934058353003e-10  
  1.273503081017e+00  ,7.952391230417e-10  
  1.276438808811e+00  ,7.970766224477e-10  
  1.279381304158e+00  ,7.989183429236e-10  
  1.282330582656e+00  ,8.007642938932e-10  
  1.285286659944e+00  ,8.026144847991e-10  
  1.288249551693e+00  ,8.044689251026e-10  
  1.291219273614e+00  ,8.063276242835e-10  
  1.294195841450e+00  ,8.081905918405e-10  
  1.297179270984e+00  ,8.100578372911e-10  
  1.300169578033e+00  ,8.119293701715e-10  
  1.303166778452e+00  ,8.138052000367e-10  
  1.306170888132e+00  ,8.156853364605e-10  
  1.309181922999e+00  ,8.175697890354e-10  
  1.312199899019e+00  ,8.194585673730e-10  
  1.315224832192e+00  ,8.213516811034e-10  
  1.318256738556e+00  ,8.232491398759e-10  
  1.321295634187e+00  ,8.251509533586e-10  
  1.324341535195e+00  ,8.270571312382e-10  
  1.327394457730e+00  ,8.289676832208e-10  
  1.330454417978e+00  ,8.308826190310e-10  
  1.333521432163e+00  ,8.328019484128e-10  
  1.336595516546e+00  ,8.347256811286e-10  
  1.339676687426e+00  ,8.366538269603e-10  
  1.342764961138e+00  ,8.385863957085e-10  
  1.345860354056e+00  ,8.405233971929e-10  
  1.348962882592e+00  ,8.424648412522e-10  
  1.352072563194e+00  ,8.444107377441e-10  
  1.355189412351e+00  ,8.463610965454e-10  
  1.358313446587e+00  ,8.483159275521e-10  
  1.361444682466e+00  ,8.502752406790e-10  
  1.364583136589e+00  ,8.522390458602e-10  
  1.367728825596e+00  ,8.542073530488e-10  
  1.370881766165e+00  ,8.561801722171e-10  
  1.374041975013e+00  ,8.581575133565e-10  
  1.377209468894e+00  ,8.601393864776e-10  
  1.380384264603e+00  ,8.621258016100e-10  
  1.383566378972e+00  ,8.641167688026e-10  
  1.386755828872e+00  ,8.661122981236e-10  
  1.389952631213e+00  ,8.681123996601e-10  
  1.393156802945e+00  ,8.701170835187e-10  
  1.396368361056e+00  ,8.721263598251e-10  
  1.399587322573e+00  ,8.741402387242e-10  
  1.402813704562e+00  ,8.761587303800e-10  
  1.406047524130e+00  ,8.781818449762e-10  
  1.409288798422e+00  ,8.802095927153e-10  
  1.412537544623e+00  ,8.822419838194e-10  
  1.415793779957e+00  ,8.842790285298e-10  
  1.419057521689e+00  ,8.863207371069e-10  
  1.422328787123e+00  ,8.883671198307e-10  
  1.425607593602e+00  ,8.904181870002e-10  
  1.428893958511e+00  ,8.924739489342e-10  
  1.432187899274e+00  ,8.945344159704e-10  
  1.435489433354e+00  ,8.965995984659e-10  
  1.438798578256e+00  ,8.986695067974e-10  
  1.442115351525e+00  ,9.007441513608e-10  
  1.445439770746e+00  ,9.028235425713e-10  
  1.448771853545e+00  ,9.049076908636e-10  
  1.452111617588e+00  ,9.069966066919e-10  
  1.455459080582e+00  ,9.090903005295e-10  
  1.458814260275e+00  ,9.111887828692e-10  
  1.462177174457e+00  ,9.132920642233e-10  
  1.465547840956e+00  ,9.154001551237e-10  
  1.468926277644e+00  ,9.175130661213e-10  
  1.472312502433e+00  ,9.196308077866e-10  
  1.475706533276e+00  ,9.217533907097e-10  
  1.479108388168e+00  ,9.238808254999e-10  
  1.482518085146e+00  ,9.260131227862e-10  
  1.485935642287e+00  ,9.281502932168e-10  
  1.489361077711e+00  ,9.302923474595e-10  
  1.492794409579e+00  ,9.324392962016e-10  
  1.496235656094e+00  ,9.345911501496e-10  
  1.499684835502e+00  ,9.367479200300e-10  
  1.503141966090e+00  ,9.389096165881e-10  
  1.506607066187e+00  ,9.410762505893e-10  
  1.510080154164e+00  ,9.432478328181e-10  
  1.513561248436e+00  ,9.454243740786e-10  
  1.517050367459e+00  ,9.476058851943e-10  
  1.520547529732e+00  ,9.497923770084e-10  
  1.524052753797e+00  ,9.519838603834e-10  
  1.527566058238e+00  ,9.541803462014e-10  
  1.531087461682e+00  ,9.563818453638e-10  
  1.534616982799e+00  ,9.585883687919e-10  
  1.538154640303e+00  ,9.607999274261e-10  
  1.541700452950e+00  ,9.630165322264e-10  
  1.545254439538e+00  ,9.652381941724e-10  
  1.548816618912e+00  ,9.674649242632e-10  
  1.552387009958e+00  ,9.696967335173e-10  
  1.555965631605e+00  ,9.719336329727e-10  
  1.559552502827e+00  ,9.741756336869e-10  
  1.563147642641e+00  ,9.764227467371e-10  
  1.566751070108e+00  ,9.786749832196e-10  
  1.570362804334e+00  ,9.809323542505e-10  
  1.573982864466e+00  ,9.831948709654e-10  
  1.577611269699e+00  ,9.854625445191e-10  
  1.581248039270e+00  ,9.877353860863e-10  
  1.584893192461e+00  ,9.900134068606e-10  
  1.588546748598e+00  ,9.922966180558e-10  
  1.592208727051e+00  ,9.945850309045e-10  
  1.595879147237e+00  ,9.968786566593e-10  
  1.599558028615e+00  ,9.991775065918e-10  
  1.603245390690e+00  ,1.001481591993e-09  
  1.606941253013e+00  ,1.003790924175e-09  
  1.610645635178e+00  ,1.006105514466e-09  
  1.614358556826e+00  ,1.008425374217e-09  
  1.618080037643e+00  ,1.010750514797e-09  
  1.621810097359e+00  ,1.013080947593e-09  
  1.625548755750e+00  ,1.015416684015e-09  
  1.629296032640e+00  ,1.017757735489e-09  
  1.633051947894e+00  ,1.020104113461e-09  
  1.636816521428e+00  ,1.022455829399e-09  
  1.640589773200e+00  ,1.024812894787e-09  
  1.644371723215e+00  ,1.027175321131e-09  
  1.648162391525e+00  ,1.029543119954e-09  
  1.651961798229e+00  ,1.031916302800e-09  
  1.655769963470e+00  ,1.034294881232e-09  
  1.659586907438e+00  ,1.036678866832e-09  
  1.663412650370e+00  ,1.039068271202e-09  
  1.667247212551e+00  ,1.041463105963e-09  
  1.671090614311e+00  ,1.043863382754e-09  
  1.674942876026e+00  ,1.046269113235e-09  
  1.678804018123e+00  ,1.048680309085e-09  
  1.682674061070e+00  ,1.051096982002e-09  
  1.686553025389e+00  ,1.053519143703e-09  
  1.690440931643e+00  ,1.055946805925e-09  
  1.694337800447e+00  ,1.058379980422e-09  
  1.698243652462e+00  ,1.060818678970e-09  
  1.702158508395e+00  ,1.063262913363e-09  
  1.706082389003e+00  ,1.065712695413e-09  
  1.710015315090e+00  ,1.068168036954e-09  
  1.713957307508e+00  ,1.070628949837e-09  
  1.717908387158e+00  ,1.073095445932e-09  
  1.721868574986e+00  ,1.075567537129e-09  
  1.725837891990e+00  ,1.078045235336e-09  
  1.729816359215e+00  ,1.080528552482e-09  
  1.733803997754e+00  ,1.083017500513e-09  
  1.737800828749e+00  ,1.085512091394e-09  
  1.741806873392e+00  ,1.088012337112e-09  
  1.745822152920e+00  ,1.090518249669e-09  
  1.749846688625e+00  ,1.093029841088e-09  
  1.753880501842e+00  ,1.095547123410e-09  
  1.757923613959e+00  ,1.098070108698e-09  
  1.761976046412e+00  ,1.100598809029e-09  
  1.766037820686e+00  ,1.103133236502e-09  
  1.770108958317e+00  ,1.105673403234e-09  
  1.774189480890e+00  ,1.108219321361e-09  
  1.778279410039e+00  ,1.110771003038e-09  
  1.782378767448e+00  ,1.113328460438e-09  
  1.786487574852e+00  ,1.115891705754e-09  
  1.790605854035e+00  ,1.118460751196e-09  
  1.794733626833e+00  ,1.121035608994e-09  
  1.798870915129e+00  ,1.123616291395e-09  
  1.803017740860e+00  ,1.126202810668e-09  
  1.807174126011e+00  ,1.128795179097e-09  
  1.811340092620e+00  ,1.131393408986e-09  
  1.815515662773e+00  ,1.133997512658e-09  
  1.819700858610e+00  ,1.136607502454e-09  
  1.823895702320e+00  ,1.139223390733e-09  
  1.828100216143e+00  ,1.141845189873e-09  
  1.832314422371e+00  ,1.144472912270e-09  
  1.836538343348e+00  ,1.147106570339e-09  
  1.840772001469e+00  ,1.149746176513e-09  
  1.845015419179e+00  ,1.152391743243e-09  
  1.849268618978e+00  ,1.155043282999e-09  
  1.853531623415e+00  ,1.157700808268e-09  
  1.857804455092e+00  ,1.160364331557e-09  
  1.862087136663e+00  ,1.163033865390e-09  
  1.866379690835e+00  ,1.165709422308e-09  
  1.870682140366e+00  ,1.168391014872e-09  
  1.874994508067e+00  ,1.171078655660e-09  
  1.879316816803e+00  ,1.173772357269e-09  
  1.883649089490e+00  ,1.176472132313e-09  
  1.887991349096e+00  ,1.179177993424e-09  
  1.892343618645e+00  ,1.181889953252e-09  
  1.896705921211e+00  ,1.184608024465e-09  
  1.901078279923e+00  ,1.187332219749e-09  
  1.905460717963e+00  ,1.190062551807e-09  
  1.909853258566e+00  ,1.192799033360e-09  
  1.914255925021e+00  ,1.195541677147e-09  
  1.918668740670e+00  ,1.198290495925e-09  
  1.923091728910e+00  ,1.201045502467e-09  
  1.927524913191e+00  ,1.203806709564e-09  
  1.931968317017e+00  ,1.206574130027e-09  
  1.936421963947e+00  ,1.209347776680e-09  
  1.940885877593e+00  ,1.212127662368e-09  
  1.945360081623e+00  ,1.214913799952e-09  
  1.949844599758e+00  ,1.217706202310e-09  
  1.954339455775e+00  ,1.220504882337e-09  
  1.958844673506e+00  ,1.223309852947e-09  
  1.963360276836e+00  ,1.226121127068e-09  
  1.967886289707e+00  ,1.228938717649e-09  
  1.972422736115e+00  ,1.231762637652e-09  
  1.976969640112e+00  ,1.234592900059e-09  
  1.981527025805e+00  ,1.237429517867e-09  
  1.986094917357e+00  ,1.240272504090e-09  
  1.990673338987e+00  ,1.243121871761e-09  
  1.995262314969e+00  ,1.245977633926e-09  
  1.999861869633e+00  ,1.248839803651e-09  
  2.004472027365e+00  ,1.251708394018e-09  
  2.009092812609e+00  ,1.254583418122e-09  
  2.013724249862e+00  ,1.257464889080e-09  
  2.018366363682e+00  ,1.260352820021e-09  
  2.023019178678e+00  ,1.263247224094e-09  
  2.027682719521e+00  ,1.266148114460e-09  
  2.032357010936e+00  ,1.269055504299e-09  
  2.037042077706e+00  ,1.271969406808e-09  
  2.041737944669e+00  ,1.274889835199e-09  
  2.046444636725e+00  ,1.277816802698e-09  
  2.051162178826e+00  ,1.280750322549e-09  
  2.055890595984e+00  ,1.283690408014e-09  
  2.060629913270e+00  ,1.286637072365e-09  
  2.065380155810e+00  ,1.289590328896e-09  
  2.070141348791e+00  ,1.292550190913e-09  
  2.074913517455e+00  ,1.295516671738e-09  
  2.079696687104e+00  ,1.298489784710e-09  
  2.084490883097e+00  ,1.301469543181e-09  
  2.089296130854e+00  ,1.304455960521e-09  
  2.094112455851e+00  ,1.307449050114e-09  
  2.098939883623e+00  ,1.310448825359e-09  
  2.103778439766e+00  ,1.313455299670e-09  
  2.108628149933e+00  ,1.316468486478e-09  
  2.113489039837e+00  ,1.319488399226e-09  
  2.118361135248e+00  ,1.322515051374e-09  
  2.123244462000e+00  ,1.325548456397e-09  
  2.128139045983e+00  ,1.328588627783e-09  
  2.133044913147e+00  ,1.331635579036e-09  
  2.137962089502e+00  ,1.334689323674e-09  
  2.142890601120e+00  ,1.337749875230e-09  
  2.147830474130e+00  ,1.340817247252e-09  
  2.152781734724e+00  ,1.343891453299e-09  
  2.157744409153e+00  ,1.346972506949e-09  
  2.162718523727e+00  ,1.350060421790e-09  
  2.167704104820e+00  ,1.353155211427e-09  
  2.172701178864e+00  ,1.356256889477e-09  
  2.177709772353e+00  ,1.359365469572e-09  
  2.182729911843e+00  ,1.362480965357e-09  
  2.187761623950e+00  ,1.365603390491e-09  
  2.192804935350e+00  ,1.368732758646e-09  
  2.197859872785e+00  ,1.371869083510e-09  
  2.202926463053e+00  ,1.375012378781e-09  
  2.208004733019e+00  ,1.378162658171e-09  
  2.213094709606e+00  ,1.381319935408e-09  
  2.218196419800e+00  ,1.384484224229e-09  
  2.223309890651e+00  ,1.387655538386e-09  
  2.228435149270e+00  ,1.390833891644e-09  
  2.233572222830e+00  ,1.394019297782e-09  
  2.238721138568e+00  ,1.397211770588e-09  
  2.243881923783e+00  ,1.400411323865e-09  
  2.249054605836e+00  ,1.403617971430e-09  
  2.254239212152e+00  ,1.406831727109e-09  
  2.259435770221e+00  ,1.410052604741e-09  
  2.264644307593e+00  ,1.413280618179e-09  
  2.269864851884e+00  ,1.416515781287e-09  
  2.275097430772e+00  ,1.419758107940e-09  
  2.280342072000e+00  ,1.423007612025e-09  
  2.285598803375e+00  ,1.426264307442e-09  
  2.290867652768e+00  ,1.429528208101e-09  
  2.296148648112e+00  ,1.432799327924e-09  
  2.301441817408e+00  ,1.436077680845e-09  
  2.306747188720e+00  ,1.439363280808e-09  
  2.312064790176e+00  ,1.442656141768e-09  
  2.317394649968e+00  ,1.445956277692e-09  
  2.322736796357e+00  ,1.449263702557e-09  
  2.328091257665e+00  ,1.452578430352e-09  
  2.333458062281e+00  ,1.455900475073e-09  
  2.338837238659e+00  ,1.459229850731e-09  
  2.344228815320e+00  ,1.462566571345e-09  
  2.349632820848e+00  ,1.465910650943e-09  
  2.355049283896e+00  ,1.469262103565e-09  
  2.360478233181e+00  ,1.472620943261e-09  
  2.365919697486e+00  ,1.475987184088e-09  
  2.371373705662e+00  ,1.479360840117e-09  
  2.376840286625e+00  ,1.482741925424e-09  
  2.382319469359e+00  ,1.486130454097e-09  
  2.387811282913e+00  ,1.489526440233e-09  
  2.393315756405e+00  ,1.492929897937e-09  
  2.398832919019e+00  ,1.496340841324e-09  
  2.404362800007e+00  ,1.499759284517e-09  
  2.409905428687e+00  ,1.503185241648e-09  
  2.415460834445e+00  ,1.506618726857e-09  
  2.421029046736e+00  ,1.510059754293e-09  
  2.426610095082e+00  ,1.513508338114e-09  
  2.432204009074e+00  ,1.516964492483e-09  
  2.437810818369e+00  ,1.520428231573e-09  
  2.443430552694e+00  ,1.523899569566e-09  
  2.449063241845e+00  ,1.527378520648e-09  
  2.454708915685e+00  ,1.530865099017e-09  
  2.460367604148e+00  ,1.534359318873e-09  
  2.466039337234e+00  ,1.537861194426e-09  
  2.471724145016e+00  ,1.541370739895e-09  
  2.477422057633e+00  ,1.544887969501e-09  
  2.483133105296e+00  ,1.548412897474e-09  
  2.488857318282e+00  ,1.551945538052e-09  
  2.494594726943e+00  ,1.555485905477e-09  
  2.500345361696e+00  ,1.559034013997e-09  
  2.506109253032e+00  ,1.562589877867e-09  
  2.511886431510e+00  ,1.566153511348e-09  
  2.517676927759e+00  ,1.569724928705e-09  
  2.523480772481e+00  ,1.573304144210e-09  
  2.529297996446e+00  ,1.576891172140e-09  
  2.535128630498e+00  ,1.580486026774e-09  
  2.540972705549e+00  ,1.584088722402e-09  
  2.546830252585e+00  ,1.587699273312e-09  
  2.552701302661e+00  ,1.591317693801e-09  
  2.558585886906e+00  ,1.594943998169e-09  
  2.564484036518e+00  ,1.598578200719e-09  
  2.570395782769e+00  ,1.602220315760e-09  
  2.576321157003e+00  ,1.605870357603e-09  
  2.582260190635e+00  ,1.609528340563e-09  
  2.588212915153e+00  ,1.613194278958e-09  
  2.594179362119e+00  ,1.616868187111e-09  
  2.600159563165e+00  ,1.620550079346e-09  
  2.606153549999e+00  ,1.624239969990e-09  
  2.612161354399e+00  ,1.627937873372e-09  
  2.618183008219e+00  ,1.631643803826e-09  
  2.624218543384e+00  ,1.635357775686e-09  
  2.630267991895e+00  ,1.639079803287e-09  
  2.636331385825e+00  ,1.642809900969e-09  
  2.642408757322e+00  ,1.646548083069e-09  
  2.648500138607e+00  ,1.650294363930e-09  
  2.654605561975e+00  ,1.654048757894e-09  
  2.660725059799e+00  ,1.657811279302e-09  
  2.666858664521e+00  ,1.661581942498e-09  
  2.673006408663e+00  ,1.665360761827e-09  
  2.679168324819e+00  ,1.669147751633e-09  
  2.685344445658e+00  ,1.672942926259e-09  
  2.691534803927e+00  ,1.676746300050e-09  
  2.697739432445e+00  ,1.680557887348e-09  
  2.703958364109e+00  ,1.684377702498e-09  
  2.710191631891e+00  ,1.688205759840e-09  
  2.716439268839e+00  ,1.692042073716e-09  
  2.722701308078e+00  ,1.695886658464e-09  
  2.728977782808e+00  ,1.699739528423e-09  
  2.735268726307e+00  ,1.703600697928e-09  
  2.741574171928e+00  ,1.707470181313e-09  
  2.747894153102e+00  ,1.711347992910e-09  
  2.754228703338e+00  ,1.715234147048e-09  
  2.760577856220e+00  ,1.719128658052e-09  
  2.766941645411e+00  ,1.723031540245e-09  
  2.773320104652e+00  ,1.726942807948e-09  
  2.779713267759e+00  ,1.730862475476e-09  
  2.786121168630e+00  ,1.734790557142e-09  
  2.792543841237e+00  ,1.738727067254e-09  
  2.798981319634e+00  ,1.742672020116e-09  
  2.805433637952e+00  ,1.746625430027e-09  
  2.811900830399e+00  ,1.750587311281e-09  
  2.818382931264e+00  ,1.754557678168e-09  
  2.824879974916e+00  ,1.758536544971e-09  
  2.831391995799e+00  ,1.762523925970e-09  
  2.837919028441e+00  ,1.766519835436e-09  
  2.844461107448e+00  ,1.770524287635e-09  
  2.851018267504e+00  ,1.774537296827e-09  
  2.857590543375e+00  ,1.778558877265e-09  
  2.864177969907e+00  ,1.782589043195e-09  
  2.870780582025e+00  ,1.786627808855e-09  
  2.877398414736e+00  ,1.790675188477e-09  
  2.884031503127e+00  ,1.794731196283e-09  
  2.890679882365e+00  ,1.798795846488e-09  
  2.897343587701e+00  ,1.802869153298e-09  
  2.904022654464e+00  ,1.806951130912e-09  
  2.910717118067e+00  ,1.811041793518e-09  
  2.917427014001e+00  ,1.815141155295e-09  
  2.924152377843e+00  ,1.819249230413e-09  
  2.930893245250e+00  ,1.823366033032e-09  
  2.937649651961e+00  ,1.827491577301e-09  
  2.944421633799e+00  ,1.831625877358e-09  
  2.951209226666e+00  ,1.835768947333e-09  
  2.958012466551e+00  ,1.839920801341e-09  
  2.964831389524e+00  ,1.844081453489e-09  
  2.971666031738e+00  ,1.848250917869e-09  
  2.978516429429e+00  ,1.852429208563e-09  
  2.985382618918e+00  ,1.856616339641e-09  
  2.992264636608e+00  ,1.860812325158e-09  
  2.999162518988e+00  ,1.865017179157e-09  
  3.006076302628e+00  ,1.869230915668e-09  
  3.013006024186e+00  ,1.873453548708e-09  
  3.019951720402e+00  ,1.877685092278e-09  
  3.026913428101e+00  ,1.881925560365e-09  
  3.033891184194e+00  ,1.886174966942e-09  
  3.040885025676e+00  ,1.890433325967e-09  
  3.047894989628e+00  ,1.894700651382e-09  
  3.054921113215e+00  ,1.898976957114e-09  
  3.061963433691e+00  ,1.903262257072e-09  
  3.069021988391e+00  ,1.907556565150e-09  
  3.076096814741e+00  ,1.911859895226e-09  
  3.083187950249e+00  ,1.916172261159e-09  
  3.090295432514e+00  ,1.920493676791e-09  
  3.097419299217e+00  ,1.924824155946e-09  
  3.104559588128e+00  ,1.929163712431e-09  
  3.111716337106e+00  ,1.933512360033e-09  
  3.118889584094e+00  ,1.937870112521e-09  
  3.126079367124e+00  ,1.942236983643e-09  
  3.133285724316e+00  ,1.946612987128e-09  
  3.140508693876e+00  ,1.950998136686e-09  
  3.147748314101e+00  ,1.955392446006e-09  
  3.155004623375e+00  ,1.959795928754e-09  
  3.162277660168e+00  ,1.964208598578e-09  
  3.169567463043e+00  ,1.968630469102e-09  
  3.176874070650e+00  ,1.973061553929e-09  
  3.184197521726e+00  ,1.977501866640e-09  
  3.191537855101e+00  ,1.981951420791e-09  
  3.198895109691e+00  ,1.986410229917e-09  
  3.206269324505e+00  ,1.990878307529e-09  
  3.213660538640e+00  ,1.995355667113e-09  
  3.221068791283e+00  ,1.999842322131e-09  
  3.228494121713e+00  ,2.004338286020e-09  
  3.235936569296e+00  ,2.008843572193e-09  
  3.243396173493e+00  ,2.013358194035e-09  
  3.250872973854e+00  ,2.017882164907e-09  
  3.258367010020e+00  ,2.022415498143e-09  
  3.265878321723e+00  ,2.026958207048e-09  
  3.273406948788e+00  ,2.031510304903e-09  
  3.280952931131e+00  ,2.036071804958e-09  
  3.288516308760e+00  ,2.040642720438e-09  
  3.296097121774e+00  ,2.045223064536e-09  
  3.303695410368e+00  ,2.049812850418e-09  
  3.311311214826e+00  ,2.054412091220e-09  
  3.318944575526e+00  ,2.059020800047e-09  
  3.326595532940e+00  ,2.063638989976e-09  
  3.334264127632e+00  ,2.068266674051e-09  
  3.341950400261e+00  ,2.072903865284e-09  
  3.349654391578e+00  ,2.077550576658e-09  
  3.357376142429e+00  ,2.082206821121e-09  
  3.365115693755e+00  ,2.086872611589e-09  
  3.372873086589e+00  ,2.091547960946e-09  
  3.380648362060e+00  ,2.096232882041e-09  
  3.388441561392e+00  ,2.100927387690e-09  
  3.396252725904e+00  ,2.105631490673e-09  
  3.404081897010e+00  ,2.110345203736e-09  
  3.411929116219e+00  ,2.115068539588e-09  
  3.419794425137e+00  ,2.119801510904e-09  
  3.427677865464e+00  ,2.124544130321e-09  
  3.435579478999e+00  ,2.129296410439e-09  
  3.443499307633e+00  ,2.134058363822e-09  
  3.451437393358e+00  ,2.138830002993e-09  
  3.459393778261e+00  ,2.143611340439e-09  
  3.467368504525e+00  ,2.148402388608e-09  
  3.475361614432e+00  ,2.153203159907e-09  
  3.483373150360e+00  ,2.158013666702e-09  
  3.491403154786e+00  ,2.162833921322e-09  
  3.499451670283e+00  ,2.167663936052e-09  
  3.507518739526e+00  ,2.172503723137e-09  
  3.515604405283e+00  ,2.177353294778e-09  
  3.523708710425e+00  ,2.182212663135e-09  
  3.531831697919e+00  ,2.187081840324e-09  
  3.539973410834e+00  ,2.191960838417e-09  
  3.548133892336e+00  ,2.196849669444e-09  
  3.556313185690e+00  ,2.201748345386e-09  
  3.564511334262e+00  ,2.206656878183e-09  
  3.572728381519e+00  ,2.211575279726e-09  
  3.580964371026e+00  ,2.216503561862e-09  
  3.589219346450e+00  ,2.221441736388e-09  
  3.597493351557e+00  ,2.226389815055e-09  
  3.605786430216e+00  ,2.231347809567e-09  
  3.614098626396e+00  ,2.236315731579e-09  
  3.622429984167e+00  ,2.241293592694e-09  
  3.630780547701e+00  ,2.246281404468e-09  
  3.639150361272e+00  ,2.251279178407e-09  
  3.647539469256e+00  ,2.256286925962e-09  
  3.655947916131e+00  ,2.261304658538e-09  
  3.664375746478e+00  ,2.266332387483e-09  
  3.672823004981e+00  ,2.271370124095e-09  
  3.681289736425e+00  ,2.276417879618e-09  
  3.689775985701e+00  ,2.281475665242e-09  
  3.698281797803e+00  ,2.286543492101e-09  
  3.706807217826e+00  ,2.291621371278e-09  
  3.715352290972e+00  ,2.296709313795e-09  
  3.723917062546e+00  ,2.301807330621e-09  
  3.732501577957e+00  ,2.306915432668e-09  
  3.741105882720e+00  ,2.312033630788e-09  
  3.749730022455e+00  ,2.317161935777e-09  
  3.758374042884e+00  ,2.322300358371e-09  
  3.767037989839e+00  ,2.327448909248e-09  
  3.775721909254e+00  ,2.332607599024e-09  
  3.784425847171e+00  ,2.337776438256e-09  
  3.793149849737e+00  ,2.342955437438e-09  
  3.801893963205e+00  ,2.348144607002e-09  
  3.810658233938e+00  ,2.353343957319e-09  
  3.819442708400e+00  ,2.358553498695e-09  
  3.828247433168e+00  ,2.363773241373e-09  
  3.837072454923e+00  ,2.369003195531e-09  
  3.845917820453e+00  ,2.374243371282e-09  
  3.854783576658e+00  ,2.379493778672e-09  
  3.863669770541e+00  ,2.384754427681e-09  
  3.872576449216e+00  ,2.390025328222e-09  
  3.881503659906e+00  ,2.395306490139e-09  
  3.890451449943e+00  ,2.400597923209e-09  
  3.899419866765e+00  ,2.405899637137e-09  
  3.908408957924e+00  ,2.411211641561e-09  
  3.917418771078e+00  ,2.416533946046e-09  
  3.926449353996e+00  ,2.421866560087e-09  
  3.935500754558e+00  ,2.427209493105e-09  
  3.944573020753e+00  ,2.432562754449e-09  
  3.953666200681e+00  ,2.437926353396e-09  
  3.962780342554e+00  ,2.443300299146e-09  
  3.971915494694e+00  ,2.448684600826e-09  
  3.981071705535e+00  ,2.454079267486e-09  
  3.990249023621e+00  ,2.459484308101e-09  
  3.999447497611e+00  ,2.464899731566e-09  
  4.008667176273e+00  ,2.470325546702e-09  
  4.017908108489e+00  ,2.475761762248e-09  
  4.027170343254e+00  ,2.481208386865e-09  
  4.036453929676e+00  ,2.486665429133e-09  
  4.045758916974e+00  ,2.492132897554e-09  
  4.055085354484e+00  ,2.497610800544e-09  
  4.064433291652e+00  ,2.503099146439e-09  
  4.073802778041e+00  ,2.508597943492e-09  
  4.083193863327e+00  ,2.514107199871e-09  
  4.092606597300e+00  ,2.519626923661e-09  
  4.102041029866e+00  ,2.525157122859e-09  
  4.111497211045e+00  ,2.530697805377e-09  
  4.120975190973e+00  ,2.536248979040e-09  
  4.130475019901e+00  ,2.541810651587e-09  
  4.139996748197e+00  ,2.547382830664e-09  
  4.149540426343e+00  ,2.552965523831e-09  
  4.159106104940e+00  ,2.558558738557e-09  
  4.168693834703e+00  ,2.564162482221e-09  
  4.178303666466e+00  ,2.569776762106e-09  
  4.187935651179e+00  ,2.575401585408e-09  
  4.197589839910e+00  ,2.581036959226e-09  
  4.207266283844e+00  ,2.586682890566e-09  
  4.216965034286e+00  ,2.592339386337e-09  
  4.226686142656e+00  ,2.598006453355e-09  
  4.236429660495e+00  ,2.603684098337e-09  
  4.246195639463e+00  ,2.609372327904e-09  
  4.255984131337e+00  ,2.615071148577e-09  
  4.265795188016e+00  ,2.620780566779e-09  
  4.275628861516e+00  ,2.626500588831e-09  
  4.285485203974e+00  ,2.632231220956e-09  
  4.295364267649e+00  ,2.637972469273e-09  
  4.305266104917e+00  ,2.643724339798e-09  
  4.315190768278e+00  ,2.649486838445e-09  
  4.325138310350e+00  ,2.655259971022e-09  
  4.335108783875e+00  ,2.661043743233e-09  
  4.345102241716e+00  ,2.666838160675e-09  
  4.355118736856e+00  ,2.672643228839e-09  
  4.365158322402e+00  ,2.678458953106e-09  
  4.375221051582e+00  ,2.684285338750e-09  
  4.385306977750e+00  ,2.690122390934e-09  
  4.395416154378e+00  ,2.695970114712e-09  
  4.405548635065e+00  ,2.701828515025e-09  
  4.415704473533e+00  ,2.707697596702e-09  
  4.425883723626e+00  ,2.713577364458e-09  
  4.436086439314e+00  ,2.719467822895e-09  
  4.446312674691e+00  ,2.725368976499e-09  
  4.456562483975e+00  ,2.731280829640e-09  
  4.466835921509e+00  ,2.737203386571e-09  
  4.477133041763e+00  ,2.743136651427e-09  
  4.487453899331e+00  ,2.749080628224e-09  
  4.497798548933e+00  ,2.755035320858e-09  
  4.508167045414e+00  ,2.761000733104e-09  
  4.518559443749e+00  ,2.766976868617e-09  
  4.528975799036e+00  ,2.772963730927e-09  
  4.539416166502e+00  ,2.778961323441e-09  
  4.549880601500e+00  ,2.784969649442e-09  
  4.560369159513e+00  ,2.790988712086e-09  
  4.570881896149e+00  ,2.797018514406e-09  
  4.581418867145e+00  ,2.803059059303e-09  
  4.591980128369e+00  ,2.809110349551e-09  
  4.602565735813e+00  ,2.815172387796e-09  
  4.613175745604e+00  ,2.821245176552e-09  
  4.623810213992e+00  ,2.827328718203e-09  
  4.634469197363e+00  ,2.833423014998e-09  
  4.645152752227e+00  ,2.839528069054e-09  
  4.655860935229e+00  ,2.845643882354e-09  
  4.666593803143e+00  ,2.851770456746e-09  
  4.677351412872e+00  ,2.857907793939e-09  
  4.688133821452e+00  ,2.864055895506e-09  
  4.698941086052e+00  ,2.870214762883e-09  
  4.709773263969e+00  ,2.876384397364e-09  
  4.720630412636e+00  ,2.882564800103e-09  
  4.731512589615e+00  ,2.888755972114e-09  
  4.742419852602e+00  ,2.894957914266e-09  
  4.753352259428e+00  ,2.901170627286e-09  
  4.764309868054e+00  ,2.907394111755e-09  
  4.775292736577e+00  ,2.913628368109e-09  
  4.786300923226e+00  ,2.919873396638e-09  
  4.797334486367e+00  ,2.926129197482e-09  
  4.808393484497e+00  ,2.932395770633e-09  
  4.819477976251e+00  ,2.938673115935e-09  
  4.830588020398e+00  ,2.944961233078e-09  
  4.841723675841e+00  ,2.951260121600e-09  
  4.852885001621e+00  ,2.957569780887e-09  
  4.864072056914e+00  ,2.963890210172e-09  
  4.875284901034e+00  ,2.970221408530e-09  
  4.886523593428e+00  ,2.976563374879e-09  
  4.897788193684e+00  ,2.982916107983e-09  
  4.909078761526e+00  ,2.989279606444e-09  
  4.920395356814e+00  ,2.995653868706e-09  
  4.931738039549e+00  ,3.002038893052e-09  
  4.943106869868e+00  ,3.008434677601e-09  
  4.954501908048e+00  ,3.014841220311e-09  
  4.965923214503e+00  ,3.021258518975e-09  
  4.977370849789e+00  ,3.027686571222e-09  
  4.988844874600e+00  ,3.034125374513e-09  
  5.000345349770e+00  ,3.040574926140e-09  
  5.011872336273e+00  ,3.047035223230e-09  
  5.023425895224e+00  ,3.053506262738e-09  
  5.035006087879e+00  ,3.059988041448e-09  
  5.046612975635e+00  ,3.066480555971e-09  
  5.058246620031e+00  ,3.072983802747e-09  
  5.069907082747e+00  ,3.079497778040e-09  
  5.081594425605e+00  ,3.086022477938e-09  
  5.093308710572e+00  ,3.092557898354e-09  
  5.105049999754e+00  ,3.099104035022e-09  
  5.116818355403e+00  ,3.105660883496e-09  
  5.128613839913e+00  ,3.112228439152e-09  
  5.140436515824e+00  ,3.118806697182e-09  
  5.152286445817e+00  ,3.125395652598e-09  
  5.164163692721e+00  ,3.131995300226e-09  
  5.176068319505e+00  ,3.138605634709e-09  
  5.188000389289e+00  ,3.145226650502e-09  
  5.199959965335e+00  ,3.151858341874e-09  
  5.211947111051e+00  ,3.158500702905e-09  
  5.223961889991e+00  ,3.165153727485e-09  
  5.236004365857e+00  ,3.171817409313e-09  
  5.248074602498e+00  ,3.178491741898e-09  
  5.260172663907e+00  ,3.185176718552e-09  
  5.272298614228e+00  ,3.191872332396e-09  
  5.284452517752e+00  ,3.198578576353e-09  
  5.296634438916e+00  ,3.205295443150e-09  
  5.308844442310e+00  ,3.212022925316e-09  
  5.321082592668e+00  ,3.218761015179e-09  
  5.333348954876e+00  ,3.225509704868e-09  
  5.345643593970e+00  ,3.232268986310e-09  
  5.357966575133e+00  ,3.239038851229e-09  
  5.370317963702e+00  ,3.245819291144e-09  
  5.382697825163e+00  ,3.252610297369e-09  
  5.395106225151e+00  ,3.259411861010e-09  
  5.407543229456e+00  ,3.266223972968e-09  
  5.420008904016e+00  ,3.273046623930e-09  
  5.432503314924e+00  ,3.279879804378e-09  
  5.445026528424e+00  ,3.286723504577e-09  
  5.457578610912e+00  ,3.293577714583e-09  
  5.470159628940e+00  ,3.300442424235e-09  
  5.482769649208e+00  ,3.307317623158e-09  
  5.495408738576e+00  ,3.314203300760e-09  
  5.508076964054e+00  ,3.321099446231e-09  
  5.520774392807e+00  ,3.328006048540e-09  
  5.533501092157e+00  ,3.334923096438e-09  
  5.546257129579e+00  ,3.341850578452e-09  
  5.559042572704e+00  ,3.348788482888e-09  
  5.571857489319e+00  ,3.355736797825e-09  
  5.584701947368e+00  ,3.362695511118e-09  
  5.597576014951e+00  ,3.369664610394e-09  
  5.610479760324e+00  ,3.376644083053e-09  
  5.623413251903e+00  ,3.383633916265e-09  
  5.636376558259e+00  ,3.390634096969e-09  
  5.649369748123e+00  ,3.397644611871e-09  
  5.662392890382e+00  ,3.404665447445e-09  
  5.675446054085e+00  ,3.411696589929e-09  
  5.688529308438e+00  ,3.418738025326e-09  
  5.701642722807e+00  ,3.425789739402e-09  
  5.714786366718e+00  ,3.432851717683e-09  
  5.727960309858e+00  ,3.439923945455e-09  
  5.741164622073e+00  ,3.447006407766e-09  
  5.754399373371e+00  ,3.454099089416e-09  
  5.767664633922e+00  ,3.461201974967e-09  
  5.780960474057e+00  ,3.468315048732e-09  
  5.794286964269e+00  ,3.475438294779e-09  
  5.807644175213e+00  ,3.482571696927e-09  
  5.821032177708e+00  ,3.489715238748e-09  
  5.834451042737e+00  ,3.496868903562e-09  
  5.847900841445e+00  ,3.504032674438e-09  
  5.861381645140e+00  ,3.511206534192e-09  
  5.874893525298e+00  ,3.518390465385e-09  
  5.888436553556e+00  ,3.525584450323e-09  
  5.902010801718e+00  ,3.532788471055e-09  
  5.915616341754e+00  ,3.540002509372e-09  
  5.929253245800e+00  ,3.547226546804e-09  
  5.942921586155e+00  ,3.554460564622e-09  
  5.956621435290e+00  ,3.561704543834e-09  
  5.970352865838e+00  ,3.568958465183e-09  
  5.984115950603e+00  ,3.576222309151e-09  
  5.997910762555e+00  ,3.583496055948e-09  
  6.011737374833e+00  ,3.590779685522e-09  
  6.025595860743e+00  ,3.598073177549e-09  
  6.039486293764e+00  ,3.605376511436e-09  
  6.053408747539e+00  ,3.612689666317e-09  
  6.067363295885e+00  ,3.620012621056e-09  
  6.081350012787e+00  ,3.627345354239e-09  
  6.095368972401e+00  ,3.634687844181e-09  
  6.109420249055e+00  ,3.642040068916e-09  
  6.123503917247e+00  ,3.649402006202e-09  
  6.137620051648e+00  ,3.656773633518e-09  
  6.151768727098e+00  ,3.664154928061e-09  
  6.165950018615e+00  ,3.671545866746e-09  
  6.180164001384e+00  ,3.678946426205e-09  
  6.194410750768e+00  ,3.686356582786e-09  
  6.208690342300e+00  ,3.693776312548e-09  
  6.223002851691e+00  ,3.701205591267e-09  
  6.237348354824e+00  ,3.708644394426e-09  
  6.251726927757e+00  ,3.716092697220e-09  
  6.266138646723e+00  ,3.723550474554e-09  
  6.280583588133e+00  ,3.731017701037e-09  
  6.295061828572e+00  ,3.738494350987e-09  
  6.309573444802e+00  ,3.745980398425e-09  
  6.324118513762e+00  ,3.753475817075e-09  
  6.338697112569e+00  ,3.760980580365e-09  
  6.353309318517e+00  ,3.768494661422e-09  
  6.367955209079e+00  ,3.776018033073e-09  
  6.382634861905e+00  ,3.783550667843e-09  
  6.397348354826e+00  ,3.791092537954e-09  
  6.412095765851e+00  ,3.798643615324e-09  
  6.426877173170e+00  ,3.806203871563e-09  
  6.441692655151e+00  ,3.813773277977e-09  
  6.456542290346e+00  ,3.821351805562e-09  
  6.471426157486e+00  ,3.828939425003e-09  
  6.486344335482e+00  ,3.836536106677e-09  
  6.501296903431e+00  ,3.844141820645e-09  
  6.516283940608e+00  ,3.851756536659e-09  
  6.531305526474e+00  ,3.859380224152e-09  
  6.546361740672e+00  ,3.867012852242e-09  
  6.561452663029e+00  ,3.874654389732e-09  
  6.576578373554e+00  ,3.882304805102e-09  
  6.591738952443e+00  ,3.889964066516e-09  
  6.606934480076e+00  ,3.897632141814e-09  
  6.622165037017e+00  ,3.905308998515e-09  
  6.637430704019e+00  ,3.912994603814e-09  
  6.652731562017e+00  ,3.920688924579e-09  
  6.668067692136e+00  ,3.928391927355e-09  
  6.683439175686e+00  ,3.936103578357e-09  
  6.698846094165e+00  ,3.943823843471e-09  
  6.714288529259e+00  ,3.951552688256e-09  
  6.729766562843e+00  ,3.959290077935e-09  
  6.745280276979e+00  ,3.967035977402e-09  
  6.760829753920e+00  ,3.974790351216e-09  
  6.776415076106e+00  ,3.982553163601e-09  
  6.792036326172e+00  ,3.990324378444e-09  
  6.807693586937e+00  ,3.998103959297e-09  
  6.823386941416e+00  ,4.005891869369e-09  
  6.839116472814e+00  ,4.013688071534e-09  
  6.854882264526e+00  ,4.021492528322e-09  
  6.870684400142e+00  ,4.029305201920e-09  
  6.886522963442e+00  ,4.037126054173e-09  
  6.902398038402e+00  ,4.044955046582e-09  
  6.918309709189e+00  ,4.052792140300e-09  
  6.934258060165e+00  ,4.060637296134e-09  
  6.950243175888e+00  ,4.068490474543e-09  
  6.966265141107e+00  ,4.076351635636e-09  
  6.982324040771e+00  ,4.084220739172e-09  
  6.998419960022e+00  ,4.092097744557e-09  
  7.014552984199e+00  ,4.099982610846e-09  
  7.030723198838e+00  ,4.107875296738e-09  
  7.046930689671e+00  ,4.115775760579e-09  
  7.063175542629e+00  ,4.123683960356e-09  
  7.079457843841e+00  ,4.131599853700e-09  
  7.095777679634e+00  ,4.139523397885e-09  
  7.112135136533e+00  ,4.147454549822e-09  
  7.128530301265e+00  ,4.155393266063e-09  
  7.144963260755e+00  ,4.163339502800e-09  
  7.161434102129e+00  ,4.171293215857e-09  
  7.177942912713e+00  ,4.179254360700e-09  
  7.194489780037e+00  ,4.187222892425e-09  
  7.211074791829e+00  ,4.195198765764e-09  
  7.227698036021e+00  ,4.203181935082e-09  
  7.244359600750e+00  ,4.211172354374e-09  
  7.261059574351e+00  ,4.219169977268e-09  
  7.277798045368e+00  ,4.227174757021e-09  
  7.294575102545e+00  ,4.235186646516e-09  
  7.311390834834e+00  ,4.243205598267e-09  
  7.328245331389e+00  ,4.251231564412e-09  
  7.345138681571e+00  ,4.259264496717e-09  
  7.362070974947e+00  ,4.267304346571e-09  
  7.379042301291e+00  ,4.275351064987e-09  
  7.396052750582e+00  ,4.283404602600e-09  
  7.413102413009e+00  ,4.291464909668e-09  
  7.430191378967e+00  ,4.299531936068e-09  
  7.447319739060e+00  ,4.307605631298e-09  
  7.464487584100e+00  ,4.315685944475e-09  
  7.481695005111e+00  ,4.323772824334e-09  
  7.498942093324e+00  ,4.331866219225e-09  
  7.516228940182e+00  ,4.339966077116e-09  
  7.533555637337e+00  ,4.348072345591e-09  
  7.550922276654e+00  ,4.356184971847e-09  
  7.568328950209e+00  ,4.364303902694e-09  
  7.585775750291e+00  ,4.372429084555e-09  
  7.603262769401e+00  ,4.380560463465e-09  
  7.620790100254e+00  ,4.388697985071e-09  
  7.638357835777e+00  ,4.396841594630e-09  
  7.655966069112e+00  ,4.404991237005e-09  
  7.673614893618e+00  ,4.413146856671e-09  
  7.691304402866e+00  ,4.421308397710e-09  
  7.709034690644e+00  ,4.429475803810e-09  
  7.726805850957e+00  ,4.437649018266e-09  
  7.744617978025e+00  ,4.445827983980e-09  
  7.762471166287e+00  ,4.454012643454e-09  
  7.780365510398e+00  ,4.462202938799e-09  
  7.798301105232e+00  ,4.470398811726e-09  
  7.816278045883e+00  ,4.478600203550e-09  
  7.834296427662e+00  ,4.486807055189e-09  
  7.852356346100e+00  ,4.495019307159e-09  
  7.870457896951e+00  ,4.503236899579e-09  
  7.888601176185e+00  ,4.511459772168e-09  
  7.906786279998e+00  ,4.519687864243e-09  
  7.925013304804e+00  ,4.527921114721e-09  
  7.943282347242e+00  ,4.536159462115e-09  
  7.961593504173e+00  ,4.544402844538e-09  
  7.979946872679e+00  ,4.552651199699e-09  
  7.998342550070e+00  ,4.560904464902e-09  
  8.016780633876e+00  ,4.569162577049e-09  
  8.035261221856e+00  ,4.577425472635e-09  
  8.053784411990e+00  ,4.585693087753e-09  
  8.072350302488e+00  ,4.593965358086e-09  
  8.090958991783e+00  ,4.602242218915e-09  
  8.109610578538e+00  ,4.610523605112e-09  
  8.128305161641e+00  ,4.618809451142e-09  
  8.147042840208e+00  ,4.627099691063e-09  
  8.165823713586e+00  ,4.635394258525e-09  
  8.184647881347e+00  ,4.643693086770e-09  
  8.203515443298e+00  ,4.651996108630e-09  
  8.222426499470e+00  ,4.660303256529e-09  
  8.241381150130e+00  ,4.668614462483e-09  
  8.260379495771e+00  ,4.676929658095e-09  
  8.279421637123e+00  ,4.685248774559e-09  
  8.298507675144e+00  ,4.693571742662e-09  
  8.317637711026e+00  ,4.701898492775e-09  
  8.336811846196e+00  ,4.710228954861e-09  
  8.356030182312e+00  ,4.718563058473e-09  
  8.375292821268e+00  ,4.726900732750e-09  
  8.394599865194e+00  ,4.735241906422e-09  
  8.413951416452e+00  ,4.743586507804e-09  
  8.433347577642e+00  ,4.751934464803e-09  
  8.452788451602e+00  ,4.760285704910e-09  
  8.472274141406e+00  ,4.768640155208e-09  
  8.491804750363e+00  ,4.776997742365e-09  
  8.511380382023e+00  ,4.785358392637e-09  
  8.531001140175e+00  ,4.793722031867e-09  
  8.550667128846e+00  ,4.802088585488e-09  
  8.570378452303e+00  ,4.810457978518e-09  
  8.590135215054e+00  ,4.818830135563e-09  
  8.609937521846e+00  ,4.827204980818e-09  
  8.629785477669e+00  ,4.835582438063e-09  
  8.649679187756e+00  ,4.843962430669e-09  
  8.669618757582e+00  ,4.852344881591e-09  
  8.689604292863e+00  ,4.860729713373e-09  
  8.709635899560e+00  ,4.869116848150e-09  
  8.729713683881e+00  ,4.877506207640e-09  
  8.749837752274e+00  ,4.885897713153e-09  
  8.770008211436e+00  ,4.894291285586e-09  
  8.790225168308e+00  ,4.902686845424e-09  
  8.810488730080e+00  ,4.911084312742e-09  
  8.830799004185e+00  ,4.919483607203e-09  
  8.851156098308e+00  ,4.927884648061e-09  
  8.871560120379e+00  ,4.936287354157e-09  
  8.892011178579e+00  ,4.944691643925e-09  
  8.912509381337e+00  ,4.953097435387e-09  
  8.933054837332e+00  ,4.961504646157e-09  
  8.953647655495e+00  ,4.969913193440e-09  
  8.974287945007e+00  ,4.978322994031e-09  
  8.994975815300e+00  ,4.986733964319e-09  
  9.015711376059e+00  ,4.995146020284e-09  
  9.036494737223e+00  ,5.003559077500e-09  
  9.057326008982e+00  ,5.011973051133e-09  
  9.078205301781e+00  ,5.020387855943e-09  
  9.099132726322e+00  ,5.028803406287e-09  
  9.120108393559e+00  ,5.037219616114e-09  
  9.141132414702e+00  ,5.045636398969e-09  
  9.162204901220e+00  ,5.054053667996e-09  
  9.183325964835e+00  ,5.062471335933e-09  
  9.204495717531e+00  ,5.070889315117e-09  
  9.225714271547e+00  ,5.079307517484e-09  
  9.246981739382e+00  ,5.087725854567e-09  
  9.268298233793e+00  ,5.096144237500e-09  
  9.289663867799e+00  ,5.104562577019e-09  
  9.311078754678e+00  ,5.112980783460e-09  
  9.332543007969e+00  ,5.121398766761e-09  
  9.354056741475e+00  ,5.129816436464e-09  
  9.375620069258e+00  ,5.138233701714e-09  
  9.397233105646e+00  ,5.146650471264e-09  
  9.418895965228e+00  ,5.155066653468e-09  
  9.440608762859e+00  ,5.163482156292e-09  
  9.462371613657e+00  ,5.171896887306e-09  
  9.484184633008e+00  ,5.180310753692e-09  
  9.506047936562e+00  ,5.188723662239e-09  
  9.527961640236e+00  ,5.197135519349e-09  
  9.549925860214e+00  ,5.205546231037e-09  
  9.571940712948e+00  ,5.213955702929e-09  
  9.594006315159e+00  ,5.222363840267e-09  
  9.616122783836e+00  ,5.230770547909e-09  
  9.638290236239e+00  ,5.239175730330e-09  
  9.660508789898e+00  ,5.247579291620e-09  
  9.682778562612e+00  ,5.255981135493e-09  
  9.705099672454e+00  ,5.264381165283e-09  
  9.727472237769e+00  ,5.272779283942e-09  
  9.749896377173e+00  ,5.281175394051e-09  
  9.772372209558e+00  ,5.289569397812e-09  
  9.794899854086e+00  ,5.297961197056e-09  
  9.817479430199e+00  ,5.306350693239e-09  
  9.840111057611e+00  ,5.314737787449e-09  
  9.862794856312e+00  ,5.323122380403e-09  
  9.885530946569e+00  ,5.331504372452e-09  
  9.908319448927e+00  ,5.339883663579e-09  
  9.931160484209e+00  ,5.348260153404e-09  
  9.954054173515e+00  ,5.356633741182e-09  
  9.977000638225e+00  ,5.365004325811e-09  
  9.999999999999e+00  ,5.373371805825e-09  
  1.002305238078e+01  ,5.381736079403e-09  
  1.004615790278e+01  ,5.390097044368e-09  
  1.006931668852e+01  ,5.398454598186e-09  
  1.009252886077e+01  ,5.406808637975e-09  
  1.011579454260e+01  ,5.415159060498e-09  
  1.013911385737e+01  ,5.423505762174e-09  
  1.016248692871e+01  ,5.431848639071e-09  
  1.018591388054e+01  ,5.440187586914e-09  
  1.020939483708e+01  ,5.448522501087e-09  
  1.023292992281e+01  ,5.456853276629e-09  
  1.025651926251e+01  ,5.465179808245e-09  
  1.028016298126e+01  ,5.473501990299e-09  
  1.030386120442e+01  ,5.481819716824e-09  
  1.032761405761e+01  ,5.490132881518e-09  
  1.035142166679e+01  ,5.498441377751e-09  
  1.037528415818e+01  ,5.506745098561e-09  
  1.039920165829e+01  ,5.515043936666e-09  
  1.042317429393e+01  ,5.523337784454e-09  
  1.044720219221e+01  ,5.531626533997e-09  
  1.047128548051e+01  ,5.539910077044e-09  
  1.049542428652e+01  ,5.548188305030e-09  
  1.051961873823e+01  ,5.556461109076e-09  
  1.054386896391e+01  ,5.564728379988e-09  
  1.056817509214e+01  ,5.572990008266e-09  
  1.059253725177e+01  ,5.581245884101e-09  
  1.061695557199e+01  ,5.589495897380e-09  
  1.064143018224e+01  ,5.597739937691e-09  
  1.066596121230e+01  ,5.605977894317e-09  
  1.069054879223e+01  ,5.614209656250e-09  
  1.071519305238e+01  ,5.622435112185e-09  
  1.073989412341e+01  ,5.630654150525e-09  
  1.076465213630e+01  ,5.638866659388e-09  
  1.078946722230e+01  ,5.647072526602e-09  
  1.081433951298e+01  ,5.655271639715e-09  
  1.083926914021e+01  ,5.663463885993e-09  
  1.086425623617e+01  ,5.671649152424e-09  
  1.088930093333e+01  ,5.679827325724e-09  
  1.091440336449e+01  ,5.687998292335e-09  
  1.093956366272e+01  ,5.696161938432e-09  
  1.096478196143e+01  ,5.704318149921e-09  
  1.099005839432e+01  ,5.712466812450e-09  
  1.101539309541e+01  ,5.720607811404e-09  
  1.104078619902e+01  ,5.728741031911e-09  
  1.106623783978e+01  ,5.736866358847e-09  
  1.109174815262e+01  ,5.744983676838e-09  
  1.111731727282e+01  ,5.753092870262e-09  
  1.114294533592e+01  ,5.761193823251e-09  
  1.116863247780e+01  ,5.769286419699e-09  
  1.119437883467e+01  ,5.777370543263e-09  
  1.122018454302e+01  ,5.785446077360e-09  
  1.124604973967e+01  ,5.793512905184e-09  
  1.127197456175e+01  ,5.801570909695e-09  
  1.129795914673e+01  ,5.809619973633e-09  
  1.132400363235e+01  ,5.817659979514e-09  
  1.135010815672e+01  ,5.825690809638e-09  
  1.137627285823e+01  ,5.833712346092e-09  
  1.140249787561e+01  ,5.841724470752e-09  
  1.142878334790e+01  ,5.849727065287e-09  
  1.145512941445e+01  ,5.857720011162e-09  
  1.148153621497e+01  ,5.865703189644e-09  
  1.150800388944e+01  ,5.873676481802e-09  
  1.153453257821e+01  ,5.881639768515e-09  
  1.156112242192e+01  ,5.889592930473e-09  
  1.158777356155e+01  ,5.897535848179e-09  
  1.161448613840e+01  ,5.905468401956e-09  
  1.164126029410e+01  ,5.913390471953e-09  
  1.166809617061e+01  ,5.921301938139e-09  
  1.169499391020e+01  ,5.929202680319e-09  
  1.172195365548e+01  ,5.937092578131e-09  
  1.174897554939e+01  ,5.944971511049e-09  
  1.177605973521e+01  ,5.952839358391e-09  
  1.180320635652e+01  ,5.960695999320e-09  
  1.183041555725e+01  ,5.968541312852e-09  
  1.185768748167e+01  ,5.976375177853e-09  
  1.188502227437e+01  ,5.984197473051e-09  
  1.191242008027e+01  ,5.992008077035e-09  
  1.193988104464e+01  ,5.999806868258e-09  
  1.196740531307e+01  ,6.007593725048e-09  
  1.199499303149e+01  ,6.015368525605e-09  
  1.202264434617e+01  ,6.023131148009e-09  
  1.205035940372e+01  ,6.030881470223e-09  
  1.207813835107e+01  ,6.038619370097e-09  
  1.210598133550e+01  ,6.046344725375e-09  
  1.213388850465e+01  ,6.054057413695e-09  
  1.216186000646e+01  ,6.061757312596e-09  
  1.218989598925e+01  ,6.069444299523e-09  
  1.221799660165e+01  ,6.077118251829e-09  
  1.224616199265e+01  ,6.084779046783e-09  
  1.227439231158e+01  ,6.092426561570e-09  
  1.230268770812e+01  ,6.100060673298e-09  
  1.233104833229e+01  ,6.107681259004e-09  
  1.235947433444e+01  ,6.115288195655e-09  
  1.238796586530e+01  ,6.122881360156e-09  
  1.241652307592e+01  ,6.130460629353e-09  
  1.244514611771e+01  ,6.138025880035e-09  
  1.247383514243e+01  ,6.145576988946e-09  
  1.250259030218e+01  ,6.153113832780e-09  
  1.253141174941e+01  ,6.160636288195e-09  
  1.256029963695e+01  ,6.168144231810e-09  
  1.258925411794e+01  ,6.175637540217e-09  
  1.261827534591e+01  ,6.183116089979e-09  
  1.264736347471e+01  ,6.190579757638e-09  
  1.267651865858e+01  ,6.198028419721e-09  
  1.270574105208e+01  ,6.205461952743e-09  
  1.273503081017e+01  ,6.212880233212e-09  
  1.276438808811e+01  ,6.220283137634e-09  
  1.279381304157e+01  ,6.227670542520e-09  
  1.282330582656e+01  ,6.235042324387e-09  
  1.285286659944e+01  ,6.242398359767e-09  
  1.288249551693e+01  ,6.249738525208e-09  
  1.291219273613e+01  ,6.257062697283e-09  
  1.294195841450e+01  ,6.264370752593e-09  
  1.297179270984e+01  ,6.271662567770e-09  
  1.300169578033e+01  ,6.278938019488e-09  
  1.303166778452e+01  ,6.286196984460e-09  
  1.306170888132e+01  ,6.293439339452e-09  
  1.309181922999e+01  ,6.300664961281e-09  
  1.312199899019e+01  ,6.307873726823e-09  
  1.315224832192e+01  ,6.315065513019e-09  
  1.318256738556e+01  ,6.322240196878e-09  
  1.321295634186e+01  ,6.329397655483e-09  
  1.324341535195e+01  ,6.336537766000e-09  
  1.327394457730e+01  ,6.343660405675e-09  
  1.330454417978e+01  ,6.350765451848e-09  
  1.333521432163e+01  ,6.357852781953e-09  
  1.336595516546e+01  ,6.364922273524e-09  
  1.339676687426e+01  ,6.371973804202e-09  
  1.342764961138e+01  ,6.379007251739e-09  
  1.345860354056e+01  ,6.386022494005e-09  
  1.348962882592e+01  ,6.393019408990e-09  
  1.352072563194e+01  ,6.399997874813e-09  
  1.355189412351e+01  ,6.406957769725e-09  
  1.358313446587e+01  ,6.413898972115e-09  
  1.361444682466e+01  ,6.420821360518e-09  
  1.364583136589e+01  ,6.427724813616e-09  
  1.367728825596e+01  ,6.434609210245e-09  
  1.370881766165e+01  ,6.441474429404e-09  
  1.374041975012e+01  ,6.448320350254e-09  
  1.377209468894e+01  ,6.455146852130e-09  
  1.380384264603e+01  ,6.461953814541e-09  
  1.383566378972e+01  ,6.468741117180e-09  
  1.386755828872e+01  ,6.475508639927e-09  
  1.389952631213e+01  ,6.482256262854e-09  
  1.393156802945e+01  ,6.488983866232e-09  
  1.396368361056e+01  ,6.495691330539e-09  
  1.399587322573e+01  ,6.502378536458e-09  
  1.402813704562e+01  ,6.509045364891e-09  
  1.406047524130e+01  ,6.515691696957e-09  
  1.409288798422e+01  ,6.522317414007e-09  
  1.412537544623e+01  ,6.528922397619e-09  
  1.415793779957e+01  ,6.535506529611e-09  
  1.419057521689e+01  ,6.542069692044e-09  
  1.422328787123e+01  ,6.548611767226e-09  
  1.425607593602e+01  ,6.555132637723e-09  
  1.428893958511e+01  ,6.561632186357e-09  
  1.432187899273e+01  ,6.568110296218e-09  
  1.435489433354e+01  ,6.574566850668e-09  
  1.438798578256e+01  ,6.581001733343e-09  
  1.442115351525e+01  ,6.587414828165e-09  
  1.445439770746e+01  ,6.593806019342e-09  
  1.448771853545e+01  ,6.600175191375e-09  
  1.452111617588e+01  ,6.606522229067e-09  
  1.455459080582e+01  ,6.612847017524e-09  
  1.458814260275e+01  ,6.619149442164e-09  
  1.462177174457e+01  ,6.625429388721e-09  
  1.465547840956e+01  ,6.631686743250e-09  
  1.468926277644e+01  ,6.637921392135e-09  
  1.472312502433e+01  ,6.644133222092e-09  
  1.475706533276e+01  ,6.650322120178e-09  
  1.479108388168e+01  ,6.656487973791e-09  
  1.482518085146e+01  ,6.662630670682e-09  
  1.485935642287e+01  ,6.668750098958e-09  
  1.489361077711e+01  ,6.674846147084e-09  
  1.492794409579e+01  ,6.680918703897e-09  
  1.496235656094e+01  ,6.686967658602e-09  
  1.499684835502e+01  ,6.692992900784e-09  
  1.503141966090e+01  ,6.698994320413e-09  
  1.506607066187e+01  ,6.704971807847e-09  
  1.510080154164e+01  ,6.710925253839e-09  
  1.513561248436e+01  ,6.716854549543e-09  
  1.517050367459e+01  ,6.722759586518e-09  
  1.520547529732e+01  ,6.728640256736e-09  
  1.524052753797e+01  ,6.734496452587e-09  
  1.527566058238e+01  ,6.740328066882e-09  
  1.531087461682e+01  ,6.746134992860e-09  
  1.534616982799e+01  ,6.751917124195e-09  
  1.538154640303e+01  ,6.757674355001e-09  
  1.541700452949e+01  ,6.763406579835e-09  
  1.545254439538e+01  ,6.769113693705e-09  
  1.548816618912e+01  ,6.774795592076e-09  
  1.552387009958e+01  ,6.780452170872e-09  
  1.555965631605e+01  ,6.786083326487e-09  
  1.559552502827e+01  ,6.791688955782e-09  
  1.563147642641e+01  ,6.797268956100e-09  
  1.566751070108e+01  ,6.802823225266e-09  
  1.570362804333e+01  ,6.808351661591e-09  
  1.573982864466e+01  ,6.813854163884e-09  
  1.577611269699e+01  ,6.819330631449e-09  
  1.581248039270e+01  ,6.824780964095e-09  
  1.584893192461e+01  ,6.830205062144e-09  
  1.588546748598e+01  ,6.835602826428e-09  
  1.592208727051e+01  ,6.840974158303e-09  
  1.595879147237e+01  ,6.846318959650e-09  
  1.599558028615e+01  ,6.851637132878e-09  
  1.603245390690e+01  ,6.856928580936e-09  
  1.606941253013e+01  ,6.862193207312e-09  
  1.610645635178e+01  ,6.867430916039e-09  
  1.614358556826e+01  ,6.872641611705e-09  
  1.618080037643e+01  ,6.877825199451e-09  
  1.621810097359e+01  ,6.882981584981e-09  
  1.625548755750e+01  ,6.888110674569e-09  
  1.629296032640e+01  ,6.893212375056e-09  
  1.633051947894e+01  ,6.898286593861e-09  
  1.636816521428e+01  ,6.903333238989e-09  
  1.640589773199e+01  ,6.908352219026e-09  
  1.644371723215e+01  ,6.913343443153e-09  
  1.648162391525e+01  ,6.918306821149e-09  
  1.651961798229e+01  ,6.923242263391e-09  
  1.655769963469e+01  ,6.928149680867e-09  
  1.659586907437e+01  ,6.933028985172e-09  
  1.663412650370e+01  ,6.937880088520e-09  
  1.667247212551e+01  ,6.942702903746e-09  
  1.671090614311e+01  ,6.947497344309e-09  
  1.674942876026e+01  ,6.952263324300e-09  
  1.678804018122e+01  ,6.957000758444e-09  
  1.682674061070e+01  ,6.961709562108e-09  
  1.686553025389e+01  ,6.966389651300e-09  
  1.690440931643e+01  ,6.971040942681e-09  
  1.694337800447e+01  ,6.975663353563e-09  
  1.698243652462e+01  ,6.980256801918e-09  
  1.702158508395e+01  ,6.984821206378e-09  
  1.706082389003e+01  ,6.989356486244e-09  
  1.710015315090e+01  ,6.993862561490e-09  
  1.713957307508e+01  ,6.998339352763e-09  
  1.717908387157e+01  ,7.002786781393e-09  
  1.721868574986e+01  ,7.007204769392e-09  
  1.725837891990e+01  ,7.011593239462e-09  
  1.729816359215e+01  ,7.015952115001e-09  
  1.733803997754e+01  ,7.020281320100e-09  
  1.737800828749e+01  ,7.024580779554e-09  
  1.741806873391e+01  ,7.028850418864e-09  
  1.745822152920e+01  ,7.033090164240e-09  
  1.749846688625e+01  ,7.037299942605e-09  
  1.753880501842e+01  ,7.041479681603e-09  
  1.757923613959e+01  ,7.045629309596e-09  
  1.761976046412e+01  ,7.049748755675e-09  
  1.766037820686e+01  ,7.053837949660e-09  
  1.770108958317e+01  ,7.057896822102e-09  
  1.774189480890e+01  ,7.061925304293e-09  
  1.778279410039e+01  ,7.065923328265e-09  
  1.782378767448e+01  ,7.069890826794e-09  
  1.786487574852e+01  ,7.073827733405e-09  
  1.790605854035e+01  ,7.077733982377e-09  
  1.794733626832e+01  ,7.081609508741e-09  
  1.798870915129e+01  ,7.085454248291e-09  
  1.803017740859e+01  ,7.089268137583e-09  
  1.807174126011e+01  ,7.093051113938e-09  
  1.811340092619e+01  ,7.096803115449e-09  
  1.815515662773e+01  ,7.100524080980e-09  
  1.819700858610e+01  ,7.104213950174e-09  
  1.823895702320e+01  ,7.107872663450e-09  
  1.828100216143e+01  ,7.111500162014e-09  
  1.832314422371e+01  ,7.115096387857e-09  
  1.836538343348e+01  ,7.118661283758e-09  
  1.840772001469e+01  ,7.122194793289e-09  
  1.845015419179e+01  ,7.125696860819e-09  
  1.849268618978e+01  ,7.129167431513e-09  
  1.853531623415e+01  ,7.132606451341e-09  
  1.857804455092e+01  ,7.136013867073e-09  
  1.862087136663e+01  ,7.139389626289e-09  
  1.866379690835e+01  ,7.142733677380e-09  
  1.870682140366e+01  ,7.146045969546e-09  
  1.874994508067e+01  ,7.149326452805e-09  
  1.879316816803e+01  ,7.152575077994e-09  
  1.883649089490e+01  ,7.155791796769e-09  
  1.887991349096e+01  ,7.158976561608e-09  
  1.892343618645e+01  ,7.162129325818e-09  
  1.896705921211e+01  ,7.165250043532e-09  
  1.901078279923e+01  ,7.168338669715e-09  
  1.905460717963e+01  ,7.171395160163e-09  
  1.909853258566e+01  ,7.174419471508e-09  
  1.914255925021e+01  ,7.177411561221e-09  
  1.918668740670e+01  ,7.180371387611e-09  
  1.923091728910e+01  ,7.183298909828e-09  
  1.927524913191e+01  ,7.186194087868e-09  
  1.931968317017e+01  ,7.189056882572e-09  
  1.936421963946e+01  ,7.191887255628e-09  
  1.940885877593e+01  ,7.194685169574e-09  
  1.945360081623e+01  ,7.197450587800e-09  
  1.949844599758e+01  ,7.200183474550e-09  
  1.954339455775e+01  ,7.202883794923e-09  
  1.958844673506e+01  ,7.205551514872e-09  
  1.963360276836e+01  ,7.208186601213e-09  
  1.967886289707e+01  ,7.210789021620e-09  
  1.972422736115e+01  ,7.213358744626e-09  
  1.976969640112e+01  ,7.215895739632e-09  
  1.981527025805e+01  ,7.218399976900e-09  
  1.986094917357e+01  ,7.220871427560e-09  
  1.990673338987e+01  ,7.223310063606e-09  
  1.995262314969e+01  ,7.225715857905e-09  
  1.999861869633e+01  ,7.228088784189e-09  
  2.004472027365e+01  ,7.230428817064e-09  
  2.009092812609e+01  ,7.232735932007e-09  
  2.013724249862e+01  ,7.235010105367e-09  
  2.018366363681e+01  ,7.237251314367e-09  
  2.023019178678e+01  ,7.239459537106e-09  
  2.027682719521e+01  ,7.241634752558e-09  
  2.032357010936e+01  ,7.243776940572e-09  
  2.037042077706e+01  ,7.245886081877e-09  
  2.041737944669e+01  ,7.247962158077e-09  
  2.046444636725e+01  ,7.250005151656e-09  
  2.051162178825e+01  ,7.252015045978e-09  
  2.055890595984e+01  ,7.253991825283e-09  
  2.060629913270e+01  ,7.255935474695e-09  
  2.065380155810e+01  ,7.257845980216e-09  
  2.070141348791e+01  ,7.259723328731e-09  
  2.074913517455e+01  ,7.261567508002e-09  
  2.079696687104e+01  ,7.263378506678e-09  
  2.084490883097e+01  ,7.265156314283e-09  
  2.089296130854e+01  ,7.266900921229e-09  
  2.094112455851e+01  ,7.268612318805e-09  
  2.098939883623e+01  ,7.270290499183e-09  
  2.103778439766e+01  ,7.271935455417e-09  
  2.108628149933e+01  ,7.273547181444e-09  
  2.113489039836e+01  ,7.275125672078e-09  
  2.118361135248e+01  ,7.276670923018e-09  
  2.123244462000e+01  ,7.278182930843e-09  
  2.128139045983e+01  ,7.279661693011e-09  
  2.133044913146e+01  ,7.281107207861e-09  
  2.137962089502e+01  ,7.282519474613e-09  
  2.142890601120e+01  ,7.283898493363e-09  
  2.147830474130e+01  ,7.285244265089e-09  
  2.152781734724e+01  ,7.286556791645e-09  
  2.157744409153e+01  ,7.287836075761e-09  
  2.162718523727e+01  ,7.289082121047e-09  
  2.167704104820e+01  ,7.290294931985e-09  
  2.172701178864e+01  ,7.291474513935e-09  
  2.177709772353e+01  ,7.292620873129e-09  
  2.182729911843e+01  ,7.293734016673e-09  
  2.187761623949e+01  ,7.294813952544e-09  
  2.192804935350e+01  ,7.295860689592e-09  
  2.197859872785e+01  ,7.296874237535e-09  
  2.202926463053e+01  ,7.297854606959e-09  
  2.208004733019e+01  ,7.298801809320e-09  
  2.213094709605e+01  ,7.299715856938e-09  
  2.218196419800e+01  ,7.300596762999e-09  
  2.223309890651e+01  ,7.301444541551e-09  
  2.228435149270e+01  ,7.302259207507e-09  
  2.233572222830e+01  ,7.303040776635e-09  
  2.238721138568e+01  ,7.303789265569e-09  
  2.243881923783e+01  ,7.304504691794e-09  
  2.249054605836e+01  ,7.305187073653e-09  
  2.254239212152e+01  ,7.305836430345e-09  
  2.259435770221e+01  ,7.306452781918e-09  
  2.264644307593e+01  ,7.307036149272e-09  
  2.269864851884e+01  ,7.307586554155e-09  
  2.275097430772e+01  ,7.308104019161e-09  
  2.280342072000e+01  ,7.308588567730e-09  
  2.285598803375e+01  ,7.309040224142e-09  
  2.290867652768e+01  ,7.309459013521e-09  
  2.296148648112e+01  ,7.309844961827e-09  
  2.301441817408e+01  ,7.310198095855e-09  
  2.306747188720e+01  ,7.310518443237e-09  
  2.312064790175e+01  ,7.310806032435e-09  
  2.317394649968e+01  ,7.311060892740e-09  
  2.322736796357e+01  ,7.311283054270e-09  
  2.328091257665e+01  ,7.311472547968e-09  
  2.333458062281e+01  ,7.311629405600e-09  
  2.338837238659e+01  ,7.311753659748e-09  
  2.344228815320e+01  ,7.311845343815e-09  
  2.349632820848e+01  ,7.311904492015e-09  
  2.355049283896e+01  ,7.311931139377e-09  
  2.360478233180e+01  ,7.311925321735e-09  
  2.365919697486e+01  ,7.311887075733e-09  
  2.371373705661e+01  ,7.311816438814e-09  
  2.376840286625e+01  ,7.311713449226e-09  
  2.382319469359e+01  ,7.311578146012e-09  
  2.387811282913e+01  ,7.311410569010e-09  
  2.393315756405e+01  ,7.311210758850e-09  
  2.398832919019e+01  ,7.310978756950e-09  
  2.404362800007e+01  ,7.310714605513e-09  
  2.409905428686e+01  ,7.310418347527e-09  
  2.415460834445e+01  ,7.310090026755e-09  
  2.421029046736e+01  ,7.309729687741e-09  
  2.426610095082e+01  ,7.309337375797e-09  
  2.432204009074e+01  ,7.308913137007e-09  
  2.437810818369e+01  ,7.308457018222e-09  
  2.443430552694e+01  ,7.307969067053e-09  
  2.449063241845e+01  ,7.307449331873e-09  
  2.454708915685e+01  ,7.306897861808e-09  
  2.460367604147e+01  ,7.306314706739e-09  
  2.466039337234e+01  ,7.305699917293e-09  
  2.471724145016e+01  ,7.305053544846e-09  
  2.477422057633e+01  ,7.304375641511e-09  
  2.483133105295e+01  ,7.303666260143e-09  
  2.488857318282e+01  ,7.302925454330e-09  
  2.494594726943e+01  ,7.302153278388e-09  
  2.500345361696e+01  ,7.301349787363e-09  
  2.506109253032e+01  ,7.300515037022e-09  
  2.511886431509e+01  ,7.299649083852e-09  
  2.517676927759e+01  ,7.298751985055e-09  
  2.523480772480e+01  ,7.297823798543e-09  
  2.529297996446e+01  ,7.296864582937e-09  
  2.535128630498e+01  ,7.295874397560e-09  
  2.540972705549e+01  ,7.294853302435e-09  
  2.546830252585e+01  ,7.293801358280e-09  
  2.552701302661e+01  ,7.292718626505e-09  
  2.558585886905e+01  ,7.291605169204e-09  
  2.564484036518e+01  ,7.290461049158e-09  
  2.570395782769e+01  ,7.289286329823e-09  
  2.576321157002e+01  ,7.288081075331e-09  
  2.582260190634e+01  ,7.286845350485e-09  
  2.588212915153e+01  ,7.285579220752e-09  
  2.594179362119e+01  ,7.284282752263e-09  
  2.600159563165e+01  ,7.282956011803e-09  
  2.606153549999e+01  ,7.281599066812e-09  
  2.612161354399e+01  ,7.280211985379e-09  
  2.618183008219e+01  ,7.278794836235e-09  
  2.624218543384e+01  ,7.277347688751e-09  
  2.630267991895e+01  ,7.275870612936e-09  
  2.636331385825e+01  ,7.274363679425e-09  
  2.642408757322e+01  ,7.272826959483e-09  
  2.648500138607e+01  ,7.271260524993e-09  
  2.654605561975e+01  ,7.269664448458e-09  
  2.660725059799e+01  ,7.268038802991e-09  
  2.666858664521e+01  ,7.266383662314e-09  
  2.673006408663e+01  ,7.264699100751e-09  
  2.679168324819e+01  ,7.262985193226e-09  
  2.685344445658e+01  ,7.261242015254e-09  
  2.691534803927e+01  ,7.259469642940e-09  
  2.697739432445e+01  ,7.257668152975e-09  
  2.703958364109e+01  ,7.255837622626e-09  
  2.710191631891e+01  ,7.253978129737e-09  
  2.716439268839e+01  ,7.252089752721e-09  
  2.722701308078e+01  ,7.250172570555e-09  
  2.728977782808e+01  ,7.248226662778e-09  
  2.735268726307e+01  ,7.246252109481e-09  
  2.741574171928e+01  ,7.244248991309e-09  
  2.747894153102e+01  ,7.242217389450e-09  
  2.754228703338e+01  ,7.240157385633e-09  
  2.760577856220e+01  ,7.238069062123e-09  
  2.766941645411e+01  ,7.235952501714e-09  
  2.773320104652e+01  ,7.233807787728e-09  
  2.779713267759e+01  ,7.231635004006e-09  
  2.786121168630e+01  ,7.229434234903e-09  
  2.792543841237e+01  ,7.227205565289e-09  
  2.798981319634e+01  ,7.224949080535e-09  
  2.805433637951e+01  ,7.222664866515e-09  
  2.811900830399e+01  ,7.220353009598e-09  
  2.818382931264e+01  ,7.218013596643e-09  
  2.824879974915e+01  ,7.215646714994e-09  
  2.831391995799e+01  ,7.213252452475e-09  
  2.837919028441e+01  ,7.210830897387e-09  
  2.844461107448e+01  ,7.208382138499e-09  
  2.851018267504e+01  ,7.205906265045e-09  
  2.857590543375e+01  ,7.203403366719e-09  
  2.864177969906e+01  ,7.200873533671e-09  
  2.870780582024e+01  ,7.198316856496e-09  
  2.877398414735e+01  ,7.195733426239e-09  
  2.884031503126e+01  ,7.193123334379e-09  
  2.890679882365e+01  ,7.190486672834e-09  
  2.897343587701e+01  ,7.187823533944e-09  
  2.904022654464e+01  ,7.185134010480e-09  
  2.910717118066e+01  ,7.182418195625e-09  
  2.917427014001e+01  ,7.179676182978e-09  
  2.924152377843e+01  ,7.176908066547e-09  
  2.930893245250e+01  ,7.174113940740e-09  
  2.937649651961e+01  ,7.171293900364e-09  
  2.944421633799e+01  ,7.168448040619e-09  
  2.951209226666e+01  ,7.165576457090e-09  
  2.958012466551e+01  ,7.162679245745e-09  
  2.964831389524e+01  ,7.159756502929e-09  
  2.971666031738e+01  ,7.156808325357e-09  
  2.978516429429e+01  ,7.153834810112e-09  
  2.985382618918e+01  ,7.150836054637e-09  
  2.992264636608e+01  ,7.147812156729e-09  
  2.999162518987e+01  ,7.144763214539e-09  
  3.006076302628e+01  ,7.141689326561e-09  
  3.013006024186e+01  ,7.138590591628e-09  
  3.019951720402e+01  ,7.135467108911e-09  
  3.026913428101e+01  ,7.132318977908e-09  
  3.033891184194e+01  ,7.129146298441e-09  
  3.040885025676e+01  ,7.125949170653e-09  
  3.047894989628e+01  ,7.122727695001e-09  
  3.054921113215e+01  ,7.119481972249e-09  
  3.061963433690e+01  ,7.116212103465e-09  
  3.069021988391e+01  ,7.112918190016e-09  
  3.076096814740e+01  ,7.109600333562e-09  
  3.083187950249e+01  ,7.106258636050e-09  
  3.090295432513e+01  ,7.102893199711e-09  
  3.097419299216e+01  ,7.099504127053e-09  
  3.104559588128e+01  ,7.096091520856e-09  
  3.111716337106e+01  ,7.092655484168e-09  
  3.118889584094e+01  ,7.089196120298e-09  
  3.126079367124e+01  ,7.085713532813e-09  
  3.133285724315e+01  ,7.082207825531e-09  
  3.140508693876e+01  ,7.078679102517e-09  
  3.147748314101e+01  ,7.075127468078e-09  
  3.155004623374e+01  ,7.071553026756e-09  
  3.162277660168e+01  ,7.067955883326e-09  
  3.169567463043e+01  ,7.064336142788e-09  
  3.176874070650e+01  ,7.060693910363e-09  
  3.184197521726e+01  ,7.057029291488e-09  
  3.191537855101e+01  ,7.053342391814e-09  
  3.198895109691e+01  ,7.049633317192e-09  
  3.206269324505e+01  ,7.045902173681e-09  
  3.213660538640e+01  ,7.042149067528e-09  
  3.221068791283e+01  ,7.038374105178e-09  
  3.228494121712e+01  ,7.034577393259e-09  
  3.235936569296e+01  ,7.030759038577e-09  
  3.243396173493e+01  ,7.026919148119e-09  
  3.250872973854e+01  ,7.023057829039e-09  
  3.258367010020e+01  ,7.019175188659e-09  
  3.265878321723e+01  ,7.015271334462e-09  
  3.273406948788e+01  ,7.011346374086e-09  
  3.280952931131e+01  ,7.007400415321e-09  
  3.288516308760e+01  ,7.003433566102e-09  
  3.296097121774e+01  ,6.999445934509e-09  
  3.303695410368e+01  ,6.995437628754e-09  
  3.311311214826e+01  ,6.991408757184e-09  
  3.318944575526e+01  ,6.987359428271e-09  
  3.326595532940e+01  ,6.983289750611e-09  
  3.334264127632e+01  ,6.979199832917e-09  
  3.341950400261e+01  ,6.975089784012e-09  
  3.349654391578e+01  ,6.970959712830e-09  
  3.357376142429e+01  ,6.966809728407e-09  
  3.365115693755e+01  ,6.962639939877e-09  
  3.372873086588e+01  ,6.958450456467e-09  
  3.380648362060e+01  ,6.954241387496e-09  
  3.388441561392e+01  ,6.950012842364e-09  
  3.396252725904e+01  ,6.945764930552e-09  
  3.404081897010e+01  ,6.941497761617e-09  
  3.411929116219e+01  ,6.937211445184e-09  
  3.419794425137e+01  ,6.932906090947e-09  
  3.427677865464e+01  ,6.928581808659e-09  
  3.435579478998e+01  ,6.924238708132e-09  
  3.443499307633e+01  ,6.919876899227e-09  
  3.451437393358e+01  ,6.915496491856e-09  
  3.459393778261e+01  ,6.911097595973e-09  
  3.467368504525e+01  ,6.906680321571e-09  
  3.475361614432e+01  ,6.902244778677e-09  
  3.483373150360e+01  ,6.897791077349e-09  
  3.491403154786e+01  ,6.893319327670e-09  
  3.499451670283e+01  ,6.888829639744e-09  
  3.507518739525e+01  ,6.884322123693e-09  
  3.515604405283e+01  ,6.879796889651e-09  
  3.523708710425e+01  ,6.875254047759e-09  
  3.531831697919e+01  ,6.870693708166e-09  
  3.539973410834e+01  ,6.866115981015e-09  
  3.548133892335e+01  ,6.861520976451e-09  
  3.556313185690e+01  ,6.856908804605e-09  
  3.564511334262e+01  ,6.852279575598e-09  
  3.572728381519e+01  ,6.847633399533e-09  
  3.580964371026e+01  ,6.842970386493e-09  
  3.589219346450e+01  ,6.838290646536e-09  
  3.597493351557e+01  ,6.833594289689e-09  
  3.605786430216e+01  ,6.828881425947e-09  
  3.614098626396e+01  ,6.824152165268e-09  
  3.622429984167e+01  ,6.819406617566e-09  
  3.630780547701e+01  ,6.814644892714e-09  
  3.639150361272e+01  ,6.809867100533e-09  
  3.647539469256e+01  ,6.805073350790e-09  
  3.655947916131e+01  ,6.800263753198e-09  
  3.664375746478e+01  ,6.795438417406e-09  
  3.672823004981e+01  ,6.790597453000e-09  
  3.681289736425e+01  ,6.785740969497e-09  
  3.689775985701e+01  ,6.780869076340e-09  
  3.698281797802e+01  ,6.775981882900e-09  
  3.706807217825e+01  ,6.771079498462e-09  
  3.715352290971e+01  ,6.766162032233e-09  
  3.723917062545e+01  ,6.761229593329e-09  
  3.732501577957e+01  ,6.756282290776e-09  
  3.741105882720e+01  ,6.751320233507e-09  
  3.749730022455e+01  ,6.746343530354e-09  
  3.758374042884e+01  ,6.741352290048e-09  
  3.767037989839e+01  ,6.736346621217e-09  
  3.775721909254e+01  ,6.731326632377e-09  
  3.784425847171e+01  ,6.726292431932e-09  
  3.793149849737e+01  ,6.721244128172e-09  
  3.801893963205e+01  ,6.716181829266e-09  
  3.810658233937e+01  ,6.711105643261e-09  
  3.819442708400e+01  ,6.706015678076e-09  
  3.828247433168e+01  ,6.700912041505e-09  
  3.837072454922e+01  ,6.695794841203e-09  
  3.845917820453e+01  ,6.690664184693e-09  
  3.854783576657e+01  ,6.685520179359e-09  
  3.863669770540e+01  ,6.680362932440e-09  
  3.872576449216e+01  ,6.675192551029e-09  
  3.881503659906e+01  ,6.670009142071e-09  
  3.890451449942e+01  ,6.664812812360e-09  
  3.899419866765e+01  ,6.659603668532e-09  
  3.908408957924e+01  ,6.654381817066e-09  
  3.917418771078e+01  ,6.649147364279e-09  
  3.926449353996e+01  ,6.643900416322e-09  
  3.935500754557e+01  ,6.638641079182e-09  
  3.944573020752e+01  ,6.633369458671e-09  
  3.953666200681e+01  ,6.628085660430e-09  
  3.962780342554e+01  ,6.622789789923e-09  
  3.971915494694e+01  ,6.617481952433e-09  
  3.981071705535e+01  ,6.612162253063e-09  
  3.990249023621e+01  ,6.606830796729e-09  
  3.999447497611e+01  ,6.601487688160e-09  
  4.008667176273e+01  ,6.596133031892e-09  
  4.017908108489e+01  ,6.590766932270e-09  
  4.027170343254e+01  ,6.585389493441e-09  
  4.036453929676e+01  ,6.580000819353e-09  
  4.045758916974e+01  ,6.574601013753e-09  
  4.055085354483e+01  ,6.569190180184e-09  
  4.064433291652e+01  ,6.563768421979e-09  
  4.073802778041e+01  ,6.558335842264e-09  
  4.083193863327e+01  ,6.552892543953e-09  
  4.092606597300e+01  ,6.547438629742e-09  
  4.102041029866e+01  ,6.541974202113e-09  
  4.111497211045e+01  ,6.536499363327e-09  
  4.120975190973e+01  ,6.531014215423e-09  
  4.130475019901e+01  ,6.525518860214e-09  
  4.139996748197e+01  ,6.520013399288e-09  
  4.149540426343e+01  ,6.514497934001e-09  
  4.159106104940e+01  ,6.508972565480e-09  
  4.168693834703e+01  ,6.503437394614e-09  
  4.178303666466e+01  ,6.497892522059e-09  
  4.187935651179e+01  ,6.492338048232e-09  
  4.197589839910e+01  ,6.486774073307e-09  
  4.207266283844e+01  ,6.481200697216e-09  
  4.216965034285e+01  ,6.475618019646e-09  
  4.226686142656e+01  ,6.470026140035e-09  
  4.236429660495e+01  ,6.464425157573e-09  
  4.246195639463e+01  ,6.458815171198e-09  
  4.255984131337e+01  ,6.453196279593e-09  
  4.265795188016e+01  ,6.447568581186e-09  
  4.275628861515e+01  ,6.441932174147e-09  
  4.285485203974e+01  ,6.436287156386e-09  
  4.295364267649e+01  ,6.430633625552e-09  
  4.305266104917e+01  ,6.424971679029e-09  
  4.315190768277e+01  ,6.419301413935e-09  
  4.325138310350e+01  ,6.413622927122e-09  
  4.335108783875e+01  ,6.407936315172e-09  
  4.345102241715e+01  ,6.402241674396e-09  
  4.355118736855e+01  ,6.396539100830e-09  
  4.365158322401e+01  ,6.390828690237e-09  
  4.375221051582e+01  ,6.385110538104e-09  
  4.385306977749e+01  ,6.379384739638e-09  
  4.395416154378e+01  ,6.373651389766e-09  
  4.405548635065e+01  ,6.367910583136e-09  
  4.415704473533e+01  ,6.362162414109e-09  
  4.425883723626e+01  ,6.356406976764e-09  
  4.436086439314e+01  ,6.350644364891e-09  
  4.446312674691e+01  ,6.344874671993e-09  
  4.456562483975e+01  ,6.339097991285e-09  
  4.466835921509e+01  ,6.333314415689e-09  
  4.477133041763e+01  ,6.327524037834e-09  
  4.487453899331e+01  ,6.321726950055e-09  
  4.497798548932e+01  ,6.315923244394e-09  
  4.508167045414e+01  ,6.310113012593e-09  
  4.518559443749e+01  ,6.304296346096e-09  
  4.528975799036e+01  ,6.298473336050e-09  
  4.539416166502e+01  ,6.292644073297e-09  
  4.549880601500e+01  ,6.286808648379e-09  
  4.560369159513e+01  ,6.280967151535e-09  
  4.570881896148e+01  ,6.275119672697e-09  
  4.581418867145e+01  ,6.269266301493e-09  
  4.591980128368e+01  ,6.263407127241e-09  
  4.602565735813e+01  ,6.257542238953e-09  
  4.613175745603e+01  ,6.251671725330e-09  
  4.623810213992e+01  ,6.245795674762e-09  
  4.634469197362e+01  ,6.239914175328e-09  
  4.645152752227e+01  ,6.234027314792e-09  
  4.655860935229e+01  ,6.228135180607e-09  
  4.666593803142e+01  ,6.222237859907e-09  
  4.677351412872e+01  ,6.216335439512e-09  
  4.688133821452e+01  ,6.210428005925e-09  
  4.698941086052e+01  ,6.204515645330e-09  
  4.709773263969e+01  ,6.198598443592e-09  
  4.720630412635e+01  ,6.192676486256e-09  
  4.731512589614e+01  ,6.186749858545e-09  
  4.742419852602e+01  ,6.180818645362e-09  
  4.753352259428e+01  ,6.174882931285e-09  
  4.764309868054e+01  ,6.168942800571e-09  
  4.775292736576e+01  ,6.162998337149e-09  
  4.786300923226e+01  ,6.157049624627e-09  
  4.797334486366e+01  ,6.151096746284e-09  
  4.808393484497e+01  ,6.145139785073e-09  
  4.819477976251e+01  ,6.139178823619e-09  
  4.830588020397e+01  ,6.133213944220e-09  
  4.841723675841e+01  ,6.127245228845e-09  
  4.852885001621e+01  ,6.121272759131e-09  
  4.864072056914e+01  ,6.115296616389e-09  
  4.875284901033e+01  ,6.109316881595e-09  
  4.886523593428e+01  ,6.103333635395e-09  
  4.897788193684e+01  ,6.097346958105e-09  
  4.909078761526e+01  ,6.091356929705e-09  
  4.920395356814e+01  ,6.085363629844e-09  
  4.931738039549e+01  ,6.079367137837e-09  
  4.943106869868e+01  ,6.073367532664e-09  
  4.954501908047e+01  ,6.067364892971e-09  
  4.965923214503e+01  ,6.061359297070e-09  
  4.977370849789e+01  ,6.055350822934e-09  
  4.988844874600e+01  ,6.049339548204e-09  
  5.000345349769e+01  ,6.043325550181e-09  
  5.011872336272e+01  ,6.037308905832e-09  
  5.023425895223e+01  ,6.031289691786e-09  
  5.035006087879e+01  ,6.025267984333e-09  
  5.046612975635e+01  ,6.019243859427e-09  
  5.058246620031e+01  ,6.013217392682e-09  
  5.069907082747e+01  ,6.007188659377e-09  
  5.081594425605e+01  ,6.001157734448e-09  
  5.093308710571e+01  ,5.995124692494e-09  
  5.105049999754e+01  ,5.989089607776e-09  
  5.116818355403e+01  ,5.983052554212e-09  
  5.128613839913e+01  ,5.977013605385e-09  
  5.140436515824e+01  ,5.970972834534e-09  
  5.152286445817e+01  ,5.964930314560e-09  
  5.164163692720e+01  ,5.958886118023e-09  
  5.176068319505e+01  ,5.952840317145e-09  
  5.188000389289e+01  ,5.946792983803e-09  
  5.199959965335e+01  ,5.940744189538e-09  
  5.211947111050e+01  ,5.934694005549e-09  
  5.223961889991e+01  ,5.928642502693e-09  
  5.236004365857e+01  ,5.922589751486e-09  
  5.248074602497e+01  ,5.916535822108e-09  
  5.260172663907e+01  ,5.910480784391e-09  
  5.272298614228e+01  ,5.904424707832e-09  
  5.284452517751e+01  ,5.898367661584e-09  
  5.296634438916e+01  ,5.892309714461e-09  
  5.308844442309e+01  ,5.886250934936e-09  
  5.321082592667e+01  ,5.880191391141e-09  
  5.333348954876e+01  ,5.874131150867e-09  
  5.345643593969e+01  ,5.868070281565e-09  
  5.357966575133e+01  ,5.862008850346e-09  
  5.370317963702e+01  ,5.855946923980e-09  
  5.382697825162e+01  ,5.849884568899e-09  
  5.395106225151e+01  ,5.843821851191e-09  
  5.407543229455e+01  ,5.837758836609e-09  
  5.420008904016e+01  ,5.831695590563e-09  
  5.432503314924e+01  ,5.825632178124e-09  
  5.445026528424e+01  ,5.819568664026e-09  
  5.457578610912e+01  ,5.813505112661e-09  
  5.470159628939e+01  ,5.807441588084e-09  
  5.482769649208e+01  ,5.801378154012e-09  
  5.495408738576e+01  ,5.795314873822e-09  
  5.508076964054e+01  ,5.789251810555e-09  
  5.520774392807e+01  ,5.783189026913e-09  
  5.533501092157e+01  ,5.777126585260e-09  
  5.546257129579e+01  ,5.771064547626e-09  
  5.559042572704e+01  ,5.765002975700e-09  
  5.571857489319e+01  ,5.758941930838e-09  
  5.584701947368e+01  ,5.752881474059e-09  
  5.597576014951e+01  ,5.746821666046e-09  
  5.610479760324e+01  ,5.740762567146e-09  
  5.623413251903e+01  ,5.734704237372e-09  
  5.636376558259e+01  ,5.728646736404e-09  
  5.649369748123e+01  ,5.722590123584e-09  
  5.662392890382e+01  ,5.716534457925e-09  
  5.675446054085e+01  ,5.710479798102e-09  
  5.688529308438e+01  ,5.704426202462e-09  
  5.701642722807e+01  ,5.698373729015e-09  
  5.714786366718e+01  ,5.692322435443e-09  
  5.727960309858e+01  ,5.686272379095e-09  
  5.741164622073e+01  ,5.680223616988e-09  
  5.754399373371e+01  ,5.674176205811e-09  
  5.767664633922e+01  ,5.668130201920e-09  
  5.780960474057e+01  ,5.662085661347e-09  
  5.794286964268e+01  ,5.656042639788e-09  
  5.807644175213e+01  ,5.650001192617e-09  
  5.821032177708e+01  ,5.643961374876e-09  
  5.834451042737e+01  ,5.637923241283e-09  
  5.847900841444e+01  ,5.631886846227e-09  
  5.861381645140e+01  ,5.625852243772e-09  
  5.874893525297e+01  ,5.619819487657e-09  
  5.888436553555e+01  ,5.613788631296e-09  
  5.902010801718e+01  ,5.607759727777e-09  
  5.915616341754e+01  ,5.601732829868e-09  
  5.929253245799e+01  ,5.595707990010e-09  
  5.942921586155e+01  ,5.589685260326e-09  
  5.956621435290e+01  ,5.583664692612e-09  
  5.970352865838e+01  ,5.577646338349e-09  
  5.984115950603e+01  ,5.571630248693e-09  
  5.997910762555e+01  ,5.565616474481e-09  
  6.011737374832e+01  ,5.559605066235e-09  
  6.025595860743e+01  ,5.553596074153e-09  
  6.039486293763e+01  ,5.547589548118e-09  
  6.053408747539e+01  ,5.541585537698e-09  
  6.067363295884e+01  ,5.535584092142e-09  
  6.081350012787e+01  ,5.529585260384e-09  
  6.095368972401e+01  ,5.523589091045e-09  
  6.109420249055e+01  ,5.517595632429e-09  
  6.123503917247e+01  ,5.511604932529e-09  
  6.137620051647e+01  ,5.505617039025e-09  
  6.151768727098e+01  ,5.499631999286e-09  
  6.165950018614e+01  ,5.493649860368e-09  
  6.180164001384e+01  ,5.487670669018e-09  
  6.194410750767e+01  ,5.481694471674e-09  
  6.208690342300e+01  ,5.475721314464e-09  
  6.223002851691e+01  ,5.469751243210e-09  
  6.237348354824e+01  ,5.463784303424e-09  
  6.251726927756e+01  ,5.457820540316e-09  
  6.266138646723e+01  ,5.451859998786e-09  
  6.280583588133e+01  ,5.445902723433e-09  
  6.295061828571e+01  ,5.439948758549e-09  
  6.309573444801e+01  ,5.433998148125e-09  
  6.324118513762e+01  ,5.428050935851e-09  
  6.338697112569e+01  ,5.422107165112e-09  
  6.353309318517e+01  ,5.416166878995e-09  
  6.367955209079e+01  ,5.410230120288e-09  
  6.382634861905e+01  ,5.404296931478e-09  
  6.397348354826e+01  ,5.398367354756e-09  
  6.412095765851e+01  ,5.392441432015e-09  
  6.426877173170e+01  ,5.386519204851e-09  
  6.441692655151e+01  ,5.380600714568e-09  
  6.456542290346e+01  ,5.374686002171e-09  
  6.471426157485e+01  ,5.368775108375e-09  
  6.486344335482e+01  ,5.362868073600e-09  
  6.501296903430e+01  ,5.356964937977e-09  
  6.516283940608e+01  ,5.351065741343e-09  
  6.531305526474e+01  ,5.345170523247e-09  
  6.546361740672e+01  ,5.339279322948e-09  
  6.561452663028e+01  ,5.333392179418e-09  
  6.576578373554e+01  ,5.327509131342e-09  
  6.591738952443e+01  ,5.321630217116e-09  
  6.606934480075e+01  ,5.315755474853e-09  
  6.622165037017e+01  ,5.309884942381e-09  
  6.637430704018e+01  ,5.304018657245e-09  
  6.652731562017e+01  ,5.298156656707e-09  
  6.668067692136e+01  ,5.292298977747e-09  
  6.683439175686e+01  ,5.286445657064e-09  
  6.698846094165e+01  ,5.280596731079e-09  
  6.714288529259e+01  ,5.274752235932e-09  
  6.729766562843e+01  ,5.268912207487e-09  
  6.745280276979e+01  ,5.263076681330e-09  
  6.760829753919e+01  ,5.257245692771e-09  
  6.776415076106e+01  ,5.251419276846e-09  
  6.792036326171e+01  ,5.245597468317e-09  
  6.807693586937e+01  ,5.239780301670e-09  
  6.823386941416e+01  ,5.233967811124e-09  
  6.839116472814e+01  ,5.228160030623e-09  
  6.854882264526e+01  ,5.222356993843e-09  
  6.870684400142e+01  ,5.216558734188e-09  
  6.886522963442e+01  ,5.210765284797e-09  
  6.902398038402e+01  ,5.204976678541e-09  
  6.918309709189e+01  ,5.199192948025e-09  
  6.934258060165e+01  ,5.193414125586e-09  
  6.950243175887e+01  ,5.187640243301e-09  
  6.966265141107e+01  ,5.181871332980e-09  
  6.982324040771e+01  ,5.176107426175e-09  
  6.998419960022e+01  ,5.170348554172e-09  
  7.014552984199e+01  ,5.164594748000e-09  
  7.030723198838e+01  ,5.158846038427e-09  
  7.046930689671e+01  ,5.153102455965e-09  
  7.063175542629e+01  ,5.147364030867e-09  
  7.079457843841e+01  ,5.141630793130e-09  
  7.095777679633e+01  ,5.135902772494e-09  
  7.112135136533e+01  ,5.130179998449e-09  
  7.128530301265e+01  ,5.124462500229e-09  
  7.144963260754e+01  ,5.118750306815e-09  
  7.161434102128e+01  ,5.113043446938e-09  
  7.177942912713e+01  ,5.107341949080e-09  
  7.194489780036e+01  ,5.101645841473e-09  
  7.211074791828e+01  ,5.095955152098e-09  
  7.227698036021e+01  ,5.090269908693e-09  
  7.244359600749e+01  ,5.084590138747e-09  
  7.261059574351e+01  ,5.078915869507e-09  
  7.277798045368e+01  ,5.073247127972e-09  
  7.294575102545e+01  ,5.067583940900e-09  
  7.311390834833e+01  ,5.061926334807e-09  
  7.328245331388e+01  ,5.056274335968e-09  
  7.345138681570e+01  ,5.050627970417e-09  
  7.362070974947e+01  ,5.044987263949e-09  
  7.379042301290e+01  ,5.039352242123e-09  
  7.396052750582e+01  ,5.033722930259e-09  
  7.413102413008e+01  ,5.028099353440e-09  
  7.430191378966e+01  ,5.022481536518e-09  
  7.447319739059e+01  ,5.016869504107e-09  
  7.464487584100e+01  ,5.011263280591e-09  
  7.481695005111e+01  ,5.005662890120e-09  
  7.498942093324e+01  ,5.000068356614e-09  
  7.516228940181e+01  ,4.994479703763e-09  
  7.533555637336e+01  ,4.988896955030e-09  
  7.550922276654e+01  ,4.983320133646e-09  
  7.568328950209e+01  ,4.977749262619e-09  
  7.585775750291e+01  ,4.972184364730e-09  
  7.603262769401e+01  ,4.966625462535e-09  
  7.620790100253e+01  ,4.961072578366e-09  
  7.638357835776e+01  ,4.955525734334e-09  
  7.655966069112e+01  ,4.949984952325e-09  
  7.673614893617e+01  ,4.944450254008e-09  
  7.691304402865e+01  ,4.938921660829e-09  
  7.709034690644e+01  ,4.933399194018e-09  
  7.726805850956e+01  ,4.927882874587e-09  
  7.744617978024e+01  ,4.922372723329e-09  
  7.762471166286e+01  ,4.916868760824e-09  
  7.780365510397e+01  ,4.911371007436e-09  
  7.798301105232e+01  ,4.905879483316e-09  
  7.816278045883e+01  ,4.900394208402e-09  
  7.834296427661e+01  ,4.894915202421e-09  
  7.852356346100e+01  ,4.889442484889e-09  
  7.870457896950e+01  ,4.883976075112e-09  
  7.888601176185e+01  ,4.878515992189e-09  
  7.906786279997e+01  ,4.873062255010e-09  
  7.925013304804e+01  ,4.867614882258e-09  
  7.943282347242e+01  ,4.862173892412e-09  
  7.961593504172e+01  ,4.856739303745e-09  
  7.979946872679e+01  ,4.851311134329e-09  
  7.998342550069e+01  ,4.845889402029e-09  
  8.016780633876e+01  ,4.840474124514e-09  
  8.035261221855e+01  ,4.835065319247e-09  
  8.053784411990e+01  ,4.829663003496e-09  
  8.072350302488e+01  ,4.824267194326e-09  
  8.090958991783e+01  ,4.818877908609e-09  
  8.109610578538e+01  ,4.813495163017e-09  
  8.128305161640e+01  ,4.808118974029e-09  
  8.147042840208e+01  ,4.802749357927e-09  
  8.165823713585e+01  ,4.797386330800e-09  
  8.184647881347e+01  ,4.792029908545e-09  
  8.203515443297e+01  ,4.786680106868e-09  
  8.222426499470e+01  ,4.781336941283e-09  
  8.241381150129e+01  ,4.776000427113e-09  
  8.260379495771e+01  ,4.770670579497e-09  
  8.279421637123e+01  ,4.765347413381e-09  
  8.298507675143e+01  ,4.760030943527e-09  
  8.317637711026e+01  ,4.754721184511e-09  
  8.336811846195e+01  ,4.749418150723e-09  
  8.356030182312e+01  ,4.744121856371e-09  
  8.375292821268e+01  ,4.738832315478e-09  
  8.394599865193e+01  ,4.733549541887e-09  
  8.413951416451e+01  ,4.728273549259e-09  
  8.433347577642e+01  ,4.723004351074e-09  
  8.452788451602e+01  ,4.717741960635e-09  
  8.472274141405e+01  ,4.712486391065e-09  
  8.491804750362e+01  ,4.707237655311e-09  
  8.511380382023e+01  ,4.701995766145e-09  
  8.531001140175e+01  ,4.696760736160e-09  
  8.550667128846e+01  ,4.691532577778e-09  
  8.570378452303e+01  ,4.686311303247e-09  
  8.590135215053e+01  ,4.681096924641e-09  
  8.609937521845e+01  ,4.675889453865e-09  
  8.629785477669e+01  ,4.670688902650e-09  
  8.649679187756e+01  ,4.665495282562e-09  
  8.669618757581e+01  ,4.660308604994e-09  
  8.689604292862e+01  ,4.655128881174e-09  
  8.709635899560e+01  ,4.649956122162e-09  
  8.729713683880e+01  ,4.644790338852e-09  
  8.749837752273e+01  ,4.639631541973e-09  
  8.770008211435e+01  ,4.634479742091e-09  
  8.790225168308e+01  ,4.629334949607e-09  
  8.810488730079e+01  ,4.624197174762e-09  
  8.830799004185e+01  ,4.619066427634e-09  
  8.851156098307e+01  ,4.613942718142e-09  
  8.871560120379e+01  ,4.608826056044e-09  
  8.892011178579e+01  ,4.603716450939e-09  
  8.912509381337e+01  ,4.598613912271e-09  
  8.933054837332e+01  ,4.593518449326e-09  
  8.953647655495e+01  ,4.588430071231e-09  
  8.974287945007e+01  ,4.583348786964e-09  
  8.994975815299e+01  ,4.578274605344e-09  
  9.015711376059e+01  ,4.573207535037e-09  
  9.036494737222e+01  ,4.568147584561e-09  
  9.057326008981e+01  ,4.563094762278e-09  
  9.078205301781e+01  ,4.558049076401e-09  
  9.099132726322e+01  ,4.553010534994e-09  
  9.120108393558e+01  ,4.547979145970e-09  
  9.141132414702e+01  ,4.542954917098e-09  
  9.162204901219e+01  ,4.537937855997e-09  
  9.183325964835e+01  ,4.532927970139e-09  
  9.204495717531e+01  ,4.527925266852e-09  
  9.225714271547e+01  ,4.522929753322e-09  
  9.246981739381e+01  ,4.517941436587e-09  
  9.268298233793e+01  ,4.512960323545e-09  
  9.289663867798e+01  ,4.507986420951e-09  
  9.311078754677e+01  ,4.503019735419e-09  
  9.332543007969e+01  ,4.498060273424e-09  
  9.354056741475e+01  ,4.493108041300e-09  
  9.375620069258e+01  ,4.488163045244e-09  
  9.397233105645e+01  ,4.483225291314e-09  
  9.418895965227e+01  ,4.478294785432e-09  
  9.440608762858e+01  ,4.473371533383e-09  
  9.462371613657e+01  ,4.468455540819e-09  
  9.484184633008e+01  ,4.463546813255e-09  
  9.506047936562e+01  ,4.458645356074e-09  
  9.527961640236e+01  ,4.453751174526e-09  
  9.549925860213e+01  ,4.448864273730e-09  
  9.571940712947e+01  ,4.443984658673e-09  
  9.594006315158e+01  ,4.439112334210e-09  
  9.616122783836e+01  ,4.434247305071e-09  
  9.638290236239e+01  ,4.429389575853e-09  
  9.660508789897e+01  ,4.424539151028e-09  
  9.682778562611e+01  ,4.419696034939e-09  
  9.705099672454e+01  ,4.414860231805e-09  
  9.727472237769e+01  ,4.410031745718e-09  
  9.749896377173e+01  ,4.405210580644e-09  
  9.772372209557e+01  ,4.400396740430e-09  
  9.794899854086e+01  ,4.395590228794e-09  
  9.817479430199e+01  ,4.390791049335e-09  
  9.840111057610e+01  ,4.385999205532e-09  
  9.862794856311e+01  ,4.381214700739e-09  
  9.885530946568e+01  ,4.376437538193e-09  
  9.908319448927e+01  ,4.371667721012e-09  
  9.931160484208e+01  ,4.366905252195e-09  
  9.954054173514e+01  ,4.362150134622e-09  
  9.977000638224e+01  ,4.357402371057e-09  
  9.999999999999e+01  ,4.352661964150e-09  
  1.002305238078e+02  ,4.347928916433e-09  
  1.004615790278e+02  ,4.343203230323e-09  
  1.006931668852e+02  ,4.338484908126e-09  
  1.009252886077e+02  ,4.333773952033e-09  
  1.011579454260e+02  ,4.329070364123e-09  
  1.013911385737e+02  ,4.324374146362e-09  
  1.016248692871e+02  ,4.319685300608e-09  
  1.018591388054e+02  ,4.315003828607e-09  
  1.020939483708e+02  ,4.310329731995e-09  
  1.023292992281e+02  ,4.305663012301e-09  
  1.025651926251e+02  ,4.301003670944e-09  
  1.028016298126e+02  ,4.296351709239e-09  
  1.030386120442e+02  ,4.291707128391e-09  
  1.032761405761e+02  ,4.287069929500e-09  
  1.035142166679e+02  ,4.282440113563e-09  
  1.037528415818e+02  ,4.277817681472e-09  
  1.039920165829e+02  ,4.273202634012e-09  
  1.042317429393e+02  ,4.268594971869e-09  
  1.044720219221e+02  ,4.263994695625e-09  
  1.047128548051e+02  ,4.259401805761e-09  
  1.049542428652e+02  ,4.254816302656e-09  
  1.051961873823e+02  ,4.250238186591e-09  
  1.054386896391e+02  ,4.245667457745e-09  
  1.056817509214e+02  ,4.241104116200e-09  
  1.059253725177e+02  ,4.236548161940e-09  
  1.061695557199e+02  ,4.231999594849e-09  
  1.064143018224e+02  ,4.227458414717e-09  
  1.066596121230e+02  ,4.222924621237e-09  
  1.069054879223e+02  ,4.218398214007e-09  
  1.071519305237e+02  ,4.213879192529e-09  
  1.073989412341e+02  ,4.209367556212e-09  
  1.076465213630e+02  ,4.204863304371e-09  
  1.078946722230e+02  ,4.200366436230e-09  
  1.081433951298e+02  ,4.195876950917e-09  
  1.083926914021e+02  ,4.191394847473e-09  
  1.086425623617e+02  ,4.186920124845e-09  
  1.088930093333e+02  ,4.182452781891e-09  
  1.091440336449e+02  ,4.177992817380e-09  
  1.093956366272e+02  ,4.173540229992e-09  
  1.096478196143e+02  ,4.169095018317e-09  
  1.099005839432e+02  ,4.164657180860e-09  
  1.101539309541e+02  ,4.160226716037e-09  
  1.104078619902e+02  ,4.155803622179e-09  
  1.106623783978e+02  ,4.151387897531e-09  
  1.109174815262e+02  ,4.146979540251e-09  
  1.111731727281e+02  ,4.142578548416e-09  
  1.114294533592e+02  ,4.138184920016e-09  
  1.116863247780e+02  ,4.133798652959e-09  
  1.119437883467e+02  ,4.129419745072e-09  
  1.122018454302e+02  ,4.125048194097e-09  
  1.124604973967e+02  ,4.120683997696e-09  
  1.127197456175e+02  ,4.116327153450e-09  
  1.129795914673e+02  ,4.111977658860e-09  
  1.132400363235e+02  ,4.107635511349e-09  
  1.135010815672e+02  ,4.103300708256e-09  
  1.137627285823e+02  ,4.098973246848e-09  
  1.140249787561e+02  ,4.094653124309e-09  
  1.142878334790e+02  ,4.090340337748e-09  
  1.145512941445e+02  ,4.086034884197e-09  
  1.148153621497e+02  ,4.081736760612e-09  
  1.150800388944e+02  ,4.077445963873e-09  
  1.153453257821e+02  ,4.073162490786e-09  
  1.156112242192e+02  ,4.068886338082e-09  
  1.158777356155e+02  ,4.064617502417e-09  
  1.161448613840e+02  ,4.060355980376e-09  
  1.164126029410e+02  ,4.056101768469e-09  
  1.166809617061e+02  ,4.051854863136e-09  
  1.169499391020e+02  ,4.047615260745e-09  
  1.172195365548e+02  ,4.043382957590e-09  
  1.174897554939e+02  ,4.039157949900e-09  
  1.177605973521e+02  ,4.034940233828e-09  
  1.180320635652e+02  ,4.030729805463e-09  
  1.183041555725e+02  ,4.026526660820e-09  
  1.185768748167e+02  ,4.022330795851e-09  
  1.188502227437e+02  ,4.018142206437e-09  
  1.191242008027e+02  ,4.013960888390e-09  
  1.193988104464e+02  ,4.009786837461e-09  
  1.196740531307e+02  ,4.005620049329e-09  
  1.199499303149e+02  ,4.001460519610e-09  
  1.202264434617e+02  ,3.997308243856e-09  
  1.205035940372e+02  ,3.993163217552e-09  
  1.207813835107e+02  ,3.989025436119e-09  
  1.210598133550e+02  ,3.984894894916e-09  
  1.213388850465e+02  ,3.980771589238e-09  
  1.216186000646e+02  ,3.976655514318e-09  
  1.218989598925e+02  ,3.972546665327e-09  
  1.221799660165e+02  ,3.968445037372e-09  
  1.224616199265e+02  ,3.964350625501e-09  
  1.227439231158e+02  ,3.960263424703e-09  
  1.230268770812e+02  ,3.956183429904e-09  
  1.233104833229e+02  ,3.952110635971e-09  
  1.235947433444e+02  ,3.948045037713e-09  
  1.238796586530e+02  ,3.943986629880e-09  
  1.241652307592e+02  ,3.939935407163e-09  
  1.244514611771e+02  ,3.935891364197e-09  
  1.247383514243e+02  ,3.931854495557e-09  
  1.250259030218e+02  ,3.927824795765e-09  
  1.253141174941e+02  ,3.923802259283e-09  
  1.256029963695e+02  ,3.919786880521e-09  
  1.258925411794e+02  ,3.915778653830e-09  
  1.261827534591e+02  ,3.911777573509e-09  
  1.264736347471e+02  ,3.907783633801e-09  
  1.267651865858e+02  ,3.903796828896e-09  
  1.270574105208e+02  ,3.899817152930e-09  
  1.273503081017e+02  ,3.895844599986e-09  
  1.276438808811e+02  ,3.891879164095e-09  
  1.279381304157e+02  ,3.887920839235e-09  
  1.282330582656e+02  ,3.883969619333e-09  
  1.285286659943e+02  ,3.880025498265e-09  
  1.288249551693e+02  ,3.876088469856e-09  
  1.291219273613e+02  ,3.872158527879e-09  
  1.294195841450e+02  ,3.868235666061e-09  
  1.297179270984e+02  ,3.864319878075e-09  
  1.300169578033e+02  ,3.860411157549e-09  
  1.303166778452e+02  ,3.856509498058e-09  
  1.306170888132e+02  ,3.852614893134e-09  
  1.309181922999e+02  ,3.848727336258e-09  
  1.312199899019e+02  ,3.844846820862e-09  
  1.315224832192e+02  ,3.840973340336e-09  
  1.318256738556e+02  ,3.837106888020e-09  
  1.321295634186e+02  ,3.833247457208e-09  
  1.324341535195e+02  ,3.829395041150e-09  
  1.327394457730e+02  ,3.825549633050e-09  
  1.330454417978e+02  ,3.821711226066e-09  
  1.333521432163e+02  ,3.817879813312e-09  
  1.336595516546e+02  ,3.814055387860e-09  
  1.339676687426e+02  ,3.810237942736e-09  
  1.342764961138e+02  ,3.806427470924e-09  
  1.345860354056e+02  ,3.802623965364e-09  
  1.348962882592e+02  ,3.798827418954e-09  
  1.352072563194e+02  ,3.795037824551e-09  
  1.355189412351e+02  ,3.791255174968e-09  
  1.358313446587e+02  ,3.787479462980e-09  
  1.361444682466e+02  ,3.783710681318e-09  
  1.364583136589e+02  ,3.779948822673e-09  
  1.367728825596e+02  ,3.776193879698e-09  
  1.370881766165e+02  ,3.772445845003e-09  
  1.374041975012e+02  ,3.768704711162e-09  
  1.377209468894e+02  ,3.764970470706e-09  
  1.380384264603e+02  ,3.761243116132e-09  
  1.383566378972e+02  ,3.757522639894e-09  
  1.386755828872e+02  ,3.753809034411e-09  
  1.389952631213e+02  ,3.750102292064e-09  
  1.393156802945e+02  ,3.746402405196e-09  
  1.396368361056e+02  ,3.742709366114e-09  
  1.399587322572e+02  ,3.739023167088e-09  
  1.402813704562e+02  ,3.735343800350e-09  
  1.406047524130e+02  ,3.731671258101e-09  
  1.409288798422e+02  ,3.728005532501e-09  
  1.412537544623e+02  ,3.724346615680e-09  
  1.415793779957e+02  ,3.720694499728e-09  
  1.419057521689e+02  ,3.717049176705e-09  
  1.422328787123e+02  ,3.713410638634e-09  
  1.425607593602e+02  ,3.709778877506e-09  
  1.428893958511e+02  ,3.706153885279e-09  
  1.432187899273e+02  ,3.702535653875e-09  
  1.435489433353e+02  ,3.698924175186e-09  
  1.438798578256e+02  ,3.695319441071e-09  
  1.442115351525e+02  ,3.691721443356e-09  
  1.445439770746e+02  ,3.688130173836e-09  
  1.448771853545e+02  ,3.684545624275e-09  
  1.452111617588e+02  ,3.680967786405e-09  
  1.455459080582e+02  ,3.677396651926e-09  
  1.458814260275e+02  ,3.673832212511e-09  
  1.462177174457e+02  ,3.670274459799e-09  
  1.465547840956e+02  ,3.666723385402e-09  
  1.468926277644e+02  ,3.663178980901e-09  
  1.472312502433e+02  ,3.659641237848e-09  
  1.475706533276e+02  ,3.656110147766e-09  
  1.479108388168e+02  ,3.652585702149e-09  
  1.482518085146e+02  ,3.649067892464e-09  
  1.485935642287e+02  ,3.645556710149e-09  
  1.489361077711e+02  ,3.642052146615e-09  
  1.492794409579e+02  ,3.638554193243e-09  
  1.496235656094e+02  ,3.635062841390e-09  
  1.499684835502e+02  ,3.631578082384e-09  
  1.503141966090e+02  ,3.628099907529e-09  
  1.506607066187e+02  ,3.624628308099e-09  
  1.510080154164e+02  ,3.621163275346e-09  
  1.513561248436e+02  ,3.617704800493e-09  
  1.517050367459e+02  ,3.614252874739e-09  
  1.520547529732e+02  ,3.610807489258e-09  
  1.524052753797e+02  ,3.607368635199e-09  
  1.527566058238e+02  ,3.603936303686e-09  
  1.531087461682e+02  ,3.600510485819e-09  
  1.534616982799e+02  ,3.597091172674e-09  
  1.538154640303e+02  ,3.593678355303e-09  
  1.541700452949e+02  ,3.590272024736e-09  
  1.545254439538e+02  ,3.586872171976e-09  
  1.548816618912e+02  ,3.583478788007e-09  
  1.552387009958e+02  ,3.580091863788e-09  
  1.555965631605e+02  ,3.576711390257e-09  
  1.559552502827e+02  ,3.573337358328e-09  
  1.563147642641e+02  ,3.569969758896e-09  
  1.566751070108e+02  ,3.566608582830e-09  
  1.570362804333e+02  ,3.563253820982e-09  
  1.573982864466e+02  ,3.559905464181e-09  
  1.577611269699e+02  ,3.556563503233e-09  
  1.581248039270e+02  ,3.553227928928e-09  
  1.584893192461e+02  ,3.549898732030e-09  
  1.588546748598e+02  ,3.546575903288e-09  
  1.592208727051e+02  ,3.543259433428e-09  
  1.595879147237e+02  ,3.539949313156e-09  
  1.599558028614e+02  ,3.536645533162e-09  
  1.603245390690e+02  ,3.533348084113e-09  
  1.606941253013e+02  ,3.530056956658e-09  
  1.610645635178e+02  ,3.526772141429e-09  
  1.614358556826e+02  ,3.523493629037e-09  
  1.618080037643e+02  ,3.520221410077e-09  
  1.621810097359e+02  ,3.516955475125e-09  
  1.625548755750e+02  ,3.513695814738e-09  
  1.629296032640e+02  ,3.510442419458e-09  
  1.633051947894e+02  ,3.507195279806e-09  
  1.636816521428e+02  ,3.503954386291e-09  
  1.640589773199e+02  ,3.500719729399e-09  
  1.644371723215e+02  ,3.497491299605e-09  
  1.648162391525e+02  ,3.494269087364e-09  
  1.651961798229e+02  ,3.491053083114e-09  
  1.655769963469e+02  ,3.487843277282e-09  
  1.659586907437e+02  ,3.484639660273e-09  
  1.663412650370e+02  ,3.481442222481e-09  
  1.667247212551e+02  ,3.478250954281e-09  
  1.671090614311e+02  ,3.475065846036e-09  
  1.674942876026e+02  ,3.471886888093e-09  
  1.678804018122e+02  ,3.468714070782e-09  
  1.682674061070e+02  ,3.465547384422e-09  
  1.686553025389e+02  ,3.462386819315e-09  
  1.690440931643e+02  ,3.459232365749e-09  
  1.694337800447e+02  ,3.456084014000e-09  
  1.698243652462e+02  ,3.452941754328e-09  
  1.702158508395e+02  ,3.449805576981e-09  
  1.706082389003e+02  ,3.446675472193e-09  
  1.710015315090e+02  ,3.443551430184e-09  
  1.713957307508e+02  ,3.440433441162e-09  
  1.717908387157e+02  ,3.437321495323e-09  
  1.721868574986e+02  ,3.434215582847e-09  
  1.725837891990e+02  ,3.431115693906e-09  
  1.729816359215e+02  ,3.428021818657e-09  
  1.733803997754e+02  ,3.424933947245e-09  
  1.737800828749e+02  ,3.421852069804e-09  
  1.741806873391e+02  ,3.418776176456e-09  
  1.745822152920e+02  ,3.415706257312e-09  
  1.749846688624e+02  ,3.412642302470e-09  
  1.753880501842e+02  ,3.409584302020e-09  
  1.757923613958e+02  ,3.406532246036e-09  
  1.761976046411e+02  ,3.403486124586e-09  
  1.766037820686e+02  ,3.400445927726e-09  
  1.770108958317e+02  ,3.397411645499e-09  
  1.774189480890e+02  ,3.394383267942e-09  
  1.778279410039e+02  ,3.391360785078e-09  
  1.782378767448e+02  ,3.388344186922e-09  
  1.786487574852e+02  ,3.385333463480e-09  
  1.790605854035e+02  ,3.382328604745e-09  
  1.794733626832e+02  ,3.379329600705e-09  
  1.798870915129e+02  ,3.376336441335e-09  
  1.803017740859e+02  ,3.373349116604e-09  
  1.807174126011e+02  ,3.370367616468e-09  
  1.811340092619e+02  ,3.367391930877e-09  
  1.815515662773e+02  ,3.364422049774e-09  
  1.819700858610e+02  ,3.361457963089e-09  
  1.823895702319e+02  ,3.358499660746e-09  
  1.828100216143e+02  ,3.355547132662e-09  
  1.832314422371e+02  ,3.352600368745e-09  
  1.836538343348e+02  ,3.349659358893e-09  
  1.840772001469e+02  ,3.346724092999e-09  
  1.845015419179e+02  ,3.343794560948e-09  
  1.849268618978e+02  ,3.340870752616e-09  
  1.853531623415e+02  ,3.337952657873e-09  
  1.857804455091e+02  ,3.335040266581e-09  
  1.862087136663e+02  ,3.332133568597e-09  
  1.866379690834e+02  ,3.329232553768e-09  
  1.870682140366e+02  ,3.326337211936e-09  
  1.874994508067e+02  ,3.323447532937e-09  
  1.879316816803e+02  ,3.320563506599e-09  
  1.883649089490e+02  ,3.317685122744e-09  
  1.887991349096e+02  ,3.314812371190e-09  
  1.892343618645e+02  ,3.311945241745e-09  
  1.896705921211e+02  ,3.309083724215e-09  
  1.901078279923e+02  ,3.306227808397e-09  
  1.905460717963e+02  ,3.303377484085e-09  
  1.909853258566e+02  ,3.300532741065e-09  
  1.914255925021e+02  ,3.297693569120e-09  
  1.918668740670e+02  ,3.294859958025e-09  
  1.923091728910e+02  ,3.292031897553e-09  
  1.927524913191e+02  ,3.289209377469e-09  
  1.931968317017e+02  ,3.286392387535e-09  
  1.936421963946e+02  ,3.283580917508e-09  
  1.940885877593e+02  ,3.280774957139e-09  
  1.945360081622e+02  ,3.277974496177e-09  
  1.949844599758e+02  ,3.275179524363e-09  
  1.954339455775e+02  ,3.272390031437e-09  
  1.958844673506e+02  ,3.269606007133e-09  
  1.963360276836e+02  ,3.266827441181e-09  
  1.967886289707e+02  ,3.264054323309e-09  
  1.972422736115e+02  ,3.261286643238e-09  
  1.976969640112e+02  ,3.258524390688e-09  
  1.981527025805e+02  ,3.255767555373e-09  
  1.986094917357e+02  ,3.253016127006e-09  
  1.990673338987e+02  ,3.250270095295e-09  
  1.995262314969e+02  ,3.247529449945e-09  
  1.999861869632e+02  ,3.244794180657e-09  
  2.004472027365e+02  ,3.242064277132e-09  
  2.009092812608e+02  ,3.239339729063e-09  
  2.013724249862e+02  ,3.236620526145e-09  
  2.018366363681e+02  ,3.233906658068e-09  
  2.023019178678e+02  ,3.231198114518e-09  
  2.027682719521e+02  ,3.228494885181e-09  
  2.032357010936e+02  ,3.225796959740e-09  
  2.037042077705e+02  ,3.223104327875e-09  
  2.041737944669e+02  ,3.220416979262e-09  
  2.046444636724e+02  ,3.217734903579e-09  
  2.051162178825e+02  ,3.215058090499e-09  
  2.055890595984e+02  ,3.212386529693e-09  
  2.060629913270e+02  ,3.209720210831e-09  
  2.065380155810e+02  ,3.207059123581e-09  
  2.070141348791e+02  ,3.204403257609e-09  
  2.074913517455e+02  ,3.201752602579e-09  
  2.079696687103e+02  ,3.199107148156e-09  
  2.084490883097e+02  ,3.196466884001e-09  
  2.089296130854e+02  ,3.193831799773e-09  
  2.094112455851e+02  ,3.191201885133e-09  
  2.098939883623e+02  ,3.188577129737e-09  
  2.103778439766e+02  ,3.185957523243e-09  
  2.108628149933e+02  ,3.183343055307e-09  
  2.113489039836e+02  ,3.180733715584e-09  
  2.118361135248e+02  ,3.178129493727e-09  
  2.123244462000e+02  ,3.175530379390e-09  
  2.128139045982e+02  ,3.172936362226e-09  
  2.133044913146e+02  ,3.170347431886e-09  
  2.137962089502e+02  ,3.167763578023e-09  
  2.142890601120e+02  ,3.165184790287e-09  
  2.147830474130e+02  ,3.162611058329e-09  
  2.152781734724e+02  ,3.160042371801e-09  
  2.157744409152e+02  ,3.157478720350e-09  
  2.162718523727e+02  ,3.154920093630e-09  
  2.167704104819e+02  ,3.152366481288e-09  
  2.172701178863e+02  ,3.149817872976e-09  
  2.177709772353e+02  ,3.147274258343e-09  
  2.182729911843e+02  ,3.144735627041e-09  
  2.187761623949e+02  ,3.142201968718e-09  
  2.192804935350e+02  ,3.139673273028e-09  
  2.197859872785e+02  ,3.137149529620e-09  
  2.202926463053e+02  ,3.134630728146e-09  
  2.208004733019e+02  ,3.132116858260e-09  
  2.213094709605e+02  ,3.129607909612e-09  
  2.218196419800e+02  ,3.127103871858e-09  
  2.223309890651e+02  ,3.124604734650e-09  
  2.228435149270e+02  ,3.122110487644e-09  
  2.233572222830e+02  ,3.119621120496e-09  
  2.238721138568e+02  ,3.117136622861e-09  
  2.243881923782e+02  ,3.114656984399e-09  
  2.249054605835e+02  ,3.112182194766e-09  
  2.254239212152e+02  ,3.109712243624e-09  
  2.259435770221e+02  ,3.107247120632e-09  
  2.264644307593e+02  ,3.104786815452e-09  
  2.269864851884e+02  ,3.102331317747e-09  
  2.275097430772e+02  ,3.099880617183e-09  
  2.280342072000e+02  ,3.097434703425e-09  
  2.285598803375e+02  ,3.094993566140e-09  
  2.290867652767e+02  ,3.092557194996e-09  
  2.296148648112e+02  ,3.090125579664e-09  
  2.301441817408e+02  ,3.087698709816e-09  
  2.306747188720e+02  ,3.085276575125e-09  
  2.312064790175e+02  ,3.082859165267e-09  
  2.317394649968e+02  ,3.080446469917e-09  
  2.322736796357e+02  ,3.078038478754e-09  
  2.328091257665e+02  ,3.075635181460e-09  
  2.333458062281e+02  ,3.073236567715e-09  
  2.338837238659e+02  ,3.070842627205e-09  
  2.344228815320e+02  ,3.068453349615e-09  
  2.349632820848e+02  ,3.066068724633e-09  
  2.355049283896e+02  ,3.063688741951e-09  
  2.360478233180e+02  ,3.061313391259e-09  
  2.365919697485e+02  ,3.058942662252e-09  
  2.371373705661e+02  ,3.056576544627e-09  
  2.376840286625e+02  ,3.054215028084e-09  
  2.382319469358e+02  ,3.051858102322e-09  
  2.387811282913e+02  ,3.049505757045e-09  
  2.393315756405e+02  ,3.047157981960e-09  
  2.398832919019e+02  ,3.044814766774e-09  
  2.404362800007e+02  ,3.042476101197e-09  
  2.409905428686e+02  ,3.040141974944e-09  
  2.415460834445e+02  ,3.037812377729e-09  
  2.421029046736e+02  ,3.035487299271e-09  
  2.426610095082e+02  ,3.033166729290e-09  
  2.432204009074e+02  ,3.030850657509e-09  
  2.437810818368e+02  ,3.028539073655e-09  
  2.443430552694e+02  ,3.026231967456e-09  
  2.449063241844e+02  ,3.023929328644e-09  
  2.454708915685e+02  ,3.021631146953e-09  
  2.460367604147e+02  ,3.019337412119e-09  
  2.466039337234e+02  ,3.017048113882e-09  
  2.471724145016e+02  ,3.014763241985e-09  
  2.477422057633e+02  ,3.012482786174e-09  
  2.483133105295e+02  ,3.010206736196e-09  
  2.488857318282e+02  ,3.007935081803e-09  
  2.494594726943e+02  ,3.005667812749e-09  
  2.500345361696e+02  ,3.003404918791e-09  
  2.506109253032e+02  ,3.001146389690e-09  
  2.511886431509e+02  ,2.998892215210e-09  
  2.517676927759e+02  ,2.996642385115e-09  
  2.523480772480e+02  ,2.994396889177e-09  
  2.529297996446e+02  ,2.992155717167e-09  
  2.535128630498e+02  ,2.989918858861e-09  
  2.540972705549e+02  ,2.987686304038e-09  
  2.546830252585e+02  ,2.985458042481e-09  
  2.552701302661e+02  ,2.983234063974e-09  
  2.558585886905e+02  ,2.981014358307e-09  
  2.564484036517e+02  ,2.978798915271e-09  
  2.570395782769e+02  ,2.976587724661e-09  
  2.576321157002e+02  ,2.974380776276e-09  
  2.582260190634e+02  ,2.972178059918e-09  
  2.588212915153e+02  ,2.969979565391e-09  
  2.594179362118e+02  ,2.967785282504e-09  
  2.600159563165e+02  ,2.965595201069e-09  
  2.606153549999e+02  ,2.963409310902e-09  
  2.612161354399e+02  ,2.961227601821e-09  
  2.618183008219e+02  ,2.959050063647e-09  
  2.624218543384e+02  ,2.956876686207e-09  
  2.630267991895e+02  ,2.954707459330e-09  
  2.636331385825e+02  ,2.952542372849e-09  
  2.642408757322e+02  ,2.950381416598e-09  
  2.648500138606e+02  ,2.948224580418e-09  
  2.654605561975e+02  ,2.946071854152e-09  
  2.660725059798e+02  ,2.943923227646e-09  
  2.666858664521e+02  ,2.941778690750e-09  
  2.673006408663e+02  ,2.939638233318e-09  
  2.679168324819e+02  ,2.937501845208e-09  
  2.685344445658e+02  ,2.935369516279e-09  
  2.691534803927e+02  ,2.933241236397e-09  
  2.697739432445e+02  ,2.931116995429e-09  
  2.703958364108e+02  ,2.928996783248e-09  
  2.710191631890e+02  ,2.926880589727e-09  
  2.716439268839e+02  ,2.924768404747e-09  
  2.722701308078e+02  ,2.922660218189e-09  
  2.728977782808e+02  ,2.920556019940e-09  
  2.735268726306e+02  ,2.918455799889e-09  
  2.741574171928e+02  ,2.916359547930e-09  
  2.747894153102e+02  ,2.914267253960e-09  
  2.754228703338e+02  ,2.912178907879e-09  
  2.760577856220e+02  ,2.910094499592e-09  
  2.766941645411e+02  ,2.908014019008e-09  
  2.773320104651e+02  ,2.905937456037e-09  
  2.779713267759e+02  ,2.903864800595e-09  
  2.786121168629e+02  ,2.901796042601e-09  
  2.792543841237e+02  ,2.899731171979e-09  
  2.798981319634e+02  ,2.897670178654e-09  
  2.805433637951e+02  ,2.895613052556e-09  
  2.811900830399e+02  ,2.893559783620e-09  
  2.818382931264e+02  ,2.891510361783e-09  
  2.824879974915e+02  ,2.889464776987e-09  
  2.831391995799e+02  ,2.887423019175e-09  
  2.837919028441e+02  ,2.885385078297e-09  
  2.844461107448e+02  ,2.883350944305e-09  
  2.851018267504e+02  ,2.881320607155e-09  
  2.857590543375e+02  ,2.879294056807e-09  
  2.864177969906e+02  ,2.877271283224e-09  
  2.870780582024e+02  ,2.875252276372e-09  
  2.877398414735e+02  ,2.873237026223e-09  
  2.884031503126e+02  ,2.871225522751e-09  
  2.890679882365e+02  ,2.869217755933e-09  
  2.897343587701e+02  ,2.867213715752e-09  
  2.904022654464e+02  ,2.865213392194e-09  
  2.910717118066e+02  ,2.863216775246e-09  
  2.917427014001e+02  ,2.861223854901e-09  
  2.924152377843e+02  ,2.859234621156e-09  
  2.930893245250e+02  ,2.857249064010e-09  
  2.937649651961e+02  ,2.855267173468e-09  
  2.944421633798e+02  ,2.853288939536e-09  
  2.951209226666e+02  ,2.851314352224e-09  
  2.958012466551e+02  ,2.849343401548e-09  
  2.964831389524e+02  ,2.847376077525e-09  
  2.971666031738e+02  ,2.845412370176e-09  
  2.978516429429e+02  ,2.843452269527e-09  
  2.985382618918e+02  ,2.841495765606e-09  
  2.992264636608e+02  ,2.839542848446e-09  
  2.999162518987e+02  ,2.837593508081e-09  
  3.006076302628e+02  ,2.835647734552e-09  
  3.013006024186e+02  ,2.833705517900e-09  
  3.019951720402e+02  ,2.831766848173e-09  
  3.026913428101e+02  ,2.829831715421e-09  
  3.033891184194e+02  ,2.827900109694e-09  
  3.040885025676e+02  ,2.825972021053e-09  
  3.047894989628e+02  ,2.824047439555e-09  
  3.054921113215e+02  ,2.822126355264e-09  
  3.061963433690e+02  ,2.820208758249e-09  
  3.069021988391e+02  ,2.818294638578e-09  
  3.076096814740e+02  ,2.816383986326e-09  
  3.083187950249e+02  ,2.814476791569e-09  
  3.090295432513e+02  ,2.812573044390e-09  
  3.097419299216e+02  ,2.810672734871e-09  
  3.104559588128e+02  ,2.808775853099e-09  
  3.111716337106e+02  ,2.806882389165e-09  
  3.118889584094e+02  ,2.804992333164e-09  
  3.126079367124e+02  ,2.803105675191e-09  
  3.133285724315e+02  ,2.801222405348e-09  
  3.140508693876e+02  ,2.799342513738e-09  
  3.147748314101e+02  ,2.797465990468e-09  
  3.155004623374e+02  ,2.795592825647e-09  
  3.162277660168e+02  ,2.793723009390e-09  
  3.169567463043e+02  ,2.791856531813e-09  
  3.176874070649e+02  ,2.789993383034e-09  
  3.184197521726e+02  ,2.788133553177e-09  
  3.191537855100e+02  ,2.786277032368e-09  
  3.198895109691e+02  ,2.784423810735e-09  
  3.206269324505e+02  ,2.782573878411e-09  
  3.213660538640e+02  ,2.780727225530e-09  
  3.221068791283e+02  ,2.778883842230e-09  
  3.228494121712e+02  ,2.777043718653e-09  
  3.235936569296e+02  ,2.775206844942e-09  
  3.243396173493e+02  ,2.773373211245e-09  
  3.250872973854e+02  ,2.771542807710e-09  
  3.258367010020e+02  ,2.769715624491e-09  
  3.265878321723e+02  ,2.767891651744e-09  
  3.273406948788e+02  ,2.766070879627e-09  
  3.280952931131e+02  ,2.764253298302e-09  
  3.288516308759e+02  ,2.762438897932e-09  
  3.296097121774e+02  ,2.760627668685e-09  
  3.303695410368e+02  ,2.758819600730e-09  
  3.311311214825e+02  ,2.757014684240e-09  
  3.318944575526e+02  ,2.755212909390e-09  
  3.326595532940e+02  ,2.753414266358e-09  
  3.334264127632e+02  ,2.751618745324e-09  
  3.341950400261e+02  ,2.749826336472e-09  
  3.349654391578e+02  ,2.748037029987e-09  
  3.357376142429e+02  ,2.746250816057e-09  
  3.365115693754e+02  ,2.744467684874e-09  
  3.372873086588e+02  ,2.742687626631e-09  
  3.380648362059e+02  ,2.740910631524e-09  
  3.388441561392e+02  ,2.739136689751e-09  
  3.396252725904e+02  ,2.737365791513e-09  
  3.404081897010e+02  ,2.735597927013e-09  
  3.411929116219e+02  ,2.733833086458e-09  
  3.419794425137e+02  ,2.732071260053e-09  
  3.427677865464e+02  ,2.730312438012e-09  
  3.435579478998e+02  ,2.728556610545e-09  
  3.443499307633e+02  ,2.726803767867e-09  
  3.451437393358e+02  ,2.725053900196e-09  
  3.459393778261e+02  ,2.723306997751e-09  
  3.467368504525e+02  ,2.721563050753e-09  
  3.475361614432e+02  ,2.719822049426e-09  
  3.483373150360e+02  ,2.718083983996e-09  
  3.491403154785e+02  ,2.716348844690e-09  
  3.499451670283e+02  ,2.714616621738e-09  
  3.507518739525e+02  ,2.712887305372e-09  
  3.515604405282e+02  ,2.711160885826e-09  
  3.523708710424e+02  ,2.709437353336e-09  
  3.531831697919e+02  ,2.707716698139e-09  
  3.539973410834e+02  ,2.705998910475e-09  
  3.548133892335e+02  ,2.704283980585e-09  
  3.556313185689e+02  ,2.702571898712e-09  
  3.564511334262e+02  ,2.700862655102e-09  
  3.572728381519e+02  ,2.699156240001e-09  
  3.580964371026e+02  ,2.697452643658e-09  
  3.589219346450e+02  ,2.695751856323e-09  
  3.597493351557e+02  ,2.694053868247e-09  
  3.605786430216e+02  ,2.692358669684e-09  
  3.614098626396e+02  ,2.690666250889e-09  
  3.622429984166e+02  ,2.688976602119e-09  
  3.630780547701e+02  ,2.687289713631e-09  
  3.639150361272e+02  ,2.685605575685e-09  
  3.647539469256e+02  ,2.683924178542e-09  
  3.655947916131e+02  ,2.682245512464e-09  
  3.664375746478e+02  ,2.680569567715e-09  
  3.672823004980e+02  ,2.678896334560e-09  
  3.681289736425e+02  ,2.677225803265e-09  
  3.689775985701e+02  ,2.675557964098e-09  
  3.698281797802e+02  ,2.673892807328e-09  
  3.706807217825e+02  ,2.672230323224e-09  
  3.715352290971e+02  ,2.670570502057e-09  
  3.723917062545e+02  ,2.668913334099e-09  
  3.732501577957e+02  ,2.667258809625e-09  
  3.741105882720e+02  ,2.665606918907e-09  
  3.749730022454e+02  ,2.663957652222e-09  
  3.758374042884e+02  ,2.662310999846e-09  
  3.767037989839e+02  ,2.660666952055e-09  
  3.775721909254e+02  ,2.659025499127e-09  
  3.784425847170e+02  ,2.657386631342e-09  
  3.793149849736e+02  ,2.655750338979e-09  
  3.801893963205e+02  ,2.654116612318e-09  
  3.810658233937e+02  ,2.652485441640e-09  
  3.819442708400e+02  ,2.650856817228e-09  
  3.828247433168e+02  ,2.649230729362e-09  
  3.837072454922e+02  ,2.647607168327e-09  
  3.845917820453e+02  ,2.645986124406e-09  
  3.854783576657e+02  ,2.644367587883e-09  
  3.863669770540e+02  ,2.642751549042e-09  
  3.872576449216e+02  ,2.641137998168e-09  
  3.881503659906e+02  ,2.639526925547e-09  
  3.890451449942e+02  ,2.637918321464e-09  
  3.899419866765e+02  ,2.636312176205e-09  
  3.908408957923e+02  ,2.634708480056e-09  
  3.917418771077e+02  ,2.633107223305e-09  
  3.926449353995e+02  ,2.631508396237e-09  
  3.935500754557e+02  ,2.629911989139e-09  
  3.944573020752e+02  ,2.628317992298e-09  
  3.953666200681e+02  ,2.626726396002e-09  
  3.962780342554e+02  ,2.625137190537e-09  
  3.971915494694e+02  ,2.623550366190e-09  
  3.981071705534e+02  ,2.621965913247e-09  
  3.990249023621e+02  ,2.620383821997e-09  
  3.999447497610e+02  ,2.618804082724e-09  
  4.008667176272e+02  ,2.617226685717e-09  
  4.017908108489e+02  ,2.615651621260e-09  
  4.027170343254e+02  ,2.614078879641e-09  
  4.036453929675e+02  ,2.612508451143e-09  
  4.045758916974e+02  ,2.610940326053e-09  
  4.055085354483e+02  ,2.609374494656e-09  
  4.064433291652e+02  ,2.607810947235e-09  
  4.073802778041e+02  ,2.606249674075e-09  
  4.083193863326e+02  ,2.604690665459e-09  
  4.092606597300e+02  ,2.603133911669e-09  
  4.102041029865e+02  ,2.601579402987e-09  
  4.111497211045e+02  ,2.600027129696e-09  
  4.120975190973e+02  ,2.598477082076e-09  
  4.130475019901e+02  ,2.596929250406e-09  
  4.139996748197e+02  ,2.595383624966e-09  
  4.149540426343e+02  ,2.593840196034e-09  
  4.159106104940e+02  ,2.592298953887e-09  
  4.168693834703e+02  ,2.590759888802e-09  
  4.178303666466e+02  ,2.589222991055e-09  
  4.187935651179e+02  ,2.587688250919e-09  
  4.197589839909e+02  ,2.586155658668e-09  
  4.207266283844e+02  ,2.584625204575e-09  
  4.216965034285e+02  ,2.583096878910e-09  
  4.226686142655e+02  ,2.581570671943e-09  
  4.236429660495e+02  ,2.580046573943e-09  
  4.246195639463e+02  ,2.578524575176e-09  
  4.255984131337e+02  ,2.577004665910e-09  
  4.265795188015e+02  ,2.575486836408e-09  
  4.275628861515e+02  ,2.573971076935e-09  
  4.285485203974e+02  ,2.572457377750e-09  
  4.295364267648e+02  ,2.570945729115e-09  
  4.305266104916e+02  ,2.569436121287e-09  
  4.315190768277e+02  ,2.567928544525e-09  
  4.325138310349e+02  ,2.566422989083e-09  
  4.335108783875e+02  ,2.564919445214e-09  
  4.345102241715e+02  ,2.563417903171e-09  
  4.355118736855e+02  ,2.561918353203e-09  
  4.365158322401e+02  ,2.560420785559e-09  
  4.375221051582e+02  ,2.558925190485e-09  
  4.385306977749e+02  ,2.557431558225e-09  
  4.395416154378e+02  ,2.555939879021e-09  
  4.405548635065e+02  ,2.554450143114e-09  
  4.415704473532e+02  ,2.552962340743e-09  
  4.425883723626e+02  ,2.551476462142e-09  
  4.436086439314e+02  ,2.549992497546e-09  
  4.446312674690e+02  ,2.548510437187e-09  
  4.456562483974e+02  ,2.547030271294e-09  
  4.466835921509e+02  ,2.545551990094e-09  
  4.477133041763e+02  ,2.544075583812e-09  
  4.487453899331e+02  ,2.542601042670e-09  
  4.497798548932e+02  ,2.541128356889e-09  
  4.508167045414e+02  ,2.539657516685e-09  
  4.518559443749e+02  ,2.538188512274e-09  
  4.528975799036e+02  ,2.536721333868e-09  
  4.539416166501e+02  ,2.535255971677e-09  
  4.549880601500e+02  ,2.533792415907e-09  
  4.560369159512e+02  ,2.532330656763e-09  
  4.570881896148e+02  ,2.530870684446e-09  
  4.581418867145e+02  ,2.529412489155e-09  
  4.591980128368e+02  ,2.527956061086e-09  
  4.602565735813e+02  ,2.526501390432e-09  
  4.613175745603e+02  ,2.525048467382e-09  
  4.623810213992e+02  ,2.523597282124e-09  
  4.634469197362e+02  ,2.522147824841e-09  
  4.645152752227e+02  ,2.520700085714e-09  
  4.655860935229e+02  ,2.519254054922e-09  
  4.666593803142e+02  ,2.517809722638e-09  
  4.677351412871e+02  ,2.516367079033e-09  
  4.688133821452e+02  ,2.514926114277e-09  
  4.698941086051e+02  ,2.513486818532e-09  
  4.709773263969e+02  ,2.512049181961e-09  
  4.720630412635e+02  ,2.510613194721e-09  
  4.731512589614e+02  ,2.509178846967e-09  
  4.742419852602e+02  ,2.507746128849e-09  
  4.753352259427e+02  ,2.506315030515e-09  
  4.764309868053e+02  ,2.504885542109e-09  
  4.775292736576e+02  ,2.503457653771e-09  
  4.786300923226e+02  ,2.502031355636e-09  
  4.797334486366e+02  ,2.500606637838e-09  
  4.808393484497e+02  ,2.499183490506e-09  
  4.819477976251e+02  ,2.497761903764e-09  
  4.830588020397e+02  ,2.496341867734e-09  
  4.841723675840e+02  ,2.494923372533e-09  
  4.852885001621e+02  ,2.493506408275e-09  
  4.864072056914e+02  ,2.492090965068e-09  
  4.875284901033e+02  ,2.490677033017e-09  
  4.886523593428e+02  ,2.489264602225e-09  
  4.897788193684e+02  ,2.487853662788e-09  
  4.909078761525e+02  ,2.486444204797e-09  
  4.920395356814e+02  ,2.485036218344e-09  
  4.931738039549e+02  ,2.483629693511e-09  
  4.943106869868e+02  ,2.482224620379e-09  
  4.954501908047e+02  ,2.480820989022e-09  
  4.965923214503e+02  ,2.479418789513e-09  
  4.977370849789e+02  ,2.478018011918e-09  
  4.988844874599e+02  ,2.476618646299e-09  
  5.000345349769e+02  ,2.475220682715e-09  
  5.011872336272e+02  ,2.473824111217e-09  
  5.023425895223e+02  ,2.472428921856e-09  
  5.035006087878e+02  ,2.471035104673e-09  
  5.046612975635e+02  ,2.469642649710e-09  
  5.058246620030e+02  ,2.468251546999e-09  
  5.069907082746e+02  ,2.466861786571e-09  
  5.081594425605e+02  ,2.465473358451e-09  
  5.093308710571e+02  ,2.464086252657e-09  
  5.105049999753e+02  ,2.462700459206e-09  
  5.116818355402e+02  ,2.461315968106e-09  
  5.128613839913e+02  ,2.459932769364e-09  
  5.140436515824e+02  ,2.458550852979e-09  
  5.152286445817e+02  ,2.457170208944e-09  
  5.164163692720e+02  ,2.455790827252e-09  
  5.176068319505e+02  ,2.454412697885e-09  
  5.188000389289e+02  ,2.453035810824e-09  
  5.199959965334e+02  ,2.451660156041e-09  
  5.211947111050e+02  ,2.450285723507e-09  
  5.223961889990e+02  ,2.448912503183e-09  
  5.236004365857e+02  ,2.447540485029e-09  
  5.248074602497e+02  ,2.446169658996e-09  
  5.260172663906e+02  ,2.444800015032e-09  
  5.272298614227e+02  ,2.443431543079e-09  
  5.284452517751e+02  ,2.442064233072e-09  
  5.296634438916e+02  ,2.440698074942e-09  
  5.308844442309e+02  ,2.439333058614e-09  
  5.321082592667e+02  ,2.437969174008e-09  
  5.333348954875e+02  ,2.436606411035e-09  
  5.345643593969e+02  ,2.435244759605e-09  
  5.357966575133e+02  ,2.433884209620e-09  
  5.370317963702e+02  ,2.432524750975e-09  
  5.382697825162e+02  ,2.431166373561e-09  
  5.395106225150e+02  ,2.429809067263e-09  
  5.407543229455e+02  ,2.428452821958e-09  
  5.420008904015e+02  ,2.427097627520e-09  
  5.432503314924e+02  ,2.425743473816e-09  
  5.445026528423e+02  ,2.424390350705e-09  
  5.457578610912e+02  ,2.423038248041e-09  
  5.470159628939e+02  ,2.421687155675e-09  
  5.482769649208e+02  ,2.420337063447e-09  
  5.495408738575e+02  ,2.418987961195e-09  
  5.508076964053e+02  ,2.417639838747e-09  
  5.520774392807e+02  ,2.416292685927e-09  
  5.533501092157e+02  ,2.414946492553e-09  
  5.546257129578e+02  ,2.413601248436e-09  
  5.559042572703e+02  ,2.412256943380e-09  
  5.571857489318e+02  ,2.410913567184e-09  
  5.584701947367e+02  ,2.409571109639e-09  
  5.597576014950e+02  ,2.408229560532e-09  
  5.610479760324e+02  ,2.406888909640e-09  
  5.623413251903e+02  ,2.405549146736e-09  
  5.636376558259e+02  ,2.404210261587e-09  
  5.649369748122e+02  ,2.402872243952e-09  
  5.662392890382e+02  ,2.401535083582e-09  
  5.675446054085e+02  ,2.400198770225e-09  
  5.688529308438e+02  ,2.398863293620e-09  
  5.701642722807e+02  ,2.397528643499e-09  
  5.714786366718e+02  ,2.396194809589e-09  
  5.727960309857e+02  ,2.394861781609e-09  
  5.741164622072e+02  ,2.393529549271e-09  
  5.754399373371e+02  ,2.392198102280e-09  
  5.767664633922e+02  ,2.390867430336e-09  
  5.780960474056e+02  ,2.389537523131e-09  
  5.794286964268e+02  ,2.388208370350e-09  
  5.807644175212e+02  ,2.386879961669e-09  
  5.821032177708e+02  ,2.385552286762e-09  
  5.834451042737e+02  ,2.384225335292e-09  
  5.847900841444e+02  ,2.382899096916e-09  
  5.861381645139e+02  ,2.381573561284e-09  
  5.874893525297e+02  ,2.380248718040e-09  
  5.888436553555e+02  ,2.378924556819e-09  
  5.902010801718e+02  ,2.377601067250e-09  
  5.915616341754e+02  ,2.376278238956e-09  
  5.929253245799e+02  ,2.374956061550e-09  
  5.942921586155e+02  ,2.373634524641e-09  
  5.956621435289e+02  ,2.372313617828e-09  
  5.970352865837e+02  ,2.370993330704e-09  
  5.984115950602e+02  ,2.369673652856e-09  
  5.997910762554e+02  ,2.368354573863e-09  
  6.011737374832e+02  ,2.367036083294e-09  
  6.025595860743e+02  ,2.365718170715e-09  
  6.039486293763e+02  ,2.364400825682e-09  
  6.053408747538e+02  ,2.363084037743e-09  
  6.067363295884e+02  ,2.361767796443e-09  
  6.081350012786e+02  ,2.360452091314e-09  
  6.095368972401e+02  ,2.359136911884e-09  
  6.109420249055e+02  ,2.357822247674e-09  
  6.123503917247e+02  ,2.356508088194e-09  
  6.137620051647e+02  ,2.355194422951e-09  
  6.151768727098e+02  ,2.353881241442e-09  
  6.165950018614e+02  ,2.352568533157e-09  
  6.180164001383e+02  ,2.351256287578e-09  
  6.194410750767e+02  ,2.349944494181e-09  
  6.208690342300e+02  ,2.348633142433e-09  
  6.223002851691e+02  ,2.347322221793e-09  
  6.237348354823e+02  ,2.346011721716e-09  
  6.251726927756e+02  ,2.344701631645e-09  
  6.266138646722e+02  ,2.343391941019e-09  
  6.280583588132e+02  ,2.342082639265e-09  
  6.295061828571e+02  ,2.340773715808e-09  
  6.309573444801e+02  ,2.339465160062e-09  
  6.324118513761e+02  ,2.338156961434e-09  
  6.338697112568e+02  ,2.336849109323e-09  
  6.353309318516e+02  ,2.335541593122e-09  
  6.367955209078e+02  ,2.334234402213e-09  
  6.382634861905e+02  ,2.332927525975e-09  
  6.397348354826e+02  ,2.331620953776e-09  
  6.412095765851e+02  ,2.330314674978e-09  
  6.426877173169e+02  ,2.329008678934e-09  
  6.441692655151e+02  ,2.327702954990e-09  
  6.456542290346e+02  ,2.326397492486e-09  
  6.471426157485e+02  ,2.325092280751e-09  
  6.486344335481e+02  ,2.323787309108e-09  
  6.501296903430e+02  ,2.322482566875e-09  
  6.516283940607e+02  ,2.321178043358e-09  
  6.531305526474e+02  ,2.319873727858e-09  
  6.546361740672e+02  ,2.318569609667e-09  
  6.561452663028e+02  ,2.317265678071e-09  
  6.576578373553e+02  ,2.315961922346e-09  
  6.591738952442e+02  ,2.314658331763e-09  
  6.606934480075e+02  ,2.313354895584e-09  
  6.622165037017e+02  ,2.312051603062e-09  
  6.637430704018e+02  ,2.310748443446e-09  
  6.652731562016e+02  ,2.309445405974e-09  
  6.668067692135e+02  ,2.308142479878e-09  
  6.683439175685e+02  ,2.306839654382e-09  
  6.698846094164e+02  ,2.305536918702e-09  
  6.714288529258e+02  ,2.304234262048e-09  
  6.729766562842e+02  ,2.302931673620e-09  
  6.745280276978e+02  ,2.301629142614e-09  
  6.760829753919e+02  ,2.300326658214e-09  
  6.776415076106e+02  ,2.299024209600e-09  
  6.792036326171e+02  ,2.297721785942e-09  
  6.807693586936e+02  ,2.296419376405e-09  
  6.823386941416e+02  ,2.295116970145e-09  
  6.839116472813e+02  ,2.293814556311e-09  
  6.854882264526e+02  ,2.292512124043e-09  
  6.870684400141e+02  ,2.291209662477e-09  
  6.886522963442e+02  ,2.289907160738e-09  
  6.902398038401e+02  ,2.288604607945e-09  
  6.918309709188e+02  ,2.287301993210e-09  
  6.934258060165e+02  ,2.285999305638e-09  
  6.950243175887e+02  ,2.284696534326e-09  
  6.966265141107e+02  ,2.283393668363e-09  
  6.982324040771e+02  ,2.282090696832e-09  
  6.998419960022e+02  ,2.280787608808e-09  
  7.014552984199e+02  ,2.279484393360e-09  
  7.030723198837e+02  ,2.278181039547e-09  
  7.046930689670e+02  ,2.276877536423e-09  
  7.063175542629e+02  ,2.275573873036e-09  
  7.079457843840e+02  ,2.274270038424e-09  
  7.095777679633e+02  ,2.272966021619e-09  
  7.112135136532e+02  ,2.271661811648e-09  
  7.128530301264e+02  ,2.270357397528e-09  
  7.144963260754e+02  ,2.269052768269e-09  
  7.161434102128e+02  ,2.267747912878e-09  
  7.177942912713e+02  ,2.266442820350e-09  
  7.194489780036e+02  ,2.265137479677e-09  
  7.211074791828e+02  ,2.263831879842e-09  
  7.227698036021e+02  ,2.262526009822e-09  
  7.244359600749e+02  ,2.261219858586e-09  
  7.261059574350e+02  ,2.259913415099e-09  
  7.277798045367e+02  ,2.258606668317e-09  
  7.294575102545e+02  ,2.257299607191e-09  
  7.311390834833e+02  ,2.255992220662e-09  
  7.328245331388e+02  ,2.254684497670e-09  
  7.345138681570e+02  ,2.253376427142e-09  
  7.362070974946e+02  ,2.252067998005e-09  
  7.379042301290e+02  ,2.250759199175e-09  
  7.396052750581e+02  ,2.249450019564e-09  
  7.413102413008e+02  ,2.248140448076e-09  
  7.430191378966e+02  ,2.246830473610e-09  
  7.447319739059e+02  ,2.245520085059e-09  
  7.464487584100e+02  ,2.244209271308e-09  
  7.481695005110e+02  ,2.242898021238e-09  
  7.498942093323e+02  ,2.241586323724e-09  
  7.516228940181e+02  ,2.240274167633e-09  
  7.533555637336e+02  ,2.238961541828e-09  
  7.550922276653e+02  ,2.237648435165e-09  
  7.568328950209e+02  ,2.236334836494e-09  
  7.585775750291e+02  ,2.235020734660e-09  
  7.603262769401e+02  ,2.233706118504e-09  
  7.620790100253e+02  ,2.232390976858e-09  
  7.638357835776e+02  ,2.231075298550e-09  
  7.655966069111e+02  ,2.229759072404e-09  
  7.673614893617e+02  ,2.228442287235e-09  
  7.691304402865e+02  ,2.227124931857e-09  
  7.709034690643e+02  ,2.225806995075e-09  
  7.726805850956e+02  ,2.224488465691e-09  
  7.744617978024e+02  ,2.223169332502e-09  
  7.762471166286e+02  ,2.221849584298e-09  
  7.780365510397e+02  ,2.220529209866e-09  
  7.798301105231e+02  ,2.219208197986e-09  
  7.816278045882e+02  ,2.217886537437e-09  
  7.834296427661e+02  ,2.216564216988e-09  
  7.852356346099e+02  ,2.215241225408e-09  
  7.870457896950e+02  ,2.213917551460e-09  
  7.888601176184e+02  ,2.212593183900e-09  
  7.906786279997e+02  ,2.211268111484e-09  
  7.925013304803e+02  ,2.209942322960e-09  
  7.943282347242e+02  ,2.208615807073e-09  
  7.961593504172e+02  ,2.207288552565e-09  
  7.979946872679e+02  ,2.205960548172e-09  
  7.998342550069e+02  ,2.204631782627e-09  
  8.016780633876e+02  ,2.203302244660e-09  
  8.035261221855e+02  ,2.201971922996e-09  
  8.053784411989e+02  ,2.200640806356e-09  
  8.072350302487e+02  ,2.199308883460e-09  
  8.090958991783e+02  ,2.197976143020e-09  
  8.109610578537e+02  ,2.196642573750e-09  
  8.128305161640e+02  ,2.195308164355e-09  
  8.147042840207e+02  ,2.193972903543e-09  
  8.165823713585e+02  ,2.192636780013e-09  
  8.184647881347e+02  ,2.191299782466e-09  
  8.203515443297e+02  ,2.189961899596e-09  
  8.222426499469e+02  ,2.188623120098e-09  
  8.241381150129e+02  ,2.187283432662e-09  
  8.260379495770e+02  ,2.185942825976e-09  
  8.279421637122e+02  ,2.184601288725e-09  
  8.298507675143e+02  ,2.183258809593e-09  
  8.317637711025e+02  ,2.181915377262e-09  
  8.336811846195e+02  ,2.180570980409e-09  
  8.356030182311e+02  ,2.179225607714e-09  
  8.375292821268e+02  ,2.177879247849e-09  
  8.394599865193e+02  ,2.176531889491e-09  
  8.413951416451e+02  ,2.175183521311e-09  
  8.433347577641e+02  ,2.173834131979e-09  
  8.452788451602e+02  ,2.172483710165e-09  
  8.472274141405e+02  ,2.171132244537e-09  
  8.491804750362e+02  ,2.169779723763e-09  
  8.511380382022e+02  ,2.168426136508e-09  
  8.531001140175e+02  ,2.167071471438e-09  
  8.550667128845e+02  ,2.165715717218e-09  
  8.570378452302e+02  ,2.164358862513e-09  
  8.590135215053e+02  ,2.163000895986e-09  
  8.609937521845e+02  ,2.161641806301e-09  
  8.629785477668e+02  ,2.160281582120e-09  
  8.649679187756e+02  ,2.158920212110e-09  
  8.669618757581e+02  ,2.157557684933e-09  
  8.689604292862e+02  ,2.156193989253e-09  
  8.709635899559e+02  ,2.154829113735e-09  
  8.729713683880e+02  ,2.153463047045e-09  
  8.749837752273e+02  ,2.152095777849e-09  
  8.770008211435e+02  ,2.150727294814e-09  
  8.790225168307e+02  ,2.149357586608e-09  
  8.810488730079e+02  ,2.147986641901e-09  
  8.830799004184e+02  ,2.146614449363e-09  
  8.851156098307e+02  ,2.145240997669e-09  
  8.871560120378e+02  ,2.143866275490e-09  
  8.892011178578e+02  ,2.142490271505e-09  
  8.912509381336e+02  ,2.141112974391e-09  
  8.933054837332e+02  ,2.139734372829e-09  
  8.953647655495e+02  ,2.138354455503e-09  
  8.974287945006e+02  ,2.136973211097e-09  
  8.994975815299e+02  ,2.135590628300e-09  
  9.015711376058e+02  ,2.134206695804e-09  
  9.036494737222e+02  ,2.132821402302e-09  
  9.057326008981e+02  ,2.131434736493e-09  
  9.078205301780e+02  ,2.130046687078e-09  
  9.099132726321e+02  ,2.128657242762e-09  
  9.120108393558e+02  ,2.127266392255e-09  
  9.141132414701e+02  ,2.125874124267e-09  
  9.162204901219e+02  ,2.124480427517e-09  
  9.183325964834e+02  ,2.123085290727e-09  
  9.204495717530e+02  ,2.121688702622e-09  
  9.225714271546e+02  ,2.120290651933e-09  
  9.246981739381e+02  ,2.118891127397e-09  
  9.268298233792e+02  ,2.117490117753e-09  
  9.289663867798e+02  ,2.116087611750e-09  
  9.311078754677e+02  ,2.114683598138e-09  
  9.332543007968e+02  ,2.113278065676e-09  
  9.354056741474e+02  ,2.111871003128e-09  
  9.375620069257e+02  ,2.110462399264e-09  
  9.397233105645e+02  ,2.109052242861e-09  
  9.418895965227e+02  ,2.107640522702e-09  
  9.440608762858e+02  ,2.106227227576e-09  
  9.462371613656e+02  ,2.104812346281e-09  
  9.484184633007e+02  ,2.103395867622e-09  
  9.506047936561e+02  ,2.101977780410e-09  
  9.527961640235e+02  ,2.100558073465e-09  
  9.549925860213e+02  ,2.099136735616e-09  
  9.571940712947e+02  ,2.097713755697e-09  
  9.594006315158e+02  ,2.096289122552e-09  
  9.616122783835e+02  ,2.094862825034e-09  
  9.638290236238e+02  ,2.093434852006e-09  
  9.660508789897e+02  ,2.092005192339e-09  
  9.682778562611e+02  ,2.090573834911e-09  
  9.705099672453e+02  ,2.089140768612e-09  
  9.727472237768e+02  ,2.087705982344e-09  
  9.749896377172e+02  ,2.086269465014e-09  
  9.772372209557e+02  ,2.084831205542e-09  
  9.794899854085e+02  ,2.083391192859e-09  
  9.817479430198e+02  ,2.081949415907e-09  
  9.840111057610e+02  ,2.080505863637e-09  
  9.862794856311e+02  ,2.079060525012e-09  
  9.885530946568e+02  ,2.077613389009e-09  
  9.908319448926e+02  ,2.076164444613e-09  
  9.931160484208e+02  ,2.074713680822e-09  
  9.954054173514e+02  ,2.073261086649e-09  
  9.977000638224e+02  ,2.071806651118e-09  
  9.999999999998e+02  ,2.070350363263e-09  
  1.002305238078e+03  ,2.068892212136e-09  
  1.004615790278e+03  ,2.067432186800e-09  
  1.006931668852e+03  ,2.065970276330e-09  
  1.009252886077e+03  ,2.064506469818e-09  
  1.011579454260e+03  ,2.063040756367e-09  
  1.013911385737e+03  ,2.061573125098e-09  
  1.016248692871e+03  ,2.060103565144e-09  
  1.018591388054e+03  ,2.058632065653e-09  
  1.020939483708e+03  ,2.057158615791e-09  
  1.023292992281e+03  ,2.055683204737e-09  
  1.025651926251e+03  ,2.054205821687e-09  
  1.028016298126e+03  ,2.052726455853e-09  
  1.030386120441e+03  ,2.051245096461e-09  
  1.032761405761e+03  ,2.049761732759e-09  
  1.035142166679e+03  ,2.048276354007e-09  
  1.037528415818e+03  ,2.046788949486e-09  
  1.039920165829e+03  ,2.045299508492e-09  
  1.042317429393e+03  ,2.043808020340e-09  
  1.044720219221e+03  ,2.042314474363e-09  
  1.047128548051e+03  ,2.040818859913e-09  
  1.049542428652e+03  ,2.039321166359e-09  
  1.051961873823e+03  ,2.037821383094e-09  
  1.054386896391e+03  ,2.036319499524e-09  
  1.056817509213e+03  ,2.034815505080e-09  
  1.059253725177e+03  ,2.033309389210e-09  
  1.061695557199e+03  ,2.031801141382e-09  
  1.064143018224e+03  ,2.030290751089e-09  
  1.066596121230e+03  ,2.028778207841e-09  
  1.069054879222e+03  ,2.027263501171e-09  
  1.071519305237e+03  ,2.025746620632e-09  
  1.073989412341e+03  ,2.024227555801e-09  
  1.076465213630e+03  ,2.022706296277e-09  
  1.078946722230e+03  ,2.021182831681e-09  
  1.081433951298e+03  ,2.019657151658e-09  
  1.083926914021e+03  ,2.018129245875e-09  
  1.086425623617e+03  ,2.016599104024e-09  
  1.088930093333e+03  ,2.015066715820e-09  
  1.091440336449e+03  ,2.013532071004e-09  
  1.093956366272e+03  ,2.011995159339e-09  
  1.096478196143e+03  ,2.010455970616e-09  
  1.099005839432e+03  ,2.008914494650e-09  
  1.101539309541e+03  ,2.007370721281e-09  
  1.104078619902e+03  ,2.005824640377e-09  
  1.106623783977e+03  ,2.004276241831e-09  
  1.109174815262e+03  ,2.002725515563e-09  
  1.111731727281e+03  ,2.001172451522e-09  
  1.114294533592e+03  ,1.999617039682e-09  
  1.116863247780e+03  ,1.998059270046e-09  
  1.119437883467e+03  ,1.996499132645e-09  
  1.122018454302e+03  ,1.994936617541e-09  
  1.124604973967e+03  ,1.993371714820e-09  
  1.127197456175e+03  ,1.991804414602e-09  
  1.129795914673e+03  ,1.990234707036e-09  
  1.132400363235e+03  ,1.988662582299e-09  
  1.135010815672e+03  ,1.987088030601e-09  
  1.137627285823e+03  ,1.985511042181e-09  
  1.140249787561e+03  ,1.983931607309e-09  
  1.142878334790e+03  ,1.982349716289e-09  
  1.145512941445e+03  ,1.980765359456e-09  
  1.148153621497e+03  ,1.979178527176e-09  
  1.150800388944e+03  ,1.977589209850e-09  
  1.153453257821e+03  ,1.975997397912e-09  
  1.156112242192e+03  ,1.974403081826e-09  
  1.158777356155e+03  ,1.972806252095e-09  
  1.161448613840e+03  ,1.971206899254e-09  
  1.164126029410e+03  ,1.969605013872e-09  
  1.166809617061e+03  ,1.968000586556e-09  
  1.169499391020e+03  ,1.966393607945e-09  
  1.172195365548e+03  ,1.964784068716e-09  
  1.174897554939e+03  ,1.963171959584e-09  
  1.177605973521e+03  ,1.961557271296e-09  
  1.180320635652e+03  ,1.959939994642e-09  
  1.183041555725e+03  ,1.958320120446e-09  
  1.185768748167e+03  ,1.956697639571e-09  
  1.188502227437e+03  ,1.955072542919e-09  
  1.191242008027e+03  ,1.953444821428e-09  
  1.193988104464e+03  ,1.951814466079e-09  
  1.196740531307e+03  ,1.950181467893e-09  
  1.199499303149e+03  ,1.948545817926e-09  
  1.202264434617e+03  ,1.946907507282e-09  
  1.205035940372e+03  ,1.945266527098e-09  
  1.207813835107e+03  ,1.943622868558e-09  
  1.210598133550e+03  ,1.941976522888e-09  
  1.213388850465e+03  ,1.940327481352e-09  
  1.216186000646e+03  ,1.938675735261e-09  
  1.218989598925e+03  ,1.937021275966e-09  
  1.221799660165e+03  ,1.935364094864e-09  
  1.224616199265e+03  ,1.933704183395e-09  
  1.227439231158e+03  ,1.932041533041e-09  
  1.230268770812e+03  ,1.930376135335e-09  
  1.233104833229e+03  ,1.928707981849e-09  
  1.235947433444e+03  ,1.927037064204e-09  
  1.238796586530e+03  ,1.925363374067e-09  
  1.241652307592e+03  ,1.923686903152e-09  
  1.244514611771e+03  ,1.922007643217e-09  
  1.247383514243e+03  ,1.920325586073e-09  
  1.250259030218e+03  ,1.918640723573e-09  
  1.253141174941e+03  ,1.916953047624e-09  
  1.256029963695e+03  ,1.915262550177e-09  
  1.258925411794e+03  ,1.913569223237e-09  
  1.261827534590e+03  ,1.911873058855e-09  
  1.264736347471e+03  ,1.910174049135e-09  
  1.267651865858e+03  ,1.908472186228e-09  
  1.270574105208e+03  ,1.906767462343e-09  
  1.273503081016e+03  ,1.905059869732e-09  
  1.276438808811e+03  ,1.903349400706e-09  
  1.279381304157e+03  ,1.901636047627e-09  
  1.282330582656e+03  ,1.899919802907e-09  
  1.285286659943e+03  ,1.898200659014e-09  
  1.288249551693e+03  ,1.896478608471e-09  
  1.291219273613e+03  ,1.894753643852e-09  
  1.294195841450e+03  ,1.893025757791e-09  
  1.297179270984e+03  ,1.891294942973e-09  
  1.300169578033e+03  ,1.889561192140e-09  
  1.303166778452e+03  ,1.887824498091e-09  
  1.306170888132e+03  ,1.886084853682e-09  
  1.309181922999e+03  ,1.884342251824e-09  
  1.312199899019e+03  ,1.882596685490e-09  
  1.315224832192e+03  ,1.880848147707e-09  
  1.318256738556e+03  ,1.879096631564e-09  
  1.321295634186e+03  ,1.877342130206e-09  
  1.324341535194e+03  ,1.875584636841e-09  
  1.327394457730e+03  ,1.873824144734e-09  
  1.330454417978e+03  ,1.872060647214e-09  
  1.333521432163e+03  ,1.870294137667e-09  
  1.336595516546e+03  ,1.868524609545e-09  
  1.339676687426e+03  ,1.866752056358e-09  
  1.342764961138e+03  ,1.864976471683e-09  
  1.345860354056e+03  ,1.863197849155e-09  
  1.348962882591e+03  ,1.861416182477e-09  
  1.352072563194e+03  ,1.859631465414e-09  
  1.355189412351e+03  ,1.857843691793e-09  
  1.358313446587e+03  ,1.856052855513e-09  
  1.361444682466e+03  ,1.854258950531e-09  
  1.364583136589e+03  ,1.852461970875e-09  
  1.367728825596e+03  ,1.850661910635e-09  
  1.370881766165e+03  ,1.848858763974e-09  
  1.374041975012e+03  ,1.847052525115e-09  
  1.377209468894e+03  ,1.845243188356e-09  
  1.380384264603e+03  ,1.843430748060e-09  
  1.383566378972e+03  ,1.841615198658e-09  
  1.386755828872e+03  ,1.839796534651e-09  
  1.389952631213e+03  ,1.837974750613e-09  
  1.393156802945e+03  ,1.836149841185e-09  
  1.396368361056e+03  ,1.834321801078e-09  
  1.399587322572e+03  ,1.832490625077e-09  
  1.402813704562e+03  ,1.830656308040e-09  
  1.406047524130e+03  ,1.828818844891e-09  
  1.409288798422e+03  ,1.826978230635e-09  
  1.412537544623e+03  ,1.825134460345e-09  
  1.415793779957e+03  ,1.823287529170e-09  
  1.419057521689e+03  ,1.821437432331e-09  
  1.422328787123e+03  ,1.819584165127e-09  
  1.425607593602e+03  ,1.817727722930e-09  
  1.428893958511e+03  ,1.815868101187e-09  
  1.432187899273e+03  ,1.814005295425e-09  
  1.435489433353e+03  ,1.812139301245e-09  
  1.438798578256e+03  ,1.810270114324e-09  
  1.442115351525e+03  ,1.808397730421e-09  
  1.445439770746e+03  ,1.806522145368e-09  
  1.448771853545e+03  ,1.804643355079e-09  
  1.452111617587e+03  ,1.802761355549e-09  
  1.455459080582e+03  ,1.800876142847e-09  
  1.458814260275e+03  ,1.798987713127e-09  
  1.462177174456e+03  ,1.797096062622e-09  
  1.465547840956e+03  ,1.795201187646e-09  
  1.468926277644e+03  ,1.793303084595e-09  
  1.472312502432e+03  ,1.791401749946e-09  
  1.475706533276e+03  ,1.789497180262e-09  
  1.479108388168e+03  ,1.787589372184e-09  
  1.482518085146e+03  ,1.785678322440e-09  
  1.485935642287e+03  ,1.783764027841e-09  
  1.489361077711e+03  ,1.781846485282e-09  
  1.492794409579e+03  ,1.779925691746e-09  
  1.496235656094e+03  ,1.778001644299e-09  
  1.499684835502e+03  ,1.776074340089e-09  
  1.503141966090e+03  ,1.774143776359e-09  
  1.506607066186e+03  ,1.772209950433e-09  
  1.510080154164e+03  ,1.770272859722e-09  
  1.513561248436e+03  ,1.768332501730e-09  
  1.517050367459e+03  ,1.766388874044e-09  
  1.520547529732e+03  ,1.764441974342e-09  
  1.524052753797e+03  ,1.762491800389e-09  
  1.527566058238e+03  ,1.760538350045e-09  
  1.531087461682e+03  ,1.758581621254e-09  
  1.534616982799e+03  ,1.756621612056e-09  
  1.538154640303e+03  ,1.754658320577e-09  
  1.541700452949e+03  ,1.752691745038e-09  
  1.545254439538e+03  ,1.750721883753e-09  
  1.548816618912e+03  ,1.748748735122e-09  
  1.552387009958e+03  ,1.746772297648e-09  
  1.555965631605e+03  ,1.744792569917e-09  
  1.559552502827e+03  ,1.742809550616e-09  
  1.563147642641e+03  ,1.740823238525e-09  
  1.566751070108e+03  ,1.738833632516e-09  
  1.570362804333e+03  ,1.736840731556e-09  
  1.573982864466e+03  ,1.734844534713e-09  
  1.577611269699e+03  ,1.732845041146e-09  
  1.581248039270e+03  ,1.730842250111e-09  
  1.584893192461e+03  ,1.728836160962e-09  
  1.588546748598e+03  ,1.726826773151e-09  
  1.592208727051e+03  ,1.724814086226e-09  
  1.595879147236e+03  ,1.722798099835e-09  
  1.599558028614e+03  ,1.720778813722e-09  
  1.603245390690e+03  ,1.718756227733e-09  
  1.606941253013e+03  ,1.716730341812e-09  
  1.610645635178e+03  ,1.714701156005e-09  
  1.614358556826e+03  ,1.712668670453e-09  
  1.618080037643e+03  ,1.710632885401e-09  
  1.621810097359e+03  ,1.708593801199e-09  
  1.625548755750e+03  ,1.706551418293e-09  
  1.629296032639e+03  ,1.704505737230e-09  
  1.633051947894e+03  ,1.702456758665e-09  
  1.636816521428e+03  ,1.700404483353e-09  
  1.640589773199e+03  ,1.698348912149e-09  
  1.644371723215e+03  ,1.696290046018e-09  
  1.648162391525e+03  ,1.694227886021e-09  
  1.651961798229e+03  ,1.692162433331e-09  
  1.655769963469e+03  ,1.690093689221e-09  
  1.659586907437e+03  ,1.688021655069e-09  
  1.663412650370e+03  ,1.685946332363e-09  
  1.667247212551e+03  ,1.683867722690e-09  
  1.671090614310e+03  ,1.681785827748e-09  
  1.674942876026e+03  ,1.679700649340e-09  
  1.678804018122e+03  ,1.677612189376e-09  
  1.682674061070e+03  ,1.675520449873e-09  
  1.686553025388e+03  ,1.673425432957e-09  
  1.690440931643e+03  ,1.671327140859e-09  
  1.694337800447e+03  ,1.669225575922e-09  
  1.698243652461e+03  ,1.667120740594e-09  
  1.702158508395e+03  ,1.665012637435e-09  
  1.706082389003e+03  ,1.662901269111e-09  
  1.710015315090e+03  ,1.660786638404e-09  
  1.713957307508e+03  ,1.658668748196e-09  
  1.717908387157e+03  ,1.656547601488e-09  
  1.721868574986e+03  ,1.654423201387e-09  
  1.725837891990e+03  ,1.652295551115e-09  
  1.729816359215e+03  ,1.650164654001e-09  
  1.733803997754e+03  ,1.648030513487e-09  
  1.737800828749e+03  ,1.645893133126e-09  
  1.741806873391e+03  ,1.643752516587e-09  
  1.745822152920e+03  ,1.641608667646e-09  
  1.749846688624e+03  ,1.639461590194e-09  
  1.753880501841e+03  ,1.637311288236e-09  
  1.757923613958e+03  ,1.635157765890e-09  
  1.761976046411e+03  ,1.633001027388e-09  
  1.766037820686e+03  ,1.630841077073e-09  
  1.770108958317e+03  ,1.628677919404e-09  
  1.774189480890e+03  ,1.626511558954e-09  
  1.778279410039e+03  ,1.624342000412e-09  
  1.782378767448e+03  ,1.622169248581e-09  
  1.786487574852e+03  ,1.619993308377e-09  
  1.790605854035e+03  ,1.617814184833e-09  
  1.794733626832e+03  ,1.615631883099e-09  
  1.798870915128e+03  ,1.613446408439e-09  
  1.803017740859e+03  ,1.611257766233e-09  
  1.807174126011e+03  ,1.609065961977e-09  
  1.811340092619e+03  ,1.606871001285e-09  
  1.815515662773e+03  ,1.604672889887e-09  
  1.819700858610e+03  ,1.602471633627e-09  
  1.823895702319e+03  ,1.600267238470e-09  
  1.828100216142e+03  ,1.598059710497e-09  
  1.832314422371e+03  ,1.595849055907e-09  
  1.836538343348e+03  ,1.593635281015e-09  
  1.840772001469e+03  ,1.591418392253e-09  
  1.845015419179e+03  ,1.589198396175e-09  
  1.849268618978e+03  ,1.586975299447e-09  
  1.853531623414e+03  ,1.584749108859e-09  
  1.857804455091e+03  ,1.582519831317e-09  
  1.862087136663e+03  ,1.580287473847e-09  
  1.866379690834e+03  ,1.578052043589e-09  
  1.870682140365e+03  ,1.575813547808e-09  
  1.874994508067e+03  ,1.573571993882e-09  
  1.879316816803e+03  ,1.571327389315e-09  
  1.883649089489e+03  ,1.569079741723e-09  
  1.887991349096e+03  ,1.566829058847e-09  
  1.892343618645e+03  ,1.564575348545e-09  
  1.896705921211e+03  ,1.562318618791e-09  
  1.901078279923e+03  ,1.560058877686e-09  
  1.905460717963e+03  ,1.557796133444e-09  
  1.909853258566e+03  ,1.555530394404e-09  
  1.914255925021e+03  ,1.553261669020e-09  
  1.918668740670e+03  ,1.550989965867e-09  
  1.923091728910e+03  ,1.548715293644e-09  
  1.927524913191e+03  ,1.546437661166e-09  
  1.931968317017e+03  ,1.544157077367e-09  
  1.936421963946e+03  ,1.541873551304e-09  
  1.940885877592e+03  ,1.539587092153e-09  
  1.945360081622e+03  ,1.537297709210e-09  
  1.949844599758e+03  ,1.535005411892e-09  
  1.954339455775e+03  ,1.532710209735e-09  
  1.958844673506e+03  ,1.530412112395e-09  
  1.963360276836e+03  ,1.528111129649e-09  
  1.967886289706e+03  ,1.525807271392e-09  
  1.972422736115e+03  ,1.523500547643e-09  
  1.976969640112e+03  ,1.521190968538e-09  
  1.981527025805e+03  ,1.518878544334e-09  
  1.986094917357e+03  ,1.516563285407e-09  
  1.990673338987e+03  ,1.514245202254e-09  
  1.995262314969e+03  ,1.511924305491e-09  
  1.999861869632e+03  ,1.509600605856e-09  
  2.004472027365e+03  ,1.507274114204e-09  
  2.009092812608e+03  ,1.504944841512e-09  
  2.013724249862e+03  ,1.502612798874e-09  
  2.018366363681e+03  ,1.500277997507e-09  
  2.023019178678e+03  ,1.497940448743e-09  
  2.027682719521e+03  ,1.495600164037e-09  
  2.032357010936e+03  ,1.493257154962e-09  
  2.037042077705e+03  ,1.490911433210e-09  
  2.041737944669e+03  ,1.488563010591e-09  
  2.046444636724e+03  ,1.486211899038e-09  
  2.051162178825e+03  ,1.483858110594e-09  
  2.055890595984e+03  ,1.481501657429e-09  
  2.060629913270e+03  ,1.479142551829e-09  
  2.065380155810e+03  ,1.476780806197e-09  
  2.070141348791e+03  ,1.474416433052e-09  
  2.074913517455e+03  ,1.472049445037e-09  
  2.079696687103e+03  ,1.469679854907e-09  
  2.084490883097e+03  ,1.467307675536e-09  
  2.089296130854e+03  ,1.464932919918e-09  
  2.094112455851e+03  ,1.462555601158e-09  
  2.098939883623e+03  ,1.460175732485e-09  
  2.103778439766e+03  ,1.457793327240e-09  
  2.108628149933e+03  ,1.455408398881e-09  
  2.113489039836e+03  ,1.453020960983e-09  
  2.118361135248e+03  ,1.450631027239e-09  
  2.123244462000e+03  ,1.448238611449e-09  
  2.128139045982e+03  ,1.445843727541e-09  
  2.133044913146e+03  ,1.443446389548e-09  
  2.137962089502e+03  ,1.441046611623e-09  
  2.142890601120e+03  ,1.438644408030e-09  
  2.147830474130e+03  ,1.436239793151e-09  
  2.152781734724e+03  ,1.433832781479e-09  
  2.157744409152e+03  ,1.431423387622e-09  
  2.162718523727e+03  ,1.429011626300e-09  
  2.167704104819e+03  ,1.426597512349e-09  
  2.172701178863e+03  ,1.424181060712e-09  
  2.177709772353e+03  ,1.421762286450e-09  
  2.182729911843e+03  ,1.419341204734e-09  
  2.187761623949e+03  ,1.416917830844e-09  
  2.192804935350e+03  ,1.414492180174e-09  
  2.197859872784e+03  ,1.412064268229e-09  
  2.202926463053e+03  ,1.409634110624e-09  
  2.208004733019e+03  ,1.407201723082e-09  
  2.213094709605e+03  ,1.404767121438e-09  
  2.218196419800e+03  ,1.402330321635e-09  
  2.223309890651e+03  ,1.399891339725e-09  
  2.228435149270e+03  ,1.397450191869e-09  
  2.233572222830e+03  ,1.395006894335e-09  
  2.238721138568e+03  ,1.392561463502e-09  
  2.243881923782e+03  ,1.390113915849e-09  
  2.249054605835e+03  ,1.387664267968e-09  
  2.254239212152e+03  ,1.385212536553e-09  
  2.259435770221e+03  ,1.382758738408e-09  
  2.264644307593e+03  ,1.380302890439e-09  
  2.269864851883e+03  ,1.377845009657e-09  
  2.275097430772e+03  ,1.375385113179e-09  
  2.280342072000e+03  ,1.372923218221e-09  
  2.285598803375e+03  ,1.370459342108e-09  
  2.290867652767e+03  ,1.367993502266e-09  
  2.296148648112e+03  ,1.365525716220e-09  
  2.301441817408e+03  ,1.363056001603e-09  
  2.306747188720e+03  ,1.360584376141e-09  
  2.312064790175e+03  ,1.358110857666e-09  
  2.317394649968e+03  ,1.355635464110e-09  
  2.322736796357e+03  ,1.353158213502e-09  
  2.328091257665e+03  ,1.350679123971e-09  
  2.333458062281e+03  ,1.348198213745e-09  
  2.338837238659e+03  ,1.345715501148e-09  
  2.344228815319e+03  ,1.343231004603e-09  
  2.349632820848e+03  ,1.340744742629e-09  
  2.355049283896e+03  ,1.338256733836e-09  
  2.360478233180e+03  ,1.335766996938e-09  
  2.365919697485e+03  ,1.333275550739e-09  
  2.371373705661e+03  ,1.330782414136e-09  
  2.376840286624e+03  ,1.328287606121e-09  
  2.382319469358e+03  ,1.325791145777e-09  
  2.387811282913e+03  ,1.323293052283e-09  
  2.393315756405e+03  ,1.320793344905e-09  
  2.398832919019e+03  ,1.318292043001e-09  
  2.404362800006e+03  ,1.315789166023e-09  
  2.409905428686e+03  ,1.313284733504e-09  
  2.415460834445e+03  ,1.310778765075e-09  
  2.421029046736e+03  ,1.308271280448e-09  
  2.426610095082e+03  ,1.305762299426e-09  
  2.432204009073e+03  ,1.303251841897e-09  
  2.437810818368e+03  ,1.300739927836e-09  
  2.443430552694e+03  ,1.298226577302e-09  
  2.449063241844e+03  ,1.295711810441e-09  
  2.454708915685e+03  ,1.293195647477e-09  
  2.460367604147e+03  ,1.290678108723e-09  
  2.466039337234e+03  ,1.288159214570e-09  
  2.471724145016e+03  ,1.285638985493e-09  
  2.477422057633e+03  ,1.283117442047e-09  
  2.483133105295e+03  ,1.280594604866e-09  
  2.488857318282e+03  ,1.278070494665e-09  
  2.494594726943e+03  ,1.275545132235e-09  
  2.500345361696e+03  ,1.273018538443e-09  
  2.506109253032e+03  ,1.270490734239e-09  
  2.511886431509e+03  ,1.267961740643e-09  
  2.517676927758e+03  ,1.265431578754e-09  
  2.523480772480e+03  ,1.262900269740e-09  
  2.529297996446e+03  ,1.260367834851e-09  
  2.535128630497e+03  ,1.257834295399e-09  
  2.540972705549e+03  ,1.255299672779e-09  
  2.546830252585e+03  ,1.252763988447e-09  
  2.552701302661e+03  ,1.250227263936e-09  
  2.558585886905e+03  ,1.247689520843e-09  
  2.564484036517e+03  ,1.245150780839e-09  
  2.570395782768e+03  ,1.242611065659e-09  
  2.576321157002e+03  ,1.240070397104e-09  
  2.582260190634e+03  ,1.237528797041e-09  
  2.588212915153e+03  ,1.234986287407e-09  
  2.594179362118e+03  ,1.232442890197e-09  
  2.600159563165e+03  ,1.229898627470e-09  
  2.606153549998e+03  ,1.227353521349e-09  
  2.612161354399e+03  ,1.224807594019e-09  
  2.618183008219e+03  ,1.222260867722e-09  
  2.624218543384e+03  ,1.219713364764e-09  
  2.630267991895e+03  ,1.217165107506e-09  
  2.636331385825e+03  ,1.214616118366e-09  
  2.642408757321e+03  ,1.212066419825e-09  
  2.648500138606e+03  ,1.209516034411e-09  
  2.654605561975e+03  ,1.206964984714e-09  
  2.660725059798e+03  ,1.204413293373e-09  
  2.666858664521e+03  ,1.201860983085e-09  
  2.673006408663e+03  ,1.199308076595e-09  
  2.679168324819e+03  ,1.196754596699e-09  
  2.685344445658e+03  ,1.194200566246e-09  
  2.691534803926e+03  ,1.191646008131e-09  
  2.697739432444e+03  ,1.189090945302e-09  
  2.703958364108e+03  ,1.186535400748e-09  
  2.710191631890e+03  ,1.183979397506e-09  
  2.716439268839e+03  ,1.181422958663e-09  
  2.722701308077e+03  ,1.178866107345e-09  
  2.728977782808e+03  ,1.176308866723e-09  
  2.735268726306e+03  ,1.173751260009e-09  
  2.741574171927e+03  ,1.171193310460e-09  
  2.747894153102e+03  ,1.168635041368e-09  
  2.754228703338e+03  ,1.166076476070e-09  
  2.760577856220e+03  ,1.163517637936e-09  
  2.766941645411e+03  ,1.160958550375e-09  
  2.773320104651e+03  ,1.158399236837e-09  
  2.779713267759e+03  ,1.155839720800e-09  
  2.786121168629e+03  ,1.153280025779e-09  
  2.792543841237e+03  ,1.150720175325e-09  
  2.798981319634e+03  ,1.148160193016e-09  
  2.805433637951e+03  ,1.145600102465e-09  
  2.811900830398e+03  ,1.143039927314e-09  
  2.818382931264e+03  ,1.140479691233e-09  
  2.824879974915e+03  ,1.137919417924e-09  
  2.831391995799e+03  ,1.135359131110e-09  
  2.837919028441e+03  ,1.132798854545e-09  
  2.844461107447e+03  ,1.130238612003e-09  
  2.851018267503e+03  ,1.127678427291e-09  
  2.857590543374e+03  ,1.125118324227e-09  
  2.864177969906e+03  ,1.122558326657e-09  
  2.870780582024e+03  ,1.119998458451e-09  
  2.877398414735e+03  ,1.117438743491e-09  
  2.884031503126e+03  ,1.114879205682e-09  
  2.890679882365e+03  ,1.112319868948e-09  
  2.897343587701e+03  ,1.109760757228e-09  
  2.904022654464e+03  ,1.107201894474e-09  
  2.910717118066e+03  ,1.104643304655e-09  
  2.917427014001e+03  ,1.102085011755e-09  
  2.924152377843e+03  ,1.099527039765e-09  
  2.930893245250e+03  ,1.096969412690e-09  
  2.937649651961e+03  ,1.094412154549e-09  
  2.944421633798e+03  ,1.091855289365e-09  
  2.951209226666e+03  ,1.089298841167e-09  
  2.958012466551e+03  ,1.086742834000e-09  
  2.964831389524e+03  ,1.084187291907e-09  
  2.971666031737e+03  ,1.081632238937e-09  
  2.978516429429e+03  ,1.079077699144e-09  
  2.985382618917e+03  ,1.076523696587e-09  
  2.992264636608e+03  ,1.073970255325e-09  
  2.999162518987e+03  ,1.071417399411e-09  
  3.006076302628e+03  ,1.068865152908e-09  
  3.013006024186e+03  ,1.066313539871e-09  
  3.019951720401e+03  ,1.063762584356e-09  
  3.026913428101e+03  ,1.061212310411e-09  
  3.033891184194e+03  ,1.058662742081e-09  
  3.040885025676e+03  ,1.056113903409e-09  
  3.047894989627e+03  ,1.053565818423e-09  
  3.054921113215e+03  ,1.051018511151e-09  
  3.061963433690e+03  ,1.048472005608e-09  
  3.069021988391e+03  ,1.045926325798e-09  
  3.076096814740e+03  ,1.043381495718e-09  
  3.083187950249e+03  ,1.040837539349e-09  
  3.090295432513e+03  ,1.038294480656e-09  
  3.097419299216e+03  ,1.035752343599e-09  
  3.104559588128e+03  ,1.033211152114e-09  
  3.111716337105e+03  ,1.030670930125e-09  
  3.118889584093e+03  ,1.028131701535e-09  
  3.126079367123e+03  ,1.025593490230e-09  
  3.133285724315e+03  ,1.023056320080e-09  
  3.140508693876e+03  ,1.020520214927e-09  
  3.147748314101e+03  ,1.017985198599e-09  
  3.155004623374e+03  ,1.015451294894e-09  
  3.162277660168e+03  ,1.012918527592e-09  
  3.169567463043e+03  ,1.010386920444e-09  
  3.176874070649e+03  ,1.007856497180e-09  
  3.184197521726e+03  ,1.005327281496e-09  
  3.191537855100e+03  ,1.002799297067e-09  
  3.198895109691e+03  ,1.000272567533e-09  
  3.206269324505e+03  ,9.977471165094e-10  
  3.213660538640e+03  ,9.952229675788e-10  
  3.221068791283e+03  ,9.927001442875e-10  
  3.228494121712e+03  ,9.901786701541e-10  
  3.235936569296e+03  ,9.876585686611e-10  
  3.243396173493e+03  ,9.851398632539e-10  
  3.250872973854e+03  ,9.826225773476e-10  
  3.258367010019e+03  ,9.801067343123e-10  
  3.265878321723e+03  ,9.775923574878e-10  
  3.273406948788e+03  ,9.750794701669e-10  
  3.280952931131e+03  ,9.725680956080e-10  
  3.288516308759e+03  ,9.700582570246e-10  
  3.296097121774e+03  ,9.675499775938e-10  
  3.303695410368e+03  ,9.650432804418e-10  
  3.311311214825e+03  ,9.625381886564e-10  
  3.318944575525e+03  ,9.600347252785e-10  
  3.326595532939e+03  ,9.575329133010e-10  
  3.334264127632e+03  ,9.550327756735e-10  
  3.341950400261e+03  ,9.525343352957e-10  
  3.349654391578e+03  ,9.500376150165e-10  
  3.357376142429e+03  ,9.475426376404e-10  
  3.365115693754e+03  ,9.450494259118e-10  
  3.372873086588e+03  ,9.425580025343e-10  
  3.380648362059e+03  ,9.400683901496e-10  
  3.388441561391e+03  ,9.375806113510e-10  
  3.396252725903e+03  ,9.350946886737e-10  
  3.404081897009e+03  ,9.326106446009e-10  
  3.411929116219e+03  ,9.301285015574e-10  
  3.419794425136e+03  ,9.276482819088e-10  
  3.427677865464e+03  ,9.251700079642e-10  
  3.435579478998e+03  ,9.226937019771e-10  
  3.443499307633e+03  ,9.202193861317e-10  
  3.451437393358e+03  ,9.177470825621e-10  
  3.459393778261e+03  ,9.152768133293e-10  
  3.467368504525e+03  ,9.128086004430e-10  
  3.475361614431e+03  ,9.103424658374e-10  
  3.483373150359e+03  ,9.078784313938e-10  
  3.491403154785e+03  ,9.054165189184e-10  
  3.499451670283e+03  ,9.029567501550e-10  
  3.507518739525e+03  ,9.004991467800e-10  
  3.515604405282e+03  ,8.980437304038e-10  
  3.523708710424e+03  ,8.955905225658e-10  
  3.531831697919e+03  ,8.931395447342e-10  
  3.539973410834e+03  ,8.906908183079e-10  
  3.548133892335e+03  ,8.882443646169e-10  
  3.556313185689e+03  ,8.858002049146e-10  
  3.564511334262e+03  ,8.833583603856e-10  
  3.572728381519e+03  ,8.809188521348e-10  
  3.580964371026e+03  ,8.784817012016e-10  
  3.589219346449e+03  ,8.760469285392e-10  
  3.597493351557e+03  ,8.736145550333e-10  
  3.605786430216e+03  ,8.711846014874e-10  
  3.614098626395e+03  ,8.687570886306e-10  
  3.622429984166e+03  ,8.663320371080e-10  
  3.630780547700e+03  ,8.639094674927e-10  
  3.639150361271e+03  ,8.614894002740e-10  
  3.647539469255e+03  ,8.590718558565e-10  
  3.655947916131e+03  ,8.566568545706e-10  
  3.664375746478e+03  ,8.542444166589e-10  
  3.672823004980e+03  ,8.518345622845e-10  
  3.681289736425e+03  ,8.494273115210e-10  
  3.689775985701e+03  ,8.470226843652e-10  
  3.698281797802e+03  ,8.446207007227e-10  
  3.706807217825e+03  ,8.422213804152e-10  
  3.715352290971e+03  ,8.398247431777e-10  
  3.723917062545e+03  ,8.374308086597e-10  
  3.732501577956e+03  ,8.350395964171e-10  
  3.741105882720e+03  ,8.326511259245e-10  
  3.749730022454e+03  ,8.302654165616e-10  
  3.758374042884e+03  ,8.278824876198e-10  
  3.767037989838e+03  ,8.255023582999e-10  
  3.775721909253e+03  ,8.231250477132e-10  
  3.784425847170e+03  ,8.207505748735e-10  
  3.793149849736e+03  ,8.183789587092e-10  
  3.801893963205e+03  ,8.160102180484e-10  
  3.810658233937e+03  ,8.136443716324e-10  
  3.819442708400e+03  ,8.112814381026e-10  
  3.828247433167e+03  ,8.089214360073e-10  
  3.837072454922e+03  ,8.065643837973e-10  
  3.845917820453e+03  ,8.042102998325e-10  
  3.854783576657e+03  ,8.018592023705e-10  
  3.863669770540e+03  ,7.995111095736e-10  
  3.872576449215e+03  ,7.971660395057e-10  
  3.881503659906e+03  ,7.948240101327e-10  
  3.890451449942e+03  ,7.924850393210e-10  
  3.899419866765e+03  ,7.901491448376e-10  
  3.908408957923e+03  ,7.878163443494e-10  
  3.917418771077e+03  ,7.854866554208e-10  
  3.926449353995e+03  ,7.831600955204e-10  
  3.935500754557e+03  ,7.808366820098e-10  
  3.944573020752e+03  ,7.785164321502e-10  
  3.953666200681e+03  ,7.761993630982e-10  
  3.962780342554e+03  ,7.738854919127e-10  
  3.971915494694e+03  ,7.715748355420e-10  
  3.981071705534e+03  ,7.692674108355e-10  
  3.990249023621e+03  ,7.669632345379e-10  
  3.999447497610e+03  ,7.646623232838e-10  
  4.008667176272e+03  ,7.623646936076e-10  
  4.017908108489e+03  ,7.600703619359e-10  
  4.027170343254e+03  ,7.577793445874e-10  
  4.036453929675e+03  ,7.554916577792e-10  
  4.045758916974e+03  ,7.532073176143e-10  
  4.055085354483e+03  ,7.509263400934e-10  
  4.064433291651e+03  ,7.486487411075e-10  
  4.073802778040e+03  ,7.463745364392e-10  
  4.083193863326e+03  ,7.441037417624e-10  
  4.092606597299e+03  ,7.418363726402e-10  
  4.102041029865e+03  ,7.395724445315e-10  
  4.111497211044e+03  ,7.373119727782e-10  
  4.120975190973e+03  ,7.350549726159e-10  
  4.130475019901e+03  ,7.328014591729e-10  
  4.139996748197e+03  ,7.305514474597e-10  
  4.149540426343e+03  ,7.283049523811e-10  
  4.159106104939e+03  ,7.260619887284e-10  
  4.168693834703e+03  ,7.238225711813e-10  
  4.178303666465e+03  ,7.215867143057e-10  
  4.187935651178e+03  ,7.193544325585e-10  
  4.197589839909e+03  ,7.171257402822e-10  
  4.207266283844e+03  ,7.149006517048e-10  
  4.216965034285e+03  ,7.126791809444e-10  
  4.226686142655e+03  ,7.104613420040e-10  
  4.236429660495e+03  ,7.082471487712e-10  
  4.246195639462e+03  ,7.060366150231e-10  
  4.255984131337e+03  ,7.038297544206e-10  
  4.265795188015e+03  ,7.016265805107e-10  
  4.275628861515e+03  ,6.994271067238e-10  
  4.285485203974e+03  ,6.972313463770e-10  
  4.295364267648e+03  ,6.950393126760e-10  
  4.305266104916e+03  ,6.928510187043e-10  
  4.315190768277e+03  ,6.906664774336e-10  
  4.325138310349e+03  ,6.884857017215e-10  
  4.335108783874e+03  ,6.863087043082e-10  
  4.345102241715e+03  ,6.841354978177e-10  
  4.355118736855e+03  ,6.819660947567e-10  
  4.365158322401e+03  ,6.798005075169e-10  
  4.375221051582e+03  ,6.776387483755e-10  
  4.385306977749e+03  ,6.754808294914e-10  
  4.395416154377e+03  ,6.733267629053e-10  
  4.405548635065e+03  ,6.711765605444e-10  
  4.415704473532e+03  ,6.690302342173e-10  
  4.425883723625e+03  ,6.668877956123e-10  
  4.436086439313e+03  ,6.647492563091e-10  
  4.446312674690e+03  ,6.626146277618e-10  
  4.456562483974e+03  ,6.604839213104e-10  
  4.466835921509e+03  ,6.583571481797e-10  
  4.477133041763e+03  ,6.562343194750e-10  
  4.487453899330e+03  ,6.541154461827e-10  
  4.497798548932e+03  ,6.520005391734e-10  
  4.508167045414e+03  ,6.498896092018e-10  
  4.518559443748e+03  ,6.477826669033e-10  
  4.528975799035e+03  ,6.456797227942e-10  
  4.539416166501e+03  ,6.435807872747e-10  
  4.549880601500e+03  ,6.414858706291e-10  
  4.560369159512e+03  ,6.393949830206e-10  
  4.570881896148e+03  ,6.373081344984e-10  
  4.581418867144e+03  ,6.352253349904e-10  
  4.591980128368e+03  ,6.331465943089e-10  
  4.602565735813e+03  ,6.310719221499e-10  
  4.613175745603e+03  ,6.290013280903e-10  
  4.623810213992e+03  ,6.269348215881e-10  
  4.634469197362e+03  ,6.248724119851e-10  
  4.645152752227e+03  ,6.228141085060e-10  
  4.655860935229e+03  ,6.207599202593e-10  
  4.666593803142e+03  ,6.187098562350e-10  
  4.677351412871e+03  ,6.166639253041e-10  
  4.688133821452e+03  ,6.146221362219e-10  
  4.698941086051e+03  ,6.125844976270e-10  
  4.709773263969e+03  ,6.105510180421e-10  
  4.720630412635e+03  ,6.085217058702e-10  
  4.731512589614e+03  ,6.064965694005e-10  
  4.742419852602e+03  ,6.044756168025e-10  
  4.753352259427e+03  ,6.024588561307e-10  
  4.764309868053e+03  ,6.004462953230e-10  
  4.775292736576e+03  ,5.984379422027e-10  
  4.786300923225e+03  ,5.964338044738e-10  
  4.797334486366e+03  ,5.944338897273e-10  
  4.808393484496e+03  ,5.924382054353e-10  
  4.819477976250e+03  ,5.904467589557e-10  
  4.830588020397e+03  ,5.884595575309e-10  
  4.841723675840e+03  ,5.864766082892e-10  
  4.852885001620e+03  ,5.844979182409e-10  
  4.864072056914e+03  ,5.825234942827e-10  
  4.875284901033e+03  ,5.805533431963e-10  
  4.886523593427e+03  ,5.785874716503e-10  
  4.897788193683e+03  ,5.766258861961e-10  
  4.909078761525e+03  ,5.746685932718e-10  
  4.920395356814e+03  ,5.727155992034e-10  
  4.931738039548e+03  ,5.707669101998e-10  
  4.943106869867e+03  ,5.688225323579e-10  
  4.954501908047e+03  ,5.668824716611e-10  
  4.965923214502e+03  ,5.649467339797e-10  
  4.977370849788e+03  ,5.630153250725e-10  
  4.988844874599e+03  ,5.610882505828e-10  
  5.000345349769e+03  ,5.591655160426e-10  
  5.011872336272e+03  ,5.572471268721e-10  
  5.023425895223e+03  ,5.553330883792e-10  
  5.035006087878e+03  ,5.534234057619e-10  
  5.046612975634e+03  ,5.515180841037e-10  
  5.058246620030e+03  ,5.496171283785e-10  
  5.069907082746e+03  ,5.477205434492e-10  
  5.081594425605e+03  ,5.458283340683e-10  
  5.093308710571e+03  ,5.439405048795e-10  
  5.105049999753e+03  ,5.420570604120e-10  
  5.116818355402e+03  ,5.401780050913e-10  
  5.128613839913e+03  ,5.383033432289e-10  
  5.140436515823e+03  ,5.364330790290e-10  
  5.152286445817e+03  ,5.345672165868e-10  
  5.164163692720e+03  ,5.327057598906e-10  
  5.176068319505e+03  ,5.308487128162e-10  
  5.188000389289e+03  ,5.289960791374e-10  
  5.199959965334e+03  ,5.271478625147e-10  
  5.211947111050e+03  ,5.253040665074e-10  
  5.223961889990e+03  ,5.234646945636e-10  
  5.236004365856e+03  ,5.216297500262e-10  
  5.248074602497e+03  ,5.197992361324e-10  
  5.260172663906e+03  ,5.179731560133e-10  
  5.272298614227e+03  ,5.161515126962e-10  
  5.284452517751e+03  ,5.143343090990e-10  
  5.296634438916e+03  ,5.125215480394e-10  
  5.308844442309e+03  ,5.107132322306e-10  
  5.321082592667e+03  ,5.089093642791e-10  
  5.333348954875e+03  ,5.071099466879e-10  
  5.345643593969e+03  ,5.053149818611e-10  
  5.357966575132e+03  ,5.035244720943e-10  
  5.370317963701e+03  ,5.017384195863e-10  
  5.382697825162e+03  ,4.999568264298e-10  
  5.395106225150e+03  ,4.981796946173e-10  
  5.407543229455e+03  ,4.964070260399e-10  
  5.420008904015e+03  ,4.946388224882e-10  
  5.432503314923e+03  ,4.928750856521e-10  
  5.445026528423e+03  ,4.911158171204e-10  
  5.457578610912e+03  ,4.893610183863e-10  
  5.470159628939e+03  ,4.876106908397e-10  
  5.482769649207e+03  ,4.858648357731e-10  
  5.495408738575e+03  ,4.841234543809e-10  
  5.508076964053e+03  ,4.823865477594e-10  
  5.520774392806e+03  ,4.806541169074e-10  
  5.533501092156e+03  ,4.789261627269e-10  
  5.546257129578e+03  ,4.772026860230e-10  
  5.559042572703e+03  ,4.754836875049e-10  
  5.571857489318e+03  ,4.737691677859e-10  
  5.584701947367e+03  ,4.720591273828e-10  
  5.597576014950e+03  ,4.703535667215e-10  
  5.610479760324e+03  ,4.686524861294e-10  
  5.623413251902e+03  ,4.669558858403e-10  
  5.636376558258e+03  ,4.652637659981e-10  
  5.649369748122e+03  ,4.635761266499e-10  
  5.662392890381e+03  ,4.618929677504e-10  
  5.675446054084e+03  ,4.602142891657e-10  
  5.688529308437e+03  ,4.585400906654e-10  
  5.701642722806e+03  ,4.568703719317e-10  
  5.714786366718e+03  ,4.552051325547e-10  
  5.727960309857e+03  ,4.535443720357e-10  
  5.741164622072e+03  ,4.518880897822e-10  
  5.754399373370e+03  ,4.502362851163e-10  
  5.767664633921e+03  ,4.485889572690e-10  
  5.780960474056e+03  ,4.469461053862e-10  
  5.794286964268e+03  ,4.453077285228e-10  
  5.807644175212e+03  ,4.436738256457e-10  
  5.821032177708e+03  ,4.420443956390e-10  
  5.834451042736e+03  ,4.404194372954e-10  
  5.847900841444e+03  ,4.387989493253e-10  
  5.861381645139e+03  ,4.371829303525e-10  
  5.874893525297e+03  ,4.355713789157e-10  
  5.888436553555e+03  ,4.339642934693e-10  
  5.902010801717e+03  ,4.323616723837e-10  
  5.915616341754e+03  ,4.307635139446e-10  
  5.929253245799e+03  ,4.291698163583e-10  
  5.942921586155e+03  ,4.275805777438e-10  
  5.956621435289e+03  ,4.259957961419e-10  
  5.970352865837e+03  ,4.244154695107e-10  
  5.984115950602e+03  ,4.228395957270e-10  
  5.997910762554e+03  ,4.212681725863e-10  
  6.011737374832e+03  ,4.197011978076e-10  
  6.025595860742e+03  ,4.181386690256e-10  
  6.039486293763e+03  ,4.165805837997e-10  
  6.053408747538e+03  ,4.150269396096e-10  
  6.067363295884e+03  ,4.134777338571e-10  
  6.081350012786e+03  ,4.119329638666e-10  
  6.095368972400e+03  ,4.103926268843e-10  
  6.109420249054e+03  ,4.088567200824e-10  
  6.123503917246e+03  ,4.073252405561e-10  
  6.137620051647e+03  ,4.057981853251e-10  
  6.151768727097e+03  ,4.042755513342e-10  
  6.165950018614e+03  ,4.027573354528e-10  
  6.180164001383e+03  ,4.012435344786e-10  
  6.194410750767e+03  ,3.997341451351e-10  
  6.208690342299e+03  ,3.982291640727e-10  
  6.223002851690e+03  ,3.967285878684e-10  
  6.237348354823e+03  ,3.952324130310e-10  
  6.251726927756e+03  ,3.937406359933e-10  
  6.266138646722e+03  ,3.922532531197e-10  
  6.280583588132e+03  ,3.907702607067e-10  
  6.295061828571e+03  ,3.892916549764e-10  
  6.309573444801e+03  ,3.878174320852e-10  
  6.324118513761e+03  ,3.863475881196e-10  
  6.338697112568e+03  ,3.848821190981e-10  
  6.353309318516e+03  ,3.834210209702e-10  
  6.367955209078e+03  ,3.819642896207e-10  
  6.382634861904e+03  ,3.805119208667e-10  
  6.397348354825e+03  ,3.790639104589e-10  
  6.412095765850e+03  ,3.776202540817e-10  
  6.426877173169e+03  ,3.761809473565e-10  
  6.441692655150e+03  ,3.747459858390e-10  
  6.456542290345e+03  ,3.733153650198e-10  
  6.471426157485e+03  ,3.718890803283e-10  
  6.486344335481e+03  ,3.704671271297e-10  
  6.501296903430e+03  ,3.690495007268e-10  
  6.516283940607e+03  ,3.676361963593e-10  
  6.531305526473e+03  ,3.662272092077e-10  
  6.546361740671e+03  ,3.648225343905e-10  
  6.561452663028e+03  ,3.634221669657e-10  
  6.576578373553e+03  ,3.620261019305e-10  
  6.591738952442e+03  ,3.606343342247e-10  
  6.606934480075e+03  ,3.592468587272e-10  
  6.622165037016e+03  ,3.578636702607e-10  
  6.637430704018e+03  ,3.564847635890e-10  
  6.652731562016e+03  ,3.551101334185e-10  
  6.668067692135e+03  ,3.537397743979e-10  
  6.683439175685e+03  ,3.523736811214e-10  
  6.698846094164e+03  ,3.510118481267e-10  
  6.714288529258e+03  ,3.496542698951e-10  
  6.729766562842e+03  ,3.483009408550e-10  
  6.745280276978e+03  ,3.469518553788e-10  
  6.760829753918e+03  ,3.456070077880e-10  
  6.776415076105e+03  ,3.442663923457e-10  
  6.792036326170e+03  ,3.429300032687e-10  
  6.807693586936e+03  ,3.415978347160e-10  
  6.823386941415e+03  ,3.402698807984e-10  
  6.839116472813e+03  ,3.389461355742e-10  
  6.854882264525e+03  ,3.376265930499e-10  
  6.870684400141e+03  ,3.363112471829e-10  
  6.886522963441e+03  ,3.350000918829e-10  
  6.902398038401e+03  ,3.336931210064e-10  
  6.918309709188e+03  ,3.323903283639e-10  
  6.934258060164e+03  ,3.310917077161e-10  
  6.950243175887e+03  ,3.297972527776e-10  
  6.966265141106e+03  ,3.285069572139e-10  
  6.982324040770e+03  ,3.272208146468e-10  
  6.998419960021e+03  ,3.259388186467e-10  
  7.014552984198e+03  ,3.246609627443e-10  
  7.030723198837e+03  ,3.233872404201e-10  
  7.046930689670e+03  ,3.221176451116e-10  
  7.063175542628e+03  ,3.208521702143e-10  
  7.079457843840e+03  ,3.195908090747e-10  
  7.095777679632e+03  ,3.183335550018e-10  
  7.112135136532e+03  ,3.170804012571e-10  
  7.128530301264e+03  ,3.158313410615e-10  
  7.144963260754e+03  ,3.145863675960e-10  
  7.161434102128e+03  ,3.133454739953e-10  
  7.177942912712e+03  ,3.121086533590e-10  
  7.194489780036e+03  ,3.108758987415e-10  
  7.211074791827e+03  ,3.096472031589e-10  
  7.227698036020e+03  ,3.084225595891e-10  
  7.244359600748e+03  ,3.072019609695e-10  
  7.261059574350e+03  ,3.059854001985e-10  
  7.277798045367e+03  ,3.047728701379e-10  
  7.294575102544e+03  ,3.035643636102e-10  
  7.311390834833e+03  ,3.023598734024e-10  
  7.328245331388e+03  ,3.011593922639e-10  
  7.345138681570e+03  ,2.999629129072e-10  
  7.362070974946e+03  ,2.987704280095e-10  
  7.379042301289e+03  ,2.975819302147e-10  
  7.396052750581e+03  ,2.963974121273e-10  
  7.413102413008e+03  ,2.952168663227e-10  
  7.430191378965e+03  ,2.940402853369e-10  
  7.447319739058e+03  ,2.928676616780e-10  
  7.464487584099e+03  ,2.916989878161e-10  
  7.481695005110e+03  ,2.905342561909e-10  
  7.498942093323e+03  ,2.893734592105e-10  
  7.516228940180e+03  ,2.882165892505e-10  
  7.533555637336e+03  ,2.870636386543e-10  
  7.550922276653e+03  ,2.859145997354e-10  
  7.568328950208e+03  ,2.847694647775e-10  
  7.585775750290e+03  ,2.836282260338e-10  
  7.603262769400e+03  ,2.824908757266e-10  
  7.620790100253e+03  ,2.813574060513e-10  
  7.638357835775e+03  ,2.802278091725e-10  
  7.655966069111e+03  ,2.791020772277e-10  
  7.673614893617e+03  ,2.779802023280e-10  
  7.691304402864e+03  ,2.768621765530e-10  
  7.709034690643e+03  ,2.757479919604e-10  
  7.726805850955e+03  ,2.746376405760e-10  
  7.744617978024e+03  ,2.735311144041e-10  
  7.762471166285e+03  ,2.724284054213e-10  
  7.780365510396e+03  ,2.713295055780e-10  
  7.798301105231e+03  ,2.702344068014e-10  
  7.816278045882e+03  ,2.691431009927e-10  
  7.834296427660e+03  ,2.680555800305e-10  
  7.852356346099e+03  ,2.669718357682e-10  
  7.870457896949e+03  ,2.658918600373e-10  
  7.888601176184e+03  ,2.648156446450e-10  
  7.906786279997e+03  ,2.637431813778e-10  
  7.925013304803e+03  ,2.626744619981e-10  
  7.943282347241e+03  ,2.616094782477e-10  
  7.961593504172e+03  ,2.605482218478e-10  
  7.979946872678e+03  ,2.594906844981e-10  
  7.998342550069e+03  ,2.584368578768e-10  
  8.016780633875e+03  ,2.573867336427e-10  
  8.035261221854e+03  ,2.563403034358e-10  
  8.053784411989e+03  ,2.552975588761e-10  
  8.072350302487e+03  ,2.542584915636e-10  
  8.090958991782e+03  ,2.532230930805e-10  
  8.109610578537e+03  ,2.521913549917e-10  
  8.128305161639e+03  ,2.511632688427e-10  
  8.147042840207e+03  ,2.501388261630e-10  
  8.165823713584e+03  ,2.491180184635e-10  
  8.184647881346e+03  ,2.481008372392e-10  
  8.203515443296e+03  ,2.470872739693e-10  
  8.222426499469e+03  ,2.460773201167e-10  
  8.241381150128e+03  ,2.450709671273e-10  
  8.260379495770e+03  ,2.440682064329e-10  
  8.279421637122e+03  ,2.430690294511e-10  
  8.298507675142e+03  ,2.420734275833e-10  
  8.317637711025e+03  ,2.410813922183e-10  
  8.336811846195e+03  ,2.400929147294e-10  
  8.356030182311e+03  ,2.391079864782e-10  
  8.375292821267e+03  ,2.381265988114e-10  
  8.394599865192e+03  ,2.371487430637e-10  
  8.413951416450e+03  ,2.361744105579e-10  
  8.433347577641e+03  ,2.352035926036e-10  
  8.452788451601e+03  ,2.342362804997e-10  
  8.472274141404e+03  ,2.332724655323e-10  
  8.491804750361e+03  ,2.323121389772e-10  
  8.511380382022e+03  ,2.313552921001e-10  
  8.531001140174e+03  ,2.304019161554e-10  
  8.550667128845e+03  ,2.294520023860e-10  
  8.570378452302e+03  ,2.285055420286e-10  
  8.590135215052e+03  ,2.275625263063e-10  
  8.609937521844e+03  ,2.266229464362e-10  
  8.629785477668e+03  ,2.256867936247e-10  
  8.649679187755e+03  ,2.247540590711e-10  
  8.669618757580e+03  ,2.238247339650e-10  
  8.689604292861e+03  ,2.228988094895e-10  
  8.709635899559e+03  ,2.219762768188e-10  
  8.729713683879e+03  ,2.210571271203e-10  
  8.749837752273e+03  ,2.201413515553e-10  
  8.770008211434e+03  ,2.192289412771e-10  
  8.790225168307e+03  ,2.183198874339e-10  
  8.810488730078e+03  ,2.174141811663e-10  
  8.830799004184e+03  ,2.165118136101e-10  
  8.851156098306e+03  ,2.156127758962e-10  
  8.871560120378e+03  ,2.147170591489e-10  
  8.892011178578e+03  ,2.138246544882e-10  
  8.912509381336e+03  ,2.129355530304e-10  
  8.933054837331e+03  ,2.120497458860e-10  
  8.953647655494e+03  ,2.111672241627e-10  
  8.974287945006e+03  ,2.102879789632e-10  
  8.994975815298e+03  ,2.094120013874e-10  
  9.015711376058e+03  ,2.085392825328e-10  
  9.036494737221e+03  ,2.076698134924e-10  
  9.057326008980e+03  ,2.068035853579e-10  
  9.078205301780e+03  ,2.059405892174e-10  
  9.099132726321e+03  ,2.050808161577e-10  
  9.120108393557e+03  ,2.042242572633e-10  
  9.141132414701e+03  ,2.033709036183e-10  
  9.162204901218e+03  ,2.025207463037e-10  
  9.183325964834e+03  ,2.016737764012e-10  
  9.204495717530e+03  ,2.008299849900e-10  
  9.225714271546e+03  ,1.999893631496e-10  
  9.246981739380e+03  ,1.991519019598e-10  
  9.268298233792e+03  ,1.983175924993e-10  
  9.289663867797e+03  ,1.974864258479e-10  
  9.311078754676e+03  ,1.966583930843e-10  
  9.332543007968e+03  ,1.958334852902e-10  
  9.354056741474e+03  ,1.950116935472e-10  
  9.375620069257e+03  ,1.941930089372e-10  
  9.397233105644e+03  ,1.933774225444e-10  
  9.418895965226e+03  ,1.925649254547e-10  
  9.440608762857e+03  ,1.917555087562e-10  
  9.462371613656e+03  ,1.909491635383e-10  
  9.484184633007e+03  ,1.901458808931e-10  
  9.506047936561e+03  ,1.893456519161e-10  
  9.527961640234e+03  ,1.885484677042e-10  
  9.549925860212e+03  ,1.877543193589e-10  
  9.571940712946e+03  ,1.869631979833e-10  
  9.594006315157e+03  ,1.861750946851e-10  
  9.616122783835e+03  ,1.853900005754e-10  
  9.638290236238e+03  ,1.846079067700e-10  
  9.660508789896e+03  ,1.838288043874e-10  
  9.682778562610e+03  ,1.830526845514e-10  
  9.705099672453e+03  ,1.822795383908e-10  
  9.727472237768e+03  ,1.815093570379e-10  
  9.749896377172e+03  ,1.807421316314e-10  
  9.772372209556e+03  ,1.799778533133e-10  
  9.794899854085e+03  ,1.792165132334e-10  
  9.817479430198e+03  ,1.784581025458e-10  
  9.840111057609e+03  ,1.777026124095e-10  
  9.862794856310e+03  ,1.769500339915e-10  
  9.885530946567e+03  ,1.762003584637e-10  
  9.908319448926e+03  ,1.754535770050e-10  
  9.931160484207e+03  ,1.747096808002e-10  
  9.954054173513e+03  ,1.739686610413e-10  
  9.977000638223e+03  ,1.732305089271e-10  
  9.999999999998e+03  ,1.724952156644e-10  
  1.002305238078e+04  ,1.717627724659e-10  
  1.004615790278e+04  ,1.710331705527e-10  
  1.006931668852e+04  ,1.703064011539e-10  
  1.009252886076e+04  ,1.695824555055e-10  
  1.011579454260e+04  ,1.688613248521e-10  
  1.013911385736e+04  ,1.681430004471e-10  
  1.016248692870e+04  ,1.674274735510e-10  
  1.018591388054e+04  ,1.667147354338e-10  
  1.020939483707e+04  ,1.660047773740e-10  
  1.023292992281e+04  ,1.652975906596e-10  
  1.025651926251e+04  ,1.645931665865e-10  
  1.028016298126e+04  ,1.638914964606e-10  
  1.030386120441e+04  ,1.631925715976e-10  
  1.032761405761e+04  ,1.624963833212e-10  
  1.035142166679e+04  ,1.618029229670e-10  
  1.037528415818e+04  ,1.611121818794e-10  
  1.039920165829e+04  ,1.604241514122e-10  
  1.042317429393e+04  ,1.597388229297e-10  
  1.044720219221e+04  ,1.590561878083e-10  
  1.047128548051e+04  ,1.583762374320e-10  
  1.049542428652e+04  ,1.576989631980e-10  
  1.051961873823e+04  ,1.570243565127e-10  
  1.054386896391e+04  ,1.563524087940e-10  
  1.056817509213e+04  ,1.556831114713e-10  
  1.059253725177e+04  ,1.550164559845e-10  
  1.061695557198e+04  ,1.543524337850e-10  
  1.064143018224e+04  ,1.536910363359e-10  
  1.066596121230e+04  ,1.530322551125e-10  
  1.069054879222e+04  ,1.523760816009e-10  
  1.071519305237e+04  ,1.517225072994e-10  
  1.073989412341e+04  ,1.510715237186e-10  
  1.076465213630e+04  ,1.504231223816e-10  
  1.078946722230e+04  ,1.497772948229e-10  
  1.081433951298e+04  ,1.491340325900e-10  
  1.083926914021e+04  ,1.484933272433e-10  
  1.086425623617e+04  ,1.478551703545e-10  
  1.088930093333e+04  ,1.472195535102e-10  
  1.091440336449e+04  ,1.465864683087e-10  
  1.093956366272e+04  ,1.459559063606e-10  
  1.096478196143e+04  ,1.453278592915e-10  
  1.099005839432e+04  ,1.447023187389e-10  
  1.101539309541e+04  ,1.440792763540e-10  
  1.104078619902e+04  ,1.434587238019e-10  
  1.106623783977e+04  ,1.428406527615e-10  
  1.109174815262e+04  ,1.422250549245e-10  
  1.111731727281e+04  ,1.416119219971e-10  
  1.114294533591e+04  ,1.410012456998e-10  
  1.116863247780e+04  ,1.403930177658e-10  
  1.119437883467e+04  ,1.397872299443e-10  
  1.122018454302e+04  ,1.391838739979e-10  
  1.124604973967e+04  ,1.385829417027e-10  
  1.127197456175e+04  ,1.379844248511e-10  
  1.129795914673e+04  ,1.373883152480e-10  
  1.132400363235e+04  ,1.367946047156e-10  
  1.135010815672e+04  ,1.362032850879e-10  
  1.137627285823e+04  ,1.356143482163e-10  
  1.140249787561e+04  ,1.350277859650e-10  
  1.142878334790e+04  ,1.344435902154e-10  
  1.145512941445e+04  ,1.338617528630e-10  
  1.148153621497e+04  ,1.332822658175e-10  
  1.150800388944e+04  ,1.327051210058e-10  
  1.153453257821e+04  ,1.321303103692e-10  
  1.156112242192e+04  ,1.315578258643e-10  
  1.158777356155e+04  ,1.309876594639e-10  
  1.161448613840e+04  ,1.304198031565e-10  
  1.164126029410e+04  ,1.298542489457e-10  
  1.166809617061e+04  ,1.292909888512e-10  
  1.169499391020e+04  ,1.287300149086e-10  
  1.172195365548e+04  ,1.281713191701e-10  
  1.174897554939e+04  ,1.276148937030e-10  
  1.177605973521e+04  ,1.270607305906e-10  
  1.180320635651e+04  ,1.265088219343e-10  
  1.183041555725e+04  ,1.259591598492e-10  
  1.185768748167e+04  ,1.254117364688e-10  
  1.188502227437e+04  ,1.248665439413e-10  
  1.191242008027e+04  ,1.243235744332e-10  
  1.193988104464e+04  ,1.237828201266e-10  
  1.196740531307e+04  ,1.232442732196e-10  
  1.199499303149e+04  ,1.227079259284e-10  
  1.202264434617e+04  ,1.221737704848e-10  
  1.205035940372e+04  ,1.216417991380e-10  
  1.207813835107e+04  ,1.211120041538e-10  
  1.210598133550e+04  ,1.205843778152e-10  
  1.213388850465e+04  ,1.200589124224e-10  
  1.216186000646e+04  ,1.195356002920e-10  
  1.218989598925e+04  ,1.190144337581e-10  
  1.221799660165e+04  ,1.184954051718e-10  
  1.224616199265e+04  ,1.179785069022e-10  
  1.227439231158e+04  ,1.174637313345e-10  
  1.230268770812e+04  ,1.169510708714e-10  
  1.233104833229e+04  ,1.164405179347e-10  
  1.235947433444e+04  ,1.159320649611e-10  
  1.238796586530e+04  ,1.154257044064e-10  
  1.241652307592e+04  ,1.149214287440e-10  
  1.244514611771e+04  ,1.144192304640e-10  
  1.247383514243e+04  ,1.139191020747e-10  
  1.250259030217e+04  ,1.134210361018e-10  
  1.253141174941e+04  ,1.129250250895e-10  
  1.256029963695e+04  ,1.124310615982e-10  
  1.258925411794e+04  ,1.119391382080e-10  
  1.261827534590e+04  ,1.114492475154e-10  
  1.264736347471e+04  ,1.109613821355e-10  
  1.267651865858e+04  ,1.104755347014e-10  
  1.270574105208e+04  ,1.099916978633e-10  
  1.273503081016e+04  ,1.095098642907e-10  
  1.276438808811e+04  ,1.090300266701e-10  
  1.279381304157e+04  ,1.085521777066e-10  
  1.282330582656e+04  ,1.080763101231e-10  
  1.285286659943e+04  ,1.076024166614e-10  
  1.288249551693e+04  ,1.071304900805e-10  
  1.291219273613e+04  ,1.066605231580e-10  
  1.294195841450e+04  ,1.061925086899e-10  
  1.297179270984e+04  ,1.057264394902e-10  
  1.300169578033e+04  ,1.052623083915e-10  
  1.303166778452e+04  ,1.048001082450e-10  
  1.306170888132e+04  ,1.043398319191e-10  
  1.309181922999e+04  ,1.038814723021e-10  
  1.312199899019e+04  ,1.034250223000e-10  
  1.315224832192e+04  ,1.029704748365e-10  
  1.318256738556e+04  ,1.025178228548e-10  
  1.321295634186e+04  ,1.020670593168e-10  
  1.324341535194e+04  ,1.016181772019e-10  
  1.327394457729e+04  ,1.011711695085e-10  
  1.330454417978e+04  ,1.007260292537e-10  
  1.333521432163e+04  ,1.002827494730e-10  
  1.336595516546e+04  ,9.984132322094e-11  
  1.339676687426e+04  ,9.940174356950e-11  
  1.342764961138e+04  ,9.896400361079e-11  
  1.345860354056e+04  ,9.852809645451e-11  
  1.348962882591e+04  ,9.809401522936e-11  
  1.352072563194e+04  ,9.766175308271e-11  
  1.355189412351e+04  ,9.723130318096e-11  
  1.358313446587e+04  ,9.680265870853e-11  
  1.361444682466e+04  ,9.637581286860e-11  
  1.364583136589e+04  ,9.595075888403e-11  
  1.367728825596e+04  ,9.552748999546e-11  
  1.370881766165e+04  ,9.510599946292e-11  
  1.374041975012e+04  ,9.468628056425e-11  
  1.377209468894e+04  ,9.426832659733e-11  
  1.380384264603e+04  ,9.385213087787e-11  
  1.383566378971e+04  ,9.343768674038e-11  
  1.386755828872e+04  ,9.302498753909e-11  
  1.389952631213e+04  ,9.261402664643e-11  
  1.393156802945e+04  ,9.220479745298e-11  
  1.396368361056e+04  ,9.179729336942e-11  
  1.399587322572e+04  ,9.139150782397e-11  
  1.402813704562e+04  ,9.098743426493e-11  
  1.406047524130e+04  ,9.058506615850e-11  
  1.409288798422e+04  ,9.018439698999e-11  
  1.412537544622e+04  ,8.978542026389e-11  
  1.415793779957e+04  ,8.938812950256e-11  
  1.419057521689e+04  ,8.899251824845e-11  
  1.422328787123e+04  ,8.859858006158e-11  
  1.425607593602e+04  ,8.820630852206e-11  
  1.428893958511e+04  ,8.781569722790e-11  
  1.432187899273e+04  ,8.742673979653e-11  
  1.435489433353e+04  ,8.703942986333e-11  
  1.438798578256e+04  ,8.665376108338e-11  
  1.442115351525e+04  ,8.626972713059e-11  
  1.445439770746e+04  ,8.588732169709e-11  
  1.448771853544e+04  ,8.550653849410e-11  
  1.452111617587e+04  ,8.512737125167e-11  
  1.455459080582e+04  ,8.474981371863e-11  
  1.458814260275e+04  ,8.437385966262e-11  
  1.462177174456e+04  ,8.399950287033e-11  
  1.465547840956e+04  ,8.362673714638e-11  
  1.468926277644e+04  ,8.325555631532e-11  
  1.472312502432e+04  ,8.288595421956e-11  
  1.475706533276e+04  ,8.251792472060e-11  
  1.479108388168e+04  ,8.215146169865e-11  
  1.482518085146e+04  ,8.178655905295e-11  
  1.485935642287e+04  ,8.142321070060e-11  
  1.489361077711e+04  ,8.106141057855e-11  
  1.492794409579e+04  ,8.070115264132e-11  
  1.496235656094e+04  ,8.034243086324e-11  
  1.499684835502e+04  ,7.998523923648e-11  
  1.503141966090e+04  ,7.962957177214e-11  
  1.506607066186e+04  ,7.927542249997e-11  
  1.510080154164e+04  ,7.892278546864e-11  
  1.513561248436e+04  ,7.857165474460e-11  
  1.517050367459e+04  ,7.822202441401e-11  
  1.520547529732e+04  ,7.787388858079e-11  
  1.524052753797e+04  ,7.752724136772e-11  
  1.527566058238e+04  ,7.718207691612e-11  
  1.531087461682e+04  ,7.683838938587e-11  
  1.534616982799e+04  ,7.649617295534e-11  
  1.538154640303e+04  ,7.615542182171e-11  
  1.541700452949e+04  ,7.581613019982e-11  
  1.545254439538e+04  ,7.547829232406e-11  
  1.548816618912e+04  ,7.514190244645e-11  
  1.552387009958e+04  ,7.480695483774e-11  
  1.555965631605e+04  ,7.447344378706e-11  
  1.559552502827e+04  ,7.414136360194e-11  
  1.563147642641e+04  ,7.381070860829e-11  
  1.566751070108e+04  ,7.348147315061e-11  
  1.570362804333e+04  ,7.315365159098e-11  
  1.573982864466e+04  ,7.282723831079e-11  
  1.577611269699e+04  ,7.250222770871e-11  
  1.581248039270e+04  ,7.217861420266e-11  
  1.584893192461e+04  ,7.185639222808e-11  
  1.588546748597e+04  ,7.153555623909e-11  
  1.592208727051e+04  ,7.121610070730e-11  
  1.595879147236e+04  ,7.089802012319e-11  
  1.599558028614e+04  ,7.058130899541e-11  
  1.603245390690e+04  ,7.026596184998e-11  
  1.606941253013e+04  ,6.995197323202e-11  
  1.610645635178e+04  ,6.963933770395e-11  
  1.614358556826e+04  ,6.932804984651e-11  
  1.618080037643e+04  ,6.901810425845e-11  
  1.621810097359e+04  ,6.870949555651e-11  
  1.625548755750e+04  ,6.840221837540e-11  
  1.629296032639e+04  ,6.809626736801e-11  
  1.633051947894e+04  ,6.779163720444e-11  
  1.636816521427e+04  ,6.748832257359e-11  
  1.640589773199e+04  ,6.718631818154e-11  
  1.644371723215e+04  ,6.688561875244e-11  
  1.648162391525e+04  ,6.658621902823e-11  
  1.651961798229e+04  ,6.628811376862e-11  
  1.655769963469e+04  ,6.599129775107e-11  
  1.659586907437e+04  ,6.569576577076e-11  
  1.663412650370e+04  ,6.540151264078e-11  
  1.667247212551e+04  ,6.510853319120e-11  
  1.671090614310e+04  ,6.481682227062e-11  
  1.674942876026e+04  ,6.452637474455e-11  
  1.678804018122e+04  ,6.423718549610e-11  
  1.682674061070e+04  ,6.394924942655e-11  
  1.686553025388e+04  ,6.366256145403e-11  
  1.690440931643e+04  ,6.337711651460e-11  
  1.694337800447e+04  ,6.309290956109e-11  
  1.698243652461e+04  ,6.280993556440e-11  
  1.702158508395e+04  ,6.252818951282e-11  
  1.706082389003e+04  ,6.224766641132e-11  
  1.710015315090e+04  ,6.196836128306e-11  
  1.713957307508e+04  ,6.169026916783e-11  
  1.717908387157e+04  ,6.141338512290e-11  
  1.721868574986e+04  ,6.113770422274e-11  
  1.725837891990e+04  ,6.086322155902e-11  
  1.729816359215e+04  ,6.058993224055e-11  
  1.733803997754e+04  ,6.031783139325e-11  
  1.737800828749e+04  ,6.004691416036e-11  
  1.741806873391e+04  ,5.977717570151e-11  
  1.745822152920e+04  ,5.950861119421e-11  
  1.749846688624e+04  ,5.924121583209e-11  
  1.753880501841e+04  ,5.897498482659e-11  
  1.757923613958e+04  ,5.870991340540e-11  
  1.761976046411e+04  ,5.844599681332e-11  
  1.766037820686e+04  ,5.818323031200e-11  
  1.770108958317e+04  ,5.792160917988e-11  
  1.774189480890e+04  ,5.766112871238e-11  
  1.778279410039e+04  ,5.740178422104e-11  
  1.782378767448e+04  ,5.714357103472e-11  
  1.786487574852e+04  ,5.688648449893e-11  
  1.790605854035e+04  ,5.663051997542e-11  
  1.794733626832e+04  ,5.637567284252e-11  
  1.798870915128e+04  ,5.612193849573e-11  
  1.803017740859e+04  ,5.586931234646e-11  
  1.807174126011e+04  ,5.561778982279e-11  
  1.811340092619e+04  ,5.536736636927e-11  
  1.815515662773e+04  ,5.511803744684e-11  
  1.819700858610e+04  ,5.486979853301e-11  
  1.823895702319e+04  ,5.462264512106e-11  
  1.828100216142e+04  ,5.437657272131e-11  
  1.832314422371e+04  ,5.413157685960e-11  
  1.836538343348e+04  ,5.388765307872e-11  
  1.840772001469e+04  ,5.364479693711e-11  
  1.845015419179e+04  ,5.340300400933e-11  
  1.849268618978e+04  ,5.316226988664e-11  
  1.853531623414e+04  ,5.292259017578e-11  
  1.857804455091e+04  ,5.268396049972e-11  
  1.862087136662e+04  ,5.244637649761e-11  
  1.866379690834e+04  ,5.220983382401e-11  
  1.870682140365e+04  ,5.197432814992e-11  
  1.874994508067e+04  ,5.173985516225e-11  
  1.879316816803e+04  ,5.150641056318e-11  
  1.883649089489e+04  ,5.127399007142e-11  
  1.887991349096e+04  ,5.104258942074e-11  
  1.892343618645e+04  ,5.081220436133e-11  
  1.896705921211e+04  ,5.058283065852e-11  
  1.901078279923e+04  ,5.035446409347e-11  
  1.905460717963e+04  ,5.012710046296e-11  
  1.909853258566e+04  ,4.990073557932e-11  
  1.914255925021e+04  ,4.967536527041e-11  
  1.918668740670e+04  ,4.945098537973e-11  
  1.923091728910e+04  ,4.922759176575e-11  
  1.927524913190e+04  ,4.900518030283e-11  
  1.931968317016e+04  ,4.878374688071e-11  
  1.936421963946e+04  ,4.856328740410e-11  
  1.940885877592e+04  ,4.834379779303e-11  
  1.945360081622e+04  ,4.812527398325e-11  
  1.949844599758e+04  ,4.790771192523e-11  
  1.954339455775e+04  ,4.769110758477e-11  
  1.958844673506e+04  ,4.747545694280e-11  
  1.963360276836e+04  ,4.726075599535e-11  
  1.967886289706e+04  ,4.704700075346e-11  
  1.972422736114e+04  ,4.683418724322e-11  
  1.976969640111e+04  ,4.662231150582e-11  
  1.981527025805e+04  ,4.641136959689e-11  
  1.986094917357e+04  ,4.620135758744e-11  
  1.990673338987e+04  ,4.599227156333e-11  
  1.995262314968e+04  ,4.578410762488e-11  
  1.999861869632e+04  ,4.557686188720e-11  
  2.004472027365e+04  ,4.537053048059e-11  
  2.009092812608e+04  ,4.516510954954e-11  
  2.013724249862e+04  ,4.496059525337e-11  
  2.018366363681e+04  ,4.475698376597e-11  
  2.023019178678e+04  ,4.455427127582e-11  
  2.027682719521e+04  ,4.435245398590e-11  
  2.032357010936e+04  ,4.415152811366e-11  
  2.037042077705e+04  ,4.395148989101e-11  
  2.041737944669e+04  ,4.375233556440e-11  
  2.046444636724e+04  ,4.355406139417e-11  
  2.051162178825e+04  ,4.335666365559e-11  
  2.055890595984e+04  ,4.316013863761e-11  
  2.060629913270e+04  ,4.296448264399e-11  
  2.065380155810e+04  ,4.276969199225e-11  
  2.070141348791e+04  ,4.257576301406e-11  
  2.074913517454e+04  ,4.238269205563e-11  
  2.079696687103e+04  ,4.219047547682e-11  
  2.084490883097e+04  ,4.199910965165e-11  
  2.089296130854e+04  ,4.180859096812e-11  
  2.094112455850e+04  ,4.161891582820e-11  
  2.098939883623e+04  ,4.143008064773e-11  
  2.103778439766e+04  ,4.124208185659e-11  
  2.108628149933e+04  ,4.105491589802e-11  
  2.113489039836e+04  ,4.086857922952e-11  
  2.118361135248e+04  ,4.068306832227e-11  
  2.123244462000e+04  ,4.049837966078e-11  
  2.128139045982e+04  ,4.031450974373e-11  
  2.133044913146e+04  ,4.013145508304e-11  
  2.137962089502e+04  ,3.994921220418e-11  
  2.142890601120e+04  ,3.976777764659e-11  
  2.147830474130e+04  ,3.958714796278e-11  
  2.152781734724e+04  ,3.940731971884e-11  
  2.157744409152e+04  ,3.922828949429e-11  
  2.162718523727e+04  ,3.905005388202e-11  
  2.167704104819e+04  ,3.887260948824e-11  
  2.172701178863e+04  ,3.869595293246e-11  
  2.177709772353e+04  ,3.852008084743e-11  
  2.182729911842e+04  ,3.834498987925e-11  
  2.187761623949e+04  ,3.817067668677e-11  
  2.192804935350e+04  ,3.799713794252e-11  
  2.197859872784e+04  ,3.782437033157e-11  
  2.202926463053e+04  ,3.765237055256e-11  
  2.208004733018e+04  ,3.748113531662e-11  
  2.213094709605e+04  ,3.731066134837e-11  
  2.218196419800e+04  ,3.714094538494e-11  
  2.223309890651e+04  ,3.697198417635e-11  
  2.228435149270e+04  ,3.680377448585e-11  
  2.233572222830e+04  ,3.663631308912e-11  
  2.238721138568e+04  ,3.646959677469e-11  
  2.243881923782e+04  ,3.630362234384e-11  
  2.249054605835e+04  ,3.613838661052e-11  
  2.254239212152e+04  ,3.597388640132e-11  
  2.259435770220e+04  ,3.581011855554e-11  
  2.264644307593e+04  ,3.564707992467e-11  
  2.269864851883e+04  ,3.548476737310e-11  
  2.275097430772e+04  ,3.532317777767e-11  
  2.280342072000e+04  ,3.516230802732e-11  
  2.285598803375e+04  ,3.500215502384e-11  
  2.290867652767e+04  ,3.484271568091e-11  
  2.296148648112e+04  ,3.468398692501e-11  
  2.301441817408e+04  ,3.452596569452e-11  
  2.306747188720e+04  ,3.436864894007e-11  
  2.312064790175e+04  ,3.421203362483e-11  
  2.317394649968e+04  ,3.405611672378e-11  
  2.322736796357e+04  ,3.390089522410e-11  
  2.328091257664e+04  ,3.374636612510e-11  
  2.333458062280e+04  ,3.359252643808e-11  
  2.338837238659e+04  ,3.343937318635e-11  
  2.344228815319e+04  ,3.328690340518e-11  
  2.349632820848e+04  ,3.313511414174e-11  
  2.355049283895e+04  ,3.298400245510e-11  
  2.360478233180e+04  ,3.283356541626e-11  
  2.365919697485e+04  ,3.268380010767e-11  
  2.371373705661e+04  ,3.253470362391e-11  
  2.376840286624e+04  ,3.238627307124e-11  
  2.382319469358e+04  ,3.223850556728e-11  
  2.387811282913e+04  ,3.209139824173e-11  
  2.393315756405e+04  ,3.194494823557e-11  
  2.398832919019e+04  ,3.179915270132e-11  
  2.404362800006e+04  ,3.165400880337e-11  
  2.409905428686e+04  ,3.150951371725e-11  
  2.415460834444e+04  ,3.136566463004e-11  
  2.421029046736e+04  ,3.122245874013e-11  
  2.426610095082e+04  ,3.107989325760e-11  
  2.432204009073e+04  ,3.093796540351e-11  
  2.437810818368e+04  ,3.079667241034e-11  
  2.443430552693e+04  ,3.065601152180e-11  
  2.449063241844e+04  ,3.051597999282e-11  
  2.454708915684e+04  ,3.037657508962e-11  
  2.460367604147e+04  ,3.023779408921e-11  
  2.466039337234e+04  ,3.009963428003e-11  
  2.471724145016e+04  ,2.996209296147e-11  
  2.477422057633e+04  ,2.982516744402e-11  
  2.483133105295e+04  ,2.968885504887e-11  
  2.488857318282e+04  ,2.955315310854e-11  
  2.494594726942e+04  ,2.941805896606e-11  
  2.500345361696e+04  ,2.928356997572e-11  
  2.506109253032e+04  ,2.914968350225e-11  
  2.511886431509e+04  ,2.901639692155e-11  
  2.517676927758e+04  ,2.888370761998e-11  
  2.523480772480e+04  ,2.875161299472e-11  
  2.529297996446e+04  ,2.862011045352e-11  
  2.535128630497e+04  ,2.848919741507e-11  
  2.540972705549e+04  ,2.835887130836e-11  
  2.546830252584e+04  ,2.822912957305e-11  
  2.552701302661e+04  ,2.809996965931e-11  
  2.558585886905e+04  ,2.797138902781e-11  
  2.564484036517e+04  ,2.784338514969e-11  
  2.570395782768e+04  ,2.771595550646e-11  
  2.576321157002e+04  ,2.758909759005e-11  
  2.582260190634e+04  ,2.746280890281e-11  
  2.588212915152e+04  ,2.733708695709e-11  
  2.594179362118e+04  ,2.721192927583e-11  
  2.600159563165e+04  ,2.708733339216e-11  
  2.606153549998e+04  ,2.696329684915e-11  
  2.612161354399e+04  ,2.683981720029e-11  
  2.618183008218e+04  ,2.671689200920e-11  
  2.624218543384e+04  ,2.659451884930e-11  
  2.630267991895e+04  ,2.647269530443e-11  
  2.636331385825e+04  ,2.635141896816e-11  
  2.642408757321e+04  ,2.623068744404e-11  
  2.648500138606e+04  ,2.611049834583e-11  
  2.654605561975e+04  ,2.599084929692e-11  
  2.660725059798e+04  ,2.587173793057e-11  
  2.666858664521e+04  ,2.575316189013e-11  
  2.673006408663e+04  ,2.563511882848e-11  
  2.679168324818e+04  ,2.551760640837e-11  
  2.685344445658e+04  ,2.540062230223e-11  
  2.691534803926e+04  ,2.528416419223e-11  
  2.697739432444e+04  ,2.516822977014e-11  
  2.703958364108e+04  ,2.505281673738e-11  
  2.710191631890e+04  ,2.493792280496e-11  
  2.716439268838e+04  ,2.482354569340e-11  
  2.722701308077e+04  ,2.470968313285e-11  
  2.728977782807e+04  ,2.459633286266e-11  
  2.735268726306e+04  ,2.448349263189e-11  
  2.741574171927e+04  ,2.437116019892e-11  
  2.747894153102e+04  ,2.425933333157e-11  
  2.754228703338e+04  ,2.414800980677e-11  
  2.760577856220e+04  ,2.403718741106e-11  
  2.766941645411e+04  ,2.392686393995e-11  
  2.773320104651e+04  ,2.381703719847e-11  
  2.779713267759e+04  ,2.370770500056e-11  
  2.786121168629e+04  ,2.359886516964e-11  
  2.792543841237e+04  ,2.349051553791e-11  
  2.798981319634e+04  ,2.338265394703e-11  
  2.805433637951e+04  ,2.327527824746e-11  
  2.811900830398e+04  ,2.316838629868e-11  
  2.818382931264e+04  ,2.306197596943e-11  
  2.824879974915e+04  ,2.295604513714e-11  
  2.831391995799e+04  ,2.285059168828e-11  
  2.837919028441e+04  ,2.274561351819e-11  
  2.844461107447e+04  ,2.264110853108e-11  
  2.851018267503e+04  ,2.253707463998e-11  
  2.857590543374e+04  ,2.243350976673e-11  
  2.864177969906e+04  ,2.233041184191e-11  
  2.870780582024e+04  ,2.222777880484e-11  
  2.877398414735e+04  ,2.212560860353e-11  
  2.884031503126e+04  ,2.202389919465e-11  
  2.890679882365e+04  ,2.192264854350e-11  
  2.897343587701e+04  ,2.182185462406e-11  
  2.904022654464e+04  ,2.172151541864e-11  
  2.910717118066e+04  ,2.162162891829e-11  
  2.917427014000e+04  ,2.152219312251e-11  
  2.924152377843e+04  ,2.142320603932e-11  
  2.930893245250e+04  ,2.132466568496e-11  
  2.937649651961e+04  ,2.122657008438e-11  
  2.944421633798e+04  ,2.112891727057e-11  
  2.951209226666e+04  ,2.103170528518e-11  
  2.958012466551e+04  ,2.093493217786e-11  
  2.964831389524e+04  ,2.083859600683e-11  
  2.971666031737e+04  ,2.074269483826e-11  
  2.978516429428e+04  ,2.064722674681e-11  
  2.985382618917e+04  ,2.055218981511e-11  
  2.992264636607e+04  ,2.045758213393e-11  
  2.999162518987e+04  ,2.036340180239e-11  
  3.006076302628e+04  ,2.026964692745e-11  
  3.013006024185e+04  ,2.017631562422e-11  
  3.019951720401e+04  ,2.008340601582e-11  
  3.026913428101e+04  ,1.999091623335e-11  
  3.033891184194e+04  ,1.989884441582e-11  
  3.040885025676e+04  ,1.980718871036e-11  
  3.047894989627e+04  ,1.971594727180e-11  
  3.054921113215e+04  ,1.962511826291e-11  
  3.061963433690e+04  ,1.953469985429e-11  
  3.069021988390e+04  ,1.944469022434e-11  
  3.076096814740e+04  ,1.935508755931e-11  
  3.083187950249e+04  ,1.926589005299e-11  
  3.090295432513e+04  ,1.917709590710e-11  
  3.097419299216e+04  ,1.908870333096e-11  
  3.104559588128e+04  ,1.900071054156e-11  
  3.111716337105e+04  ,1.891311576357e-11  
  3.118889584093e+04  ,1.882591722906e-11  
  3.126079367123e+04  ,1.873911317786e-11  
  3.133285724315e+04  ,1.865270185736e-11  
  3.140508693875e+04  ,1.856668152221e-11  
  3.147748314101e+04  ,1.848105043479e-11  
  3.155004623374e+04  ,1.839580686488e-11  
  3.162277660168e+04  ,1.831094908952e-11  
  3.169567463043e+04  ,1.822647539337e-11  
  3.176874070649e+04  ,1.814238406820e-11  
  3.184197521725e+04  ,1.805867341338e-11  
  3.191537855100e+04  ,1.797534173531e-11  
  3.198895109691e+04  ,1.789238734792e-11  
  3.206269324505e+04  ,1.780980857220e-11  
  3.213660538640e+04  ,1.772760373636e-11  
  3.221068791283e+04  ,1.764577117597e-11  
  3.228494121712e+04  ,1.756430923359e-11  
  3.235936569296e+04  ,1.748321625894e-11  
  3.243396173493e+04  ,1.740249060882e-11  
  3.250872973854e+04  ,1.732213064727e-11  
  3.258367010019e+04  ,1.724213474517e-11  
  3.265878321723e+04  ,1.716250128052e-11  
  3.273406948788e+04  ,1.708322863828e-11  
  3.280952931130e+04  ,1.700431521038e-11  
  3.288516308759e+04  ,1.692575939568e-11  
  3.296097121774e+04  ,1.684755959996e-11  
  3.303695410367e+04  ,1.676971423585e-11  
  3.311311214825e+04  ,1.669222172287e-11  
  3.318944575525e+04  ,1.661508048732e-11  
  3.326595532939e+04  ,1.653828896233e-11  
  3.334264127632e+04  ,1.646184558779e-11  
  3.341950400260e+04  ,1.638574881033e-11  
  3.349654391577e+04  ,1.630999708334e-11  
  3.357376142429e+04  ,1.623458886675e-11  
  3.365115693754e+04  ,1.615952262730e-11  
  3.372873086588e+04  ,1.608479683832e-11  
  3.380648362059e+04  ,1.601040997981e-11  
  3.388441561391e+04  ,1.593636053816e-11  
  3.396252725903e+04  ,1.586264700650e-11  
  3.404081897009e+04  ,1.578926788449e-11  
  3.411929116218e+04  ,1.571622167811e-11  
  3.419794425136e+04  ,1.564350689999e-11  
  3.427677865464e+04  ,1.557112206921e-11  
  3.435579478998e+04  ,1.549906571111e-11  
  3.443499307633e+04  ,1.542733635764e-11  
  3.451437393358e+04  ,1.535593254691e-11  
  3.459393778260e+04  ,1.528485282358e-11  
  3.467368504524e+04  ,1.521409573844e-11  
  3.475361614431e+04  ,1.514365984876e-11  
  3.483373150359e+04  ,1.507354371792e-11  
  3.491403154785e+04  ,1.500374591557e-11  
  3.499451670283e+04  ,1.493426501772e-11  
  3.507518739525e+04  ,1.486509960640e-11  
  3.515604405282e+04  ,1.479624826982e-11  
  3.523708710424e+04  ,1.472770960251e-11  
  3.531831697919e+04  ,1.465948220492e-11  
  3.539973410833e+04  ,1.459156468367e-11  
  3.548133892335e+04  ,1.452395565139e-11  
  3.556313185689e+04  ,1.445665372691e-11  
  3.564511334262e+04  ,1.438965753492e-11  
  3.572728381518e+04  ,1.432296570616e-11  
  3.580964371025e+04  ,1.425657687732e-11  
  3.589219346449e+04  ,1.419048969106e-11  
  3.597493351557e+04  ,1.412470279595e-11  
  3.605786430216e+04  ,1.405921484644e-11  
  3.614098626395e+04  ,1.399402450287e-11  
  3.622429984166e+04  ,1.392913043144e-11  
  3.630780547700e+04  ,1.386453130413e-11  
  3.639150361271e+04  ,1.380022579876e-11  
  3.647539469255e+04  ,1.373621259891e-11  
  3.655947916130e+04  ,1.367249039391e-11  
  3.664375746477e+04  ,1.360905787883e-11  
  3.672823004980e+04  ,1.354591375447e-11  
  3.681289736424e+04  ,1.348305672719e-11  
  3.689775985701e+04  ,1.342048550914e-11  
  3.698281797802e+04  ,1.335819881807e-11  
  3.706807217825e+04  ,1.329619537731e-11  
  3.715352290971e+04  ,1.323447391586e-11  
  3.723917062545e+04  ,1.317303316813e-11  
  3.732501577956e+04  ,1.311187187421e-11  
  3.741105882720e+04  ,1.305098877971e-11  
  3.749730022454e+04  ,1.299038263559e-11  
  3.758374042884e+04  ,1.293005219845e-11  
  3.767037989838e+04  ,1.286999623030e-11  
  3.775721909253e+04  ,1.281021349848e-11  
  3.784425847170e+04  ,1.275070277589e-11  
  3.793149849736e+04  ,1.269146284064e-11  
  3.801893963205e+04  ,1.263249247638e-11  
  3.810658233937e+04  ,1.257379047194e-11  
  3.819442708400e+04  ,1.251535562161e-11  
  3.828247433167e+04  ,1.245718672482e-11  
  3.837072454922e+04  ,1.239928258644e-11  
  3.845917820453e+04  ,1.234164201642e-11  
  3.854783576657e+04  ,1.228426383011e-11  
  3.863669770540e+04  ,1.222714684794e-11  
  3.872576449215e+04  ,1.217028989553e-11  
  3.881503659906e+04  ,1.211369180377e-11  
  3.890451449942e+04  ,1.205735140858e-11  
  3.899419866764e+04  ,1.200126755101e-11  
  3.908408957923e+04  ,1.194543907731e-11  
  3.917418771077e+04  ,1.188986483872e-11  
  3.926449353995e+04  ,1.183454369153e-11  
  3.935500754557e+04  ,1.177947449707e-11  
  3.944573020752e+04  ,1.172465612177e-11  
  3.953666200680e+04  ,1.167008743696e-11  
  3.962780342553e+04  ,1.161576731896e-11  
  3.971915494693e+04  ,1.156169464906e-11  
  3.981071705534e+04  ,1.150786831347e-11  
  3.990249023620e+04  ,1.145428720328e-11  
  3.999447497610e+04  ,1.140095021457e-11  
  4.008667176272e+04  ,1.134785624819e-11  
  4.017908108488e+04  ,1.129500420987e-11  
  4.027170343254e+04  ,1.124239301017e-11  
  4.036453929675e+04  ,1.119002156446e-11  
  4.045758916973e+04  ,1.113788879288e-11  
  4.055085354483e+04  ,1.108599362037e-11  
  4.064433291651e+04  ,1.103433497659e-11  
  4.073802778040e+04  ,1.098291179594e-11  
  4.083193863326e+04  ,1.093172301753e-11  
  4.092606597299e+04  ,1.088076758517e-11  
  4.102041029865e+04  ,1.083004444727e-11  
  4.111497211044e+04  ,1.077955255696e-11  
  4.120975190972e+04  ,1.072929087198e-11  
  4.130475019901e+04  ,1.067925835469e-11  
  4.139996748196e+04  ,1.062945397201e-11  
  4.149540426343e+04  ,1.057987669549e-11  
  4.159106104939e+04  ,1.053052550111e-11  
  4.168693834702e+04  ,1.048139936951e-11  
  4.178303666465e+04  ,1.043249728577e-11  
  4.187935651178e+04  ,1.038381823954e-11  
  4.197589839909e+04  ,1.033536122481e-11  
  4.207266283843e+04  ,1.028712524015e-11  
  4.216965034285e+04  ,1.023910928854e-11  
  4.226686142655e+04  ,1.019131237730e-11  
  4.236429660494e+04  ,1.014373351824e-11  
  4.246195639462e+04  ,1.009637172756e-11  
  4.255984131336e+04  ,1.004922602571e-11  
  4.265795188015e+04  ,1.000229543758e-11  
  4.275628861515e+04  ,9.955578992408e-12  
  4.285485203973e+04  ,9.909075723607e-12  
  4.295364267648e+04  ,9.862784669035e-12  
  4.305266104916e+04  ,9.816704870676e-12  
  4.315190768277e+04  ,9.770835374904e-12  
  4.325138310349e+04  ,9.725175232189e-12  
  4.335108783874e+04  ,9.679723497353e-12  
  4.345102241715e+04  ,9.634479229281e-12  
  4.355118736855e+04  ,9.589441491171e-12  
  4.365158322401e+04  ,9.544609350251e-12  
  4.375221051581e+04  ,9.499981878024e-12  
  4.385306977749e+04  ,9.455558150021e-12  
  4.395416154377e+04  ,9.411337245883e-12  
  4.405548635064e+04  ,9.367318249440e-12  
  4.415704473532e+04  ,9.323500248497e-12  
  4.425883723625e+04  ,9.279882334917e-12  
  4.436086439313e+04  ,9.236463604699e-12  
  4.446312674690e+04  ,9.193243157765e-12  
  4.456562483974e+04  ,9.150220098045e-12  
  4.466835921509e+04  ,9.107393533551e-12  
  4.477133041763e+04  ,9.064762576168e-12  
  4.487453899330e+04  ,9.022326341770e-12  
  4.497798548932e+04  ,8.980083950131e-12  
  4.508167045413e+04  ,8.938034525045e-12  
  4.518559443748e+04  ,8.896177194110e-12  
  4.528975799035e+04  ,8.854511088843e-12  
  4.539416166501e+04  ,8.813035344631e-12  
  4.549880601499e+04  ,8.771749100683e-12  
  4.560369159512e+04  ,8.730651500135e-12  
  4.570881896148e+04  ,8.689741689852e-12  
  4.581418867144e+04  ,8.649018820533e-12  
  4.591980128368e+04  ,8.608482046665e-12  
  4.602565735812e+04  ,8.568130526504e-12  
  4.613175745603e+04  ,8.527963422061e-12  
  4.623810213991e+04  ,8.487979899087e-12  
  4.634469197362e+04  ,8.448179127053e-12  
  4.645152752226e+04  ,8.408560279139e-12  
  4.655860935228e+04  ,8.369122532213e-12  
  4.666593803142e+04  ,8.329865066819e-12  
  4.677351412871e+04  ,8.290787067159e-12  
  4.688133821451e+04  ,8.251887721078e-12  
  4.698941086051e+04  ,8.213166220049e-12  
  4.709773263968e+04  ,8.174621759155e-12  
  4.720630412635e+04  ,8.136253537076e-12  
  4.731512589614e+04  ,8.098060756073e-12  
  4.742419852601e+04  ,8.060042621971e-12  
  4.753352259427e+04  ,8.022198344144e-12  
  4.764309868053e+04  ,7.984527135503e-12  
  4.775292736576e+04  ,7.947028212503e-12  
  4.786300923225e+04  ,7.909700795021e-12  
  4.797334486366e+04  ,7.872544106504e-12  
  4.808393484496e+04  ,7.835557373849e-12  
  4.819477976250e+04  ,7.798739827407e-12  
  4.830588020397e+04  ,7.762090700976e-12  
  4.841723675840e+04  ,7.725609231806e-12  
  4.852885001620e+04  ,7.689294660485e-12  
  4.864072056913e+04  ,7.653146231075e-12  
  4.875284901033e+04  ,7.617163191001e-12  
  4.886523593427e+04  ,7.581344791081e-12  
  4.897788193683e+04  ,7.545690285409e-12  
  4.909078761525e+04  ,7.510198931499e-12  
  4.920395356813e+04  ,7.474869990165e-12  
  4.931738039548e+04  ,7.439702725559e-12  
  4.943106869867e+04  ,7.404696405052e-12  
  4.954501908047e+04  ,7.369850299374e-12  
  4.965923214502e+04  ,7.335163682526e-12  
  4.977370849788e+04  ,7.300635831685e-12  
  4.988844874599e+04  ,7.266266027371e-12  
  5.000345349769e+04  ,7.232053553230e-12  
  5.011872336271e+04  ,7.197997696194e-12  
  5.023425895223e+04  ,7.164097746393e-12  
  5.035006087878e+04  ,7.130352997069e-12  
  5.046612975634e+04  ,7.096762744732e-12  
  5.058246620030e+04  ,7.063326288949e-12  
  5.069907082746e+04  ,7.030042932530e-12  
  5.081594425604e+04  ,6.996911981317e-12  
  5.093308710571e+04  ,6.963932744363e-12  
  5.105049999753e+04  ,6.931104533727e-12  
  5.116818355402e+04  ,6.898426664653e-12  
  5.128613839912e+04  ,6.865898455365e-12  
  5.140436515823e+04  ,6.833519227244e-12  
  5.152286445816e+04  ,6.801288304623e-12  
  5.164163692719e+04  ,6.769205014966e-12  
  5.176068319504e+04  ,6.737268688663e-12  
  5.188000389288e+04  ,6.705478659209e-12  
  5.199959965334e+04  ,6.673834262998e-12  
  5.211947111049e+04  ,6.642334839503e-12  
  5.223961889990e+04  ,6.610979731094e-12  
  5.236004365856e+04  ,6.579768283098e-12  
  5.248074602496e+04  ,6.548699843855e-12  
  5.260172663906e+04  ,6.517773764568e-12  
  5.272298614227e+04  ,6.486989399355e-12  
  5.284452517750e+04  ,6.456346105310e-12  
  5.296634438915e+04  ,6.425843242327e-12  
  5.308844442309e+04  ,6.395480173272e-12  
  5.321082592667e+04  ,6.365256263808e-12  
  5.333348954875e+04  ,6.335170882475e-12  
  5.345643593968e+04  ,6.305223400637e-12  
  5.357966575132e+04  ,6.275413192549e-12  
  5.370317963701e+04  ,6.245739635220e-12  
  5.382697825162e+04  ,6.216202108485e-12  
  5.395106225150e+04  ,6.186799994949e-12  
  5.407543229454e+04  ,6.157532680065e-12  
  5.420008904015e+04  ,6.128399551985e-12  
  5.432503314923e+04  ,6.099400001643e-12  
  5.445026528423e+04  ,6.070533422694e-12  
  5.457578610911e+04  ,6.041799211587e-12  
  5.470159628938e+04  ,6.013196767429e-12  
  5.482769649207e+04  ,5.984725492055e-12  
  5.495408738575e+04  ,5.956384789999e-12  
  5.508076964053e+04  ,5.928174068475e-12  
  5.520774392806e+04  ,5.900092737352e-12  
  5.533501092156e+04  ,5.872140209219e-12  
  5.546257129578e+04  ,5.844315899255e-12  
  5.559042572703e+04  ,5.816619225296e-12  
  5.571857489318e+04  ,5.789049607801e-12  
  5.584701947367e+04  ,5.761606469847e-12  
  5.597576014950e+04  ,5.734289237112e-12  
  5.610479760323e+04  ,5.707097337866e-12  
  5.623413251902e+04  ,5.680030202957e-12  
  5.636376558258e+04  ,5.653087265804e-12  
  5.649369748122e+04  ,5.626267962381e-12  
  5.662392890381e+04  ,5.599571731191e-12  
  5.675446054084e+04  ,5.572998013328e-12  
  5.688529308437e+04  ,5.546546252352e-12  
  5.701642722806e+04  ,5.520215894354e-12  
  5.714786366717e+04  ,5.494006387928e-12  
  5.727960309857e+04  ,5.467917184156e-12  
  5.741164622072e+04  ,5.441947736603e-12  
  5.754399373370e+04  ,5.416097501318e-12  
  5.767664633921e+04  ,5.390365936752e-12  
  5.780960474056e+04  ,5.364752503860e-12  
  5.794286964267e+04  ,5.339256666012e-12  
  5.807644175212e+04  ,5.313877889007e-12  
  5.821032177707e+04  ,5.288615641053e-12  
  5.834451042736e+04  ,5.263469392768e-12  
  5.847900841443e+04  ,5.238438617158e-12  
  5.861381645139e+04  ,5.213522789614e-12  
  5.874893525296e+04  ,5.188721387899e-12  
  5.888436553554e+04  ,5.164033892137e-12  
  5.902010801717e+04  ,5.139459784805e-12  
  5.915616341753e+04  ,5.114998550735e-12  
  5.929253245798e+04  ,5.090649677039e-12  
  5.942921586154e+04  ,5.066412653201e-12  
  5.956621435289e+04  ,5.042286970999e-12  
  5.970352865837e+04  ,5.018272124508e-12  
  5.984115950602e+04  ,4.994367610094e-12  
  5.997910762554e+04  ,4.970572926420e-12  
  6.011737374831e+04  ,4.946887574365e-12  
  6.025595860742e+04  ,4.923311057121e-12  
  6.039486293762e+04  ,4.899842880109e-12  
  6.053408747538e+04  ,4.876482550992e-12  
  6.067363295884e+04  ,4.853229579679e-12  
  6.081350012786e+04  ,4.830083478245e-12  
  6.095368972400e+04  ,4.807043761028e-12  
  6.109420249054e+04  ,4.784109944548e-12  
  6.123503917246e+04  ,4.761281547531e-12  
  6.137620051646e+04  ,4.738558090836e-12  
  6.151768727097e+04  ,4.715939097539e-12  
  6.165950018613e+04  ,4.693424092864e-12  
  6.180164001383e+04  ,4.671012604199e-12  
  6.194410750766e+04  ,4.648704161027e-12  
  6.208690342299e+04  ,4.626498295014e-12  
  6.223002851690e+04  ,4.604394539945e-12  
  6.237348354823e+04  ,4.582392431673e-12  
  6.251726927755e+04  ,4.560491508203e-12  
  6.266138646722e+04  ,4.538691309633e-12  
  6.280583588132e+04  ,4.516991378101e-12  
  6.295061828570e+04  ,4.495391257867e-12  
  6.309573444800e+04  ,4.473890495259e-12  
  6.324118513761e+04  ,4.452488638616e-12  
  6.338697112568e+04  ,4.431185238371e-12  
  6.353309318516e+04  ,4.409979846997e-12  
  6.367955209078e+04  ,4.388872018953e-12  
  6.382634861904e+04  ,4.367861310778e-12  
  6.397348354825e+04  ,4.346947280964e-12  
  6.412095765850e+04  ,4.326129490052e-12  
  6.426877173169e+04  ,4.305407500578e-12  
  6.441692655150e+04  ,4.284780877018e-12  
  6.456542290345e+04  ,4.264249185884e-12  
  6.471426157484e+04  ,4.243811995597e-12  
  6.486344335481e+04  ,4.223468876597e-12  
  6.501296903429e+04  ,4.203219401215e-12  
  6.516283940607e+04  ,4.183063143784e-12  
  6.531305526473e+04  ,4.162999680510e-12  
  6.546361740671e+04  ,4.143028589568e-12  
  6.561452663027e+04  ,4.123149451049e-12  
  6.576578373553e+04  ,4.103361846908e-12  
  6.591738952442e+04  ,4.083665361057e-12  
  6.606934480074e+04  ,4.064059579240e-12  
  6.622165037016e+04  ,4.044544089143e-12  
  6.637430704017e+04  ,4.025118480264e-12  
  6.652731562016e+04  ,4.005782344029e-12  
  6.668067692135e+04  ,3.986535273673e-12  
  6.683439175684e+04  ,3.967376864283e-12  
  6.698846094164e+04  ,3.948306712829e-12  
  6.714288529258e+04  ,3.929324418054e-12  
  6.729766562841e+04  ,3.910429580585e-12  
  6.745280276977e+04  ,3.891621802806e-12  
  6.760829753918e+04  ,3.872900688966e-12  
  6.776415076105e+04  ,3.854265845058e-12  
  6.792036326170e+04  ,3.835716878921e-12  
  6.807693586936e+04  ,3.817253400139e-12  
  6.823386941415e+04  ,3.798875020068e-12  
  6.839116472813e+04  ,3.780581351876e-12  
  6.854882264525e+04  ,3.762372010435e-12  
  6.870684400141e+04  ,3.744246612423e-12  
  6.886522963441e+04  ,3.726204776222e-12  
  6.902398038401e+04  ,3.708246121951e-12  
  6.918309709188e+04  ,3.690370271497e-12  
  6.934258060164e+04  ,3.672576848428e-12  
  6.950243175886e+04  ,3.654865478025e-12  
  6.966265141106e+04  ,3.637235787315e-12  
  6.982324040770e+04  ,3.619687404982e-12  
  6.998419960021e+04  ,3.602219961401e-12  
  7.014552984198e+04  ,3.584833088670e-12  
  7.030723198837e+04  ,3.567526420521e-12  
  7.046930689670e+04  ,3.550299592355e-12  
  7.063175542628e+04  ,3.533152241272e-12  
  7.079457843840e+04  ,3.516084005984e-12  
  7.095777679632e+04  ,3.499094526852e-12  
  7.112135136531e+04  ,3.482183445910e-12  
  7.128530301263e+04  ,3.465350406787e-12  
  7.144963260753e+04  ,3.448595054746e-12  
  7.161434102127e+04  ,3.431917036654e-12  
  7.177942912712e+04  ,3.415316001024e-12  
  7.194489780035e+04  ,3.398791597935e-12  
  7.211074791827e+04  ,3.382343479059e-12  
  7.227698036020e+04  ,3.365971297691e-12  
  7.244359600748e+04  ,3.349674708671e-12  
  7.261059574350e+04  ,3.333453368424e-12  
  7.277798045366e+04  ,3.317306934929e-12  
  7.294575102544e+04  ,3.301235067759e-12  
  7.311390834832e+04  ,3.285237428004e-12  
  7.328245331387e+04  ,3.269313678310e-12  
  7.345138681569e+04  ,3.253463482862e-12  
  7.362070974945e+04  ,3.237686507363e-12  
  7.379042301289e+04  ,3.221982419076e-12  
  7.396052750580e+04  ,3.206350886748e-12  
  7.413102413007e+04  ,3.190791580645e-12  
  7.430191378965e+04  ,3.175304172539e-12  
  7.447319739058e+04  ,3.159888335686e-12  
  7.464487584099e+04  ,3.144543744869e-12  
  7.481695005110e+04  ,3.129270076318e-12  
  7.498942093323e+04  ,3.114067007751e-12  
  7.516228940180e+04  ,3.098934218359e-12  
  7.533555637335e+04  ,3.083871388793e-12  
  7.550922276652e+04  ,3.068878201165e-12  
  7.568328950208e+04  ,3.053954339022e-12  
  7.585775750290e+04  ,3.039099487392e-12  
  7.603262769400e+04  ,3.024313332705e-12  
  7.620790100252e+04  ,3.009595562833e-12  
  7.638357835775e+04  ,2.994945867074e-12  
  7.655966069111e+04  ,2.980363936143e-12  
  7.673614893616e+04  ,2.965849462167e-12  
  7.691304402864e+04  ,2.951402138679e-12  
  7.709034690642e+04  ,2.937021660599e-12  
  7.726805850955e+04  ,2.922707724271e-12  
  7.744617978023e+04  ,2.908460027397e-12  
  7.762471166285e+04  ,2.894278269067e-12  
  7.780365510396e+04  ,2.880162149744e-12  
  7.798301105231e+04  ,2.866111371262e-12  
  7.816278045881e+04  ,2.852125636815e-12  
  7.834296427660e+04  ,2.838204650952e-12  
  7.852356346099e+04  ,2.824348119570e-12  
  7.870457896949e+04  ,2.810555749914e-12  
  7.888601176183e+04  ,2.796827250560e-12  
  7.906786279996e+04  ,2.783162331420e-12  
  7.925013304803e+04  ,2.769560703729e-12  
  7.943282347241e+04  ,2.756022080041e-12  
  7.961593504171e+04  ,2.742546174224e-12  
  7.979946872678e+04  ,2.729132701453e-12  
  7.998342550068e+04  ,2.715781378204e-12  
  8.016780633875e+04  ,2.702491922249e-12  
  8.035261221854e+04  ,2.689264052648e-12  
  8.053784411989e+04  ,2.676097489747e-12  
  8.072350302486e+04  ,2.662991955169e-12  
  8.090958991782e+04  ,2.649947171810e-12  
  8.109610578536e+04  ,2.636962863830e-12  
  8.128305161639e+04  ,2.624038756651e-12  
  8.147042840206e+04  ,2.611174576953e-12  
  8.165823713584e+04  ,2.598370052660e-12  
  8.184647881346e+04  ,2.585624912943e-12  
  8.203515443296e+04  ,2.572938888211e-12  
  8.222426499469e+04  ,2.560311710105e-12  
  8.241381150128e+04  ,2.547743111491e-12  
  8.260379495770e+04  ,2.535232826460e-12  
  8.279421637121e+04  ,2.522780590315e-12  
  8.298507675142e+04  ,2.510386139571e-12  
  8.317637711025e+04  ,2.498049211949e-12  
  8.336811846194e+04  ,2.485769546368e-12  
  8.356030182310e+04  ,2.473546882940e-12  
  8.375292821267e+04  ,2.461380962966e-12  
  8.394599865192e+04  ,2.449271528932e-12  
  8.413951416450e+04  ,2.437218324498e-12  
  8.433347577641e+04  ,2.425221094501e-12  
  8.452788451601e+04  ,2.413279584942e-12  
  8.472274141404e+04  ,2.401393542991e-12  
  8.491804750361e+04  ,2.389562716953e-12  
  8.511380382022e+04  ,2.377786856307e-12  
  8.531001140174e+04  ,2.366065711669e-12  
  8.550667128845e+04  ,2.354399034799e-12  
  8.570378452301e+04  ,2.342786578589e-12  
  8.590135215052e+04  ,2.331228097063e-12  
  8.609937521844e+04  ,2.319723345371e-12  
  8.629785477667e+04  ,2.308272079782e-12  
  8.649679187755e+04  ,2.296874057689e-12  
  8.669618757580e+04  ,2.285529037571e-12  
  8.689604292861e+04  ,2.274236779035e-12  
  8.709635899559e+04  ,2.262997042782e-12  
  8.729713683879e+04  ,2.251809590606e-12  
  8.749837752272e+04  ,2.240674185391e-12  
  8.770008211434e+04  ,2.229590591109e-12  
  8.790225168307e+04  ,2.218558572816e-12  
  8.810488730078e+04  ,2.207577896622e-12  
  8.830799004183e+04  ,2.196648329730e-12  
  8.851156098306e+04  ,2.185769640402e-12  
  8.871560120377e+04  ,2.174941597958e-12  
  8.892011178577e+04  ,2.164163972776e-12  
  8.912509381335e+04  ,2.153436536293e-12  
  8.933054837331e+04  ,2.142759060966e-12  
  8.953647655494e+04  ,2.132131320320e-12  
  8.974287945005e+04  ,2.121553088906e-12  
  8.994975815298e+04  ,2.111024142310e-12  
  9.015711376057e+04  ,2.100544257150e-12  
  9.036494737221e+04  ,2.090113211045e-12  
  9.057326008980e+04  ,2.079730782655e-12  
  9.078205301779e+04  ,2.069396751645e-12  
  9.099132726320e+04  ,2.059110898689e-12  
  9.120108393557e+04  ,2.048873005472e-12  
  9.141132414700e+04  ,2.038682854657e-12  
  9.162204901218e+04  ,2.028540229922e-12  
  9.183325964833e+04  ,2.018444915931e-12  
  9.204495717529e+04  ,2.008396698332e-12  
  9.225714271545e+04  ,1.998395363761e-12  
  9.246981739380e+04  ,1.988440699811e-12  
  9.268298233791e+04  ,1.978532495067e-12  
  9.289663867797e+04  ,1.968670539076e-12  
  9.311078754676e+04  ,1.958854622354e-12  
  9.332543007967e+04  ,1.949084536358e-12  
  9.354056741473e+04  ,1.939360073518e-12  
  9.375620069256e+04  ,1.929681027209e-12  
  9.397233105644e+04  ,1.920047191756e-12  
  9.418895965226e+04  ,1.910458362409e-12  
  9.440608762857e+04  ,1.900914335373e-12  
  9.462371613655e+04  ,1.891414907780e-12  
  9.484184633006e+04  ,1.881959877699e-12  
  9.506047936560e+04  ,1.872549044101e-12  
  9.527961640234e+04  ,1.863182206899e-12  
  9.549925860212e+04  ,1.853859166921e-12  
  9.571940712946e+04  ,1.844579725888e-12  
  9.594006315157e+04  ,1.835343686448e-12  
  9.616122783834e+04  ,1.826150852146e-12  
  9.638290236237e+04  ,1.817001027433e-12  
  9.660508789896e+04  ,1.807894017635e-12  
  9.682778562610e+04  ,1.798829628991e-12  
  9.705099672452e+04  ,1.789807668623e-12  
  9.727472237767e+04  ,1.780827944521e-12  
  9.749896377171e+04  ,1.771890265570e-12  
  9.772372209556e+04  ,1.762994441533e-12  
  9.794899854084e+04  ,1.754140283021e-12  
  9.817479430197e+04  ,1.745327601533e-12  
  9.840111057609e+04  ,1.736556209433e-12  
  9.862794856309e+04  ,1.727825919920e-12  
  9.885530946567e+04  ,1.719136547073e-12  
  9.908319448925e+04  ,1.710487905816e-12  
  9.931160484207e+04  ,1.701879811906e-12  
  9.954054173513e+04  ,1.693312081959e-12  
  9.977000638223e+04  ,1.684784533433e-12  
  9.999999999997e+04  ,1.676296984600e-12  
